partition_date,event_date,in_window_by_event_date,partner,direction,actor1_name,actor1_country,actor2_name,actor2_country,event_code,event_root_code,quad_class,goldstein,mentions,tension_contribution,is_military,is_supply,is_diplomatic,url
2026-09-07,2026-09-07,True,CHN,threat,CHINA,CHN,SOUTH KOREAN,KOR,046,04,1,7.0,4,-28.0,False,False,False,https://redstate.com/streiff/2026/09/07/canada-reboots-chinese-defense-ties-and-beijing-gets-to-write-the-press-release-n2206616
2026-09-07,2026-09-07,True,CHN,threat,CHINA,CHN,SOUTH KOREAN,KOR,046,04,1,7.0,6,-42.0,False,False,False,https://redstate.com/streiff/2026/09/07/canada-reboots-chinese-defense-ties-and-beijing-gets-to-write-the-press-release-n2206616
2026-09-07,2026-09-07,True,CHN,threat,CHINA,CHN,SAMSUNG,KOR,012,01,1,-0.4,8,3.2,False,False,False,https://www.stuff.tv/news/xiaomi-18-fold-rival-iphone-ultra-galaxy-z-fold-ultra/
2026-09-07,2026-09-07,True,CHN,threat,CHINA,CHN,SOUTH KOREA,KOR,040,04,1,1.0,1,-1.0,False,False,True,https://www.newhavenindependent.org/2026/09/07/taiwan-pavilion-makes-it-to-opening-day/
2026-09-07,2026-09-07,True,CHN,threat,CHINA,CHN,SOUTH KOREA,KOR,043,04,1,2.8,10,-28.0,False,False,False,https://expert.com.ua/221369-kitayski-virobniki-paneley-dominuyut-na-rinku-avtodispleiv.html
2026-09-07,2026-09-07,True,CHN,threat,CHINA,CHN,SAMSUNG,KOR,010,01,1,0.0,2,-0.0,False,False,False,https://www.irishtimes.com/business/2026/09/07/foldable-iphone-for-2000-first-hurdle-john-ternus-at-apple/
2026-09-07,2026-09-07,True,CHN,threat,CHINA,CHN,REPUBLIC OF KOREA,KOR,070,07,2,7.0,4,-28.0,False,False,False,https://www.spotlightnepal.com/2026/09/07/search-and-rescue-rethinking-nepals-institutional-model/
2026-09-07,2026-09-07,True,CHN,threat,CHINESE,CHN,SOUTH KOREA,KOR,150,15,4,-7.2,3,21.6,False,False,False,https://www.eastrussia.ru/news/mishustin-dal-start-dvizheniyu-po-mostu-cherez-reku-tumannuyu-na-granitse-rossii-i-kndr/
2026-09-07,2026-09-07,True,CHN,threat,CHINA,CHN,REPUBLIC OF KOREA,KOR,073,07,2,7.4,1,-7.4,False,False,False,https://www.spotlightnepal.com/2026/09/07/search-and-rescue-rethinking-nepals-institutional-model/
2026-09-07,2026-09-07,True,CHN,threat,CHINA,CHN,SOUTH KOREA,KOR,150,15,4,-7.2,3,21.6,False,False,False,https://www.eastrussia.ru/news/mishustin-dal-start-dvizheniyu-po-mostu-cherez-reku-tumannuyu-na-granitse-rossii-i-kndr/
2026-09-07,2026-09-07,True,CHN,threat,CHINA,CHN,SOUTH KOREA,KOR,073,07,2,7.4,1,-7.4,False,False,False,https://www.spotlightnepal.com/2026/09/07/search-and-rescue-rethinking-nepals-institutional-model/
2026-09-07,2026-09-07,True,CHN,threat,CHINA,CHN,REPUBLIC OF KOREA,KOR,070,07,2,7.0,6,-42.0,False,False,False,https://www.spotlightnepal.com/2026/09/07/search-and-rescue-rethinking-nepals-institutional-model/
2026-09-07,2026-09-07,True,CHN,threat,CHINA,CHN,REPUBLIC OF KOREA,KOR,073,07,2,7.4,3,-22.2,False,False,False,https://www.spotlightnepal.com/2026/09/07/search-and-rescue-rethinking-nepals-institutional-model/
2026-09-07,2026-09-07,True,CHN,threat,CHINA,CHN,SOUTH KOREA,KOR,046,04,1,7.0,4,-28.0,False,False,False,https://www.ft.lk/front-page/402-garment-factories-shut-in-Bangladesh-over-three-years/44-796929
2026-09-07,2026-09-07,True,CHN,threat,CHINESE,CHN,SOUTH KOREA,KOR,061,06,2,6.4,2,-12.8,False,True,False,https://www.farmweekly.com.au/story/9344928/south-korea-tariff-slows-beef-exports-unlike-china-collapse/
2026-09-07,2026-09-07,True,CHN,threat,CHINA,CHN,SOUTH KOREA,KOR,046,04,1,7.0,1,-7.0,False,False,False,https://www.ft.lk/front-page/402-garment-factories-shut-in-Bangladesh-over-three-years/44-796929
2026-09-07,2026-09-07,True,CHN,threat,CHINESE,CHN,SOUTH KOREA,KOR,020,02,1,3.0,8,-24.0,False,False,False,https://www.segye.com:443/newsView/20260907515276
2026-09-07,2026-09-07,True,JPN,threat,JAPAN,JPN,SOUTH KOREA,KOR,050,05,1,3.5,8,-28.0,False,False,False,https://www.punjabkesari.com/world-news/hindi-north-korean-defense-minister-denounce-us-joint-military-drills-says-will-take-necessary-measures/
2026-09-07,2026-09-07,True,JPN,threat,JAPAN,JPN,SOUTH KOREA,KOR,050,05,1,3.5,2,-7.0,False,False,False,https://www.punjabkesari.com/world-news/hindi-north-korean-defense-minister-denounce-us-joint-military-drills-says-will-take-necessary-measures/
2026-09-07,2026-09-07,True,JPN,threat,JAPAN,JPN,SOUTH KOREA,KOR,046,04,1,7.0,4,-28.0,False,False,False,https://www.ft.lk/front-page/402-garment-factories-shut-in-Bangladesh-over-three-years/44-796929
2026-09-07,2026-09-07,True,JPN,threat,JAPAN,JPN,HYUNDAI,KOR,043,04,1,2.8,3,-8.4,False,False,False,https://www.slashgear.com/2248485/most-affordable-electric-cars-2026-so-far/
2026-09-07,2026-09-07,True,JPN,threat,JAPAN,JPN,SOUTH KOREA,KOR,051,05,1,3.4,1,-3.4,False,False,False,https://www.columbian.com/news/2026/sep/07/global-shares-are-mixed-as-chipmaker-shares-rally-in-tokyo-and-seoul/
2026-09-07,2026-09-07,True,JPN,threat,JAPAN,JPN,SOUTH KOREA,KOR,061,06,2,6.4,5,-32.0,False,True,False,https://vietnamnews.vn/economy/1799059/viet-nam-seafood-exports-maintain-growth-in-august.html
2026-09-07,2026-09-07,True,JPN,threat,JAPAN,JPN,SOUTH KOREA,KOR,062,06,2,7.4,8,-59.2,False,False,False,https://en.apa.az/asia/south-korea-us-and-japan-launch-joint-military-drills-near-jeju-island-523085
2026-09-07,2026-09-07,True,JPN,threat,JAPAN,JPN,SOUTH KOREA,KOR,062,06,2,7.4,2,-14.8,False,False,False,https://en.apa.az/asia/south-korea-us-and-japan-launch-joint-military-drills-near-jeju-island-523085
2026-09-07,2026-09-07,True,JPN,threat,TOKYO,JPN,SEOUL,KOR,051,05,1,3.4,2,-6.8,False,False,False,https://www.columbian.com/news/2026/sep/07/global-shares-are-mixed-as-chipmaker-shares-rally-in-tokyo-and-seoul/
2026-09-07,2026-09-07,True,JPN,threat,JAPAN,JPN,SOUTH KOREA,KOR,040,04,1,1.0,2,-2.0,False,False,False,https://www.manilatimes.net/2026/09/07/tmt-newswire/pr-newswire/ministry-of-food-and-drug-safety-of-korea-successfully-concludes-gbc-2026-marking-a-great-leap-in-bio/2419871
2026-09-07,2026-09-07,True,JPN,threat,JAPAN,JPN,SOUTH KOREA,KOR,150,15,4,-7.2,2,14.4,False,False,False,https://news.webindia123.com/news/Articles/World/20260907/4495641.html
2026-09-07,2026-09-07,True,JPN,threat,JAPAN,JPN,SOUTH KOREA,KOR,040,04,1,1.0,2,-2.0,False,False,False,https://www.manilatimes.net/2026/09/07/tmt-newswire/pr-newswire/ministry-of-food-and-drug-safety-of-korea-successfully-concludes-gbc-2026-marking-a-great-leap-in-bio/2419871
2026-09-07,2026-09-07,True,JPN,threat,JAPAN,JPN,SOUTH KOREA,KOR,046,04,1,7.0,1,-7.0,False,False,False,https://www.ft.lk/front-page/402-garment-factories-shut-in-Bangladesh-over-three-years/44-796929
2026-09-07,2026-09-07,True,PRK,response,SOUTH KOREA,KOR,NORTH KOREAN,PRK,010,01,1,0.0,10,-0.0,False,False,False,https://www.fnnews.com/news/202610070041239453
2026-09-07,2026-09-07,True,CHN,response,SOUTH KOREAN,KOR,CHINA,CHN,046,04,1,7.0,4,-28.0,False,False,False,https://redstate.com/streiff/2026/09/07/canada-reboots-chinese-defense-ties-and-beijing-gets-to-write-the-press-release-n2206616
2026-09-07,2026-09-07,True,CHN,response,SOUTH KOREAN,KOR,CHINA,CHN,046,04,1,7.0,6,-42.0,False,False,False,https://redstate.com/streiff/2026/09/07/canada-reboots-chinese-defense-ties-and-beijing-gets-to-write-the-press-release-n2206616
2026-09-07,2026-09-07,True,USA,response,SOUTH KOREA,KOR,UNITED STATES,USA,042,04,1,1.9,1,-1.9,False,False,False,https://www.gazette-news.co.uk/news/26526112.colchester-nepalese-society-launches-nepal-flood-appeal/
2026-09-07,2026-09-07,True,USA,response,SOUTH KOREA,KOR,UNITED STATES,USA,042,04,1,1.9,1,-1.9,False,False,False,https://www.gazette-news.co.uk/news/26526112.colchester-nepalese-society-launches-nepal-flood-appeal/
2026-09-07,2026-09-07,True,USA,response,SOUTH KOREA,KOR,UNITED STATES,USA,042,04,1,1.9,3,-5.7,False,False,False,https://www.gazette-news.co.uk/news/26526112.colchester-nepalese-society-launches-nepal-flood-appeal/
2026-09-07,2026-09-07,True,USA,response,HYUNDAI,KOR,UNITED STATES,USA,084,08,2,7.0,5,-35.0,False,False,False,https://autos.yahoo.com/deals-and-buying-guides/articles/amazon-autos-heads-overseas-early-190000405.html
2026-09-07,2026-09-07,True,USA,response,SOUTH KOREA,KOR,TEXAS,USA,040,04,1,1.0,10,-10.0,False,False,False,https://www.1in.am/3755969.html
2026-09-07,2026-09-07,True,CHN,response,SOUTH KOREA,KOR,CHINA,CHN,040,04,1,1.0,1,-1.0,False,False,True,https://www.newhavenindependent.org/2026/09/07/taiwan-pavilion-makes-it-to-opening-day/
2026-09-07,2026-09-07,True,CHN,response,SOUTH KOREA,KOR,CHINA,CHN,042,04,1,1.9,10,-19.0,False,False,False,https://expert.com.ua/221369-kitayski-virobniki-paneley-dominuyut-na-rinku-avtodispleiv.html
2026-09-07,2026-09-07,True,PRK,response,SOUTH KOREA,KOR,NORTH KOREA,PRK,010,01,1,0.0,2,-0.0,False,False,False,https://www.kurv.com/north-korea-adds-second-destroyer-as-us-south-korea-and-japan-hold-military-exercise/
2026-09-07,2026-09-07,True,PRK,response,SOUTH KOREA,KOR,NORTH KOREA,PRK,010,01,1,0.0,2,-0.0,False,False,False,https://www.kurv.com/north-korea-adds-second-destroyer-as-us-south-korea-and-japan-hold-military-exercise/
2026-09-07,2026-09-07,True,USA,response,SEOUL,KOR,UNITED STATES,USA,014,01,1,0.0,10,-0.0,False,False,False,https://www.radiosvoboda.org/a/news-iran-pivdenna-koreja-ormuzka-protoka/33849406.html
2026-09-07,2026-09-07,True,USA,response,SEOUL,KOR,UNITED STATES,USA,070,07,2,7.0,6,-42.0,False,False,False,https://www.radiosvoboda.org/a/news-iran-pivdenna-koreja-ormuzka-protoka/33849406.html
2026-09-07,2026-09-07,True,USA,response,SEOUL,KOR,UNITED STATES,USA,070,07,2,7.0,4,-28.0,False,False,False,https://www.radiosvoboda.org/a/news-iran-pivdenna-koreja-ormuzka-protoka/33849406.html
2026-09-07,2026-09-07,True,RUS,response,SOUTH KOREA,KOR,RUSSIA,RUS,051,05,1,3.4,2,-6.8,False,False,False,https://www.taxydromos.gr/diethni/1363698/pio-konta-rosia-voreia-korea-egkainiasan-tin-proti-odiki-gefyra-sta-koina-synora-toys/
2026-09-07,2026-09-07,True,RUS,response,SOUTH KOREA,KOR,RUSSIA,RUS,051,05,1,3.4,2,-6.8,False,False,False,https://www.taxydromos.gr/diethni/1363698/pio-konta-rosia-voreia-korea-egkainiasan-tin-proti-odiki-gefyra-sta-koina-synora-toys/
2026-09-07,2026-09-07,True,USA,response,HYUNDAI,KOR,UNITED STATES,USA,071,07,2,7.4,4,-29.6,False,True,False,https://finance.yahoo.com/markets/stocks/articles/hyundai-august-sales-fall-14-210000415.html
2026-09-07,2026-09-07,True,JPN,response,SOUTH KOREA,KOR,JAPAN,JPN,050,05,1,3.5,8,-28.0,False,False,False,https://www.punjabkesari.com/world-news/hindi-north-korean-defense-minister-denounce-us-joint-military-drills-says-will-take-necessary-measures/
2026-09-07,2026-09-07,True,JPN,response,SOUTH KOREA,KOR,JAPAN,JPN,050,05,1,3.5,2,-7.0,False,False,False,https://www.punjabkesari.com/world-news/hindi-north-korean-defense-minister-denounce-us-joint-military-drills-says-will-take-necessary-measures/
2026-09-07,2026-09-07,True,USA,response,SOUTH KOREA,KOR,UNITED STATES,USA,090,09,2,-2.0,1,2.0,False,False,False,https://www.perthnow.com.au/news/world/nepal-floods-leave-1300-dead-and-5000-missing-as-nation-mourns-and-search-for-36-australians-continues-c-22837779
2026-09-07,2026-09-07,True,USA,response,SOUTH KOREA,KOR,UNITED STATES,USA,090,09,2,-2.0,1,2.0,False,False,False,https://www.perthnow.com.au/news/world/nepal-floods-leave-1300-dead-and-5000-missing-as-nation-mourns-and-search-for-36-australians-continues-c-22837779
2026-09-07,2026-09-07,True,USA,response,SOUTH KOREA,KOR,UNITED STATES,USA,090,09,2,-2.0,3,6.0,False,False,False,https://www.perthnow.com.au/news/world/nepal-floods-leave-1300-dead-and-5000-missing-as-nation-mourns-and-search-for-36-australians-continues-c-22837779
2026-09-07,2026-09-07,True,USA,response,SOUTH KOREA,KOR,UNITED STATES,USA,062,06,2,7.4,10,-74.0,False,False,False,https://www.azernews.az/region/263530.html
2026-09-07,2026-09-07,True,USA,response,SEOUL,KOR,UNITED STATES,USA,046,04,1,7.0,10,-70.0,False,False,False,https://www.kmib.co.kr/article/view.asp?arcid=9000009978&code=11151400&sid1=eco
2026-09-07,2026-09-07,True,USA,response,SEOUL,KOR,UNITED STATES,USA,046,04,1,7.0,10,-70.0,False,False,False,https://www.kmib.co.kr/article/view.asp?arcid=9000009978&code=11151400&sid1=eco
2026-09-07,2026-09-07,True,PRK,response,SOUTH KOREA,KOR,NORTH KOREA,PRK,042,04,1,1.9,2,-3.8,True,False,False,https://www.kob.com/ap-top-news/north-korea-adds-its-2nd-naval-destroyer-as-us-south-korea-and-japan-hold-military-exercise/
2026-09-07,2026-09-07,True,CHN,response,SOUTH KOREA,KOR,CHINA,CHN,010,01,1,0.0,1,-0.0,False,False,False,https://www.koreaherald.com/article/10865183
2026-09-07,2026-09-07,True,CHN,response,SOUTH KOREA,KOR,CHINA,CHN,020,02,1,3.0,1,-3.0,False,False,False,https://www.koreaherald.com/article/10865183
2026-09-07,2026-09-07,True,CHN,response,SOUTH KOREA,KOR,CHINA,CHN,061,06,2,6.4,2,-12.8,False,True,False,https://finance.yahoo.com/economy/articles/south-korea-exports-surpass-full-061313000.html
2026-09-07,2026-09-07,True,CHN,response,SOUTH KOREA,KOR,CHINA,CHN,073,07,2,7.4,1,-7.4,False,False,False,https://economictimes.indiatimes.com/news/international/world-news/nepal-tunnel-rescues-face-unprecedented-challenge/articleshow/133864033.cms
2026-09-07,2026-09-07,True,CHN,response,SOUTH KOREA,KOR,CHINA,CHN,073,07,2,7.4,1,-7.4,False,False,False,https://economictimes.indiatimes.com/news/international/world-news/nepal-tunnel-rescues-face-unprecedented-challenge/articleshow/133864033.cms
2026-09-07,2026-09-07,True,CHN,response,SOUTH KOREA,KOR,CHINA,CHN,046,04,1,7.0,4,-28.0,False,False,False,https://www.ft.lk/front-page/402-garment-factories-shut-in-Bangladesh-over-three-years/44-796929
2026-09-07,2026-09-07,True,CHN,response,SOUTH KOREA,KOR,CHINA,CHN,073,07,2,7.4,2,-14.8,False,False,False,https://economictimes.indiatimes.com/news/international/world-news/nepal-tunnel-rescues-face-unprecedented-challenge/articleshow/133864033.cms
2026-09-07,2026-09-07,True,CHN,response,SOUTH KOREA,KOR,CHINA,CHN,073,07,2,7.4,1,-7.4,False,False,False,https://economictimes.indiatimes.com/news/international/world-news/nepal-tunnel-rescues-face-unprecedented-challenge/articleshow/133864033.cms
2026-09-07,2026-09-07,True,PRK,response,SOUTH KOREAN,KOR,NORTH KOREA,PRK,010,01,1,0.0,4,-0.0,False,False,False,https://www.theepochtimes.com/china/as-north-korea-grooms-a-kim-heir-chinas-succession-remains-unsettled-6084139
2026-09-07,2026-09-07,True,PRK,response,SOUTH KOREAN,KOR,NORTH KOREA,PRK,010,01,1,0.0,6,-0.0,False,False,False,https://www.theepochtimes.com/china/as-north-korea-grooms-a-kim-heir-chinas-succession-remains-unsettled-6084139
2026-09-07,2026-09-07,True,CHN,response,SOUTH KOREA,KOR,CHINESE,CHN,073,07,2,7.4,4,-29.6,False,False,False,https://www.hani.co.kr/arti/international/asiapacific/1276671.html
2026-09-07,2026-09-07,True,CHN,response,SOUTH KOREA,KOR,CHINA,CHN,073,07,2,7.4,2,-14.8,False,False,False,https://www.hani.co.kr/arti/international/asiapacific/1276671.html
2026-09-07,2026-09-07,True,CHN,response,SOUTH KOREA,KOR,CHINESE,CHN,073,07,2,7.4,6,-44.4,False,False,False,https://www.hani.co.kr/arti/international/asiapacific/1276671.html
2026-09-07,2026-09-07,True,CHN,response,SEOUL,KOR,CHINA,CHN,014,01,1,0.0,8,-0.0,False,False,False,https://www.aljazeera.com/news/2026/9/7/philippines-warns-china-may-reassert-itself-amid-us-south-korea-drill-cuts
2026-09-07,2026-09-07,True,JPN,response,HYUNDAI,KOR,TOYOTA,JPN,020,02,1,3.0,5,-15.0,False,False,False,https://www.koreaherald.com/article/10865115
2026-09-07,2026-09-07,True,USA,response,SEOUL,KOR,UNITED STATES,USA,046,04,1,7.0,10,-70.0,False,False,False,https://arabic.cnn.com/middle-east/article/2026/09/07/iran-warns-south-korea-against-joining-us-operation-in-strait-of-hormuz
2026-09-07,2026-09-07,True,CHN,response,SOUTH KOREA,KOR,CHINA,CHN,046,04,1,7.0,1,-7.0,False,False,False,https://www.ft.lk/front-page/402-garment-factories-shut-in-Bangladesh-over-three-years/44-796929
2026-09-07,2026-09-07,True,JPN,response,SOUTH KOREA,KOR,JAPAN,JPN,062,06,2,7.4,8,-59.2,False,False,False,https://en.apa.az/asia/south-korea-us-and-japan-launch-joint-military-drills-near-jeju-island-523085
2026-09-07,2026-09-07,True,JPN,response,SOUTH KOREA,KOR,JAPAN,JPN,040,04,1,1.0,2,-2.0,False,False,False,https://www.manilatimes.net/2026/09/07/tmt-newswire/pr-newswire/ministry-of-food-and-drug-safety-of-korea-successfully-concludes-gbc-2026-marking-a-great-leap-in-bio/2419871
2026-09-07,2026-09-07,True,JPN,response,HYUNDAI,KOR,JAPAN,JPN,042,04,1,1.9,3,-5.7,False,False,False,https://www.slashgear.com/2248485/most-affordable-electric-cars-2026-so-far/
2026-09-07,2026-09-07,True,JPN,response,HYUNDAI,KOR,JAPAN,JPN,111,11,3,-2.0,2,4.0,False,False,False,https://www.slashgear.com/2248485/most-affordable-electric-cars-2026-so-far/
2026-09-07,2026-09-07,True,JPN,response,INCHEON,KOR,JAPAN,JPN,193,19,4,-10.0,4,40.0,False,False,False,https://biz.heraldcorp.com/article/10864709
2026-09-07,2026-09-07,True,JPN,response,SOUTH KOREA,KOR,JAPAN,JPN,046,04,1,7.0,5,-35.0,False,False,False,https://www.ft.lk/front-page/402-garment-factories-shut-in-Bangladesh-over-three-years/44-796929
2026-09-07,2026-09-07,True,JPN,response,DAEGU,KOR,JAPAN,JPN,020,02,1,3.0,2,-6.0,False,False,False,https://travelweekly.com.au/insidejapan-smashes-2025-undertourism-targets-doubles-goal-for-2026/
2026-09-07,2026-09-07,True,JPN,response,DAEGU,KOR,JAPAN,JPN,020,02,1,3.0,2,-6.0,False,False,False,https://travelweekly.com.au/insidejapan-smashes-2025-undertourism-targets-doubles-goal-for-2026/
2026-09-07,2026-09-07,True,PRK,response,SOUTH KOREA,KOR,NORTH KOREA,PRK,080,08,2,5.0,10,-50.0,False,False,False,https://www.hani.co.kr/arti/opinion/column/1276670.html
2026-09-07,2026-09-07,True,PRK,response,SOUTH KOREA,KOR,NORTH KOREA,PRK,150,15,4,-7.2,2,14.4,False,False,False,https://www.riotimesonline.com/asia-intelligence-brief-monday-september-7-2026/
2026-09-07,2026-09-07,True,PRK,response,SOUTH KOREA,KOR,NORTH KOREA,PRK,150,15,4,-7.2,6,43.2,False,False,False,https://www.riotimesonline.com/asia-intelligence-brief-monday-september-7-2026/
2026-09-07,2026-09-07,True,PRK,response,SOUTH KOREA,KOR,NORTH KOREA,PRK,112,11,3,-2.0,8,16.0,True,False,False,https://www.orlandosentinel.com/2026/09/06/north-korea-commissions-2nd-naval-destroyer-as-us-south-korea-and-japan-begin-a-military-drill/
2026-09-07,2026-09-07,True,PRK,response,SOUTH KOREA,KOR,NORTH KOREA,PRK,020,02,1,3.0,1,-3.0,False,False,False,https://www.yahoo.com/news/world/articles/north-korea-commissions-second-nuclear-082453810.html
2026-09-07,2026-09-07,True,PRK,response,SOUTH KOREA,KOR,NORTH KOREA,PRK,051,05,1,3.4,2,-6.8,True,False,False,https://www.globalsecurity.org/wmd/library/news/dprk/2026/dprk-260907-kcna01.htm
2026-09-07,2026-09-07,True,PRK,response,SOUTH KOREAN,KOR,NORTH KOREAN,PRK,010,01,1,0.0,4,-0.0,False,False,False,https://www.rozanaspokesman.com/news/world/070926/kim-jong-un-commissions-second-nuclear-destroyer-calls-for-stronger-d.html
2026-09-07,2026-09-07,True,PRK,response,SOUTH KOREA,KOR,NORTH KOREA,PRK,014,01,1,0.0,1,-0.0,False,False,False,https://www.koreatimes.co.kr/southkorea/politics/20260907/dpk-chief-pushes-constitutional-revision-leaves-presidential-term-change-open
2026-09-07,2026-09-07,True,PRK,response,SEOUL,KOR,NORTH KOREA,PRK,014,01,1,0.0,2,-0.0,False,False,False,https://www.koreatimes.co.kr/southkorea/politics/20260907/dpk-chief-pushes-constitutional-revision-leaves-presidential-term-change-open
2026-09-07,2026-09-07,True,PRK,response,SOUTH KOREA,KOR,NORTH KOREA,PRK,020,02,1,3.0,2,-6.0,False,False,False,https://www.yahoo.com/news/world/articles/north-korea-commissions-second-nuclear-082453810.html
2026-09-07,2026-09-07,True,PRK,response,SOUTH KOREA,KOR,NORTH KOREA,PRK,020,02,1,3.0,2,-6.0,False,False,False,https://www.yahoo.com/news/world/articles/north-korea-commissions-second-nuclear-082453810.html
2026-09-07,2026-09-07,True,USA,response,SOUTH KOREA,KOR,UNITED STATES,USA,070,07,2,7.0,2,-14.0,False,False,False,https://www.fnnews.com/news/202609070715082308
2026-09-07,2026-09-07,True,USA,response,SOUTH KOREA,KOR,THE US,USA,090,09,2,-2.0,1,2.0,False,False,False,https://www.asiaone.com:443/asia/nepal-holds-day-mourning-after-floods-kill-1300
2026-09-07,2026-09-07,True,RUS,response,SOUTH KOREA,KOR,RUSSIA,RUS,080,08,2,5.0,2,-10.0,False,False,False,https://www.vesti.bg/sviat/severna-koreia-i-rusiia-otkriha-pyrviia-avtomobilen-most-pomezhdu-si-6269566
2026-09-07,2026-09-07,True,RUS,response,SOUTH KOREA,KOR,RUSSIA,RUS,080,08,2,5.0,4,-20.0,False,False,False,https://www.vesti.bg/sviat/severna-koreia-i-rusiia-otkriha-pyrviia-avtomobilen-most-pomezhdu-si-6269566
2026-09-07,2026-09-07,True,USA,response,SOUTH KOREA,KOR,NETFLIX,USA,043,04,1,2.8,2,-5.6,False,False,False,https://www.edaily.co.kr/News/Read?newsId=04218086645577824&mediaCodeNo=257
2026-09-07,2026-09-07,True,USA,response,SOUTH KOREA,KOR,NVIDIA,USA,070,07,2,7.0,1,-7.0,False,False,False,https://www.theregister.com/off-prem/2026/09/07/thailand-pauses-all-datacenter-builds-and-approvals/5294688
2026-09-07,2026-09-07,True,USA,response,SOUTH KOREA,KOR,UNITED STATES,USA,020,02,1,3.0,2,-6.0,False,False,False,https://www.newspim.com/news/view/20260907000390
2026-09-07,2026-09-07,True,USA,response,SOUTH KOREA,KOR,UNITED STATES,USA,111,11,3,-2.0,2,4.0,False,False,False,https://www.fnnews.com/news/202609071827416149
2026-09-07,2026-09-07,True,USA,response,SOUTH KOREA,KOR,UNITED STATES,USA,070,07,2,7.0,8,-56.0,False,False,False,https://www.fnnews.com/news/202609070715082308
2026-09-07,2026-09-07,True,PRK,response,SOUTH KOREA,KOR,NORTH KOREA,PRK,040,04,1,1.0,4,-4.0,False,False,False,https://www.newspim.com/news/view/20260907000315
2026-09-07,2026-09-07,True,USA,response,SOUTH KOREA,KOR,REUTERS,USA,010,01,1,0.0,5,-0.0,False,False,False,https://economictimes.indiatimes.com/markets/us-stocks/wall-street-guide/global-market-south-koreas-nps-suspends-fx-hedging-as-won-hits-near-two-year-high-reports/articleshow/133868620.cms
2026-09-07,2026-09-07,True,USA,response,SOUTH KOREA,KOR,REUTERS,USA,160,16,4,-4.0,5,20.0,False,False,False,https://economictimes.indiatimes.com/markets/us-stocks/wall-street-guide/global-market-south-koreas-nps-suspends-fx-hedging-as-won-hits-near-two-year-high-reports/articleshow/133868620.cms
2026-09-07,2026-09-07,True,PRK,response,SOUTH KOREA,KOR,DPRK,PRK,052,05,1,3.5,8,-28.0,False,False,False,https://cpa.org.au/guardian/issue-2205/peace-notes/
2026-09-07,2026-09-07,True,USA,response,SOUTH KOREA,KOR,THE US,USA,090,09,2,-2.0,4,8.0,False,False,False,https://www.asiaone.com:443/asia/nepal-holds-day-mourning-after-floods-kill-1300
2026-09-07,2026-09-07,True,USA,response,SOUTH KOREA,KOR,THE US,USA,036,03,1,4.0,10,-40.0,False,False,False,https://www.just-auto.com/news/hyundai-posco-breaks-ground-on-new-auto-steel-plant-in-us/
2026-09-07,2026-09-07,True,USA,response,SOUTH KOREA,KOR,THE US,USA,071,07,2,7.4,10,-74.0,False,True,False,https://www.just-auto.com/news/hyundai-posco-breaks-ground-on-new-auto-steel-plant-in-us/
2026-09-07,2026-09-07,True,PRK,response,SOUTH KOREA,KOR,DPRK,PRK,052,05,1,3.5,2,-7.0,False,False,False,https://cpa.org.au/guardian/issue-2205/peace-notes/
2026-09-07,2026-09-07,True,JPN,response,SOUTH KOREA,KOR,JAPAN,JPN,190,19,4,-10.0,8,80.0,False,False,False,https://unn.ua/ru/news/kim-chen-in-vvyol-v-ekspluatatsiyu-vtoroi-yadernii-esminets
2026-09-07,2026-09-07,True,PRK,response,SOUTH KOREA,KOR,NORTH KOREA,PRK,150,15,4,-7.2,2,14.4,False,False,False,https://www.riotimesonline.com/asia-intelligence-brief-monday-september-7-2026/
2026-09-07,2026-09-07,True,USA,response,SOUTH KOREA,KOR,UNITED STATES,USA,062,06,2,7.4,2,-14.8,False,False,False,https://en.apa.az/asia/south-korea-us-and-japan-launch-joint-military-drills-near-jeju-island-523085
2026-09-07,2026-09-07,True,PRK,response,SOUTH KOREA,KOR,NORTH KOREA,PRK,042,04,1,1.9,2,-3.8,True,False,False,https://www.winnipegfreepress.com/world/2026/09/06/north-korea-commissions-2nd-naval-destroyer-as-us-south-korea-and-japan-begin-a-military-drill
2026-09-07,2026-09-07,True,PRK,response,SOUTH KOREA,KOR,NORTH KOREA,PRK,112,11,3,-2.0,4,8.0,True,False,False,https://www.winnipegfreepress.com/world/2026/09/06/north-korea-commissions-2nd-naval-destroyer-as-us-south-korea-and-japan-begin-a-military-drill
2026-09-07,2026-09-07,True,PRK,response,SOUTH KOREA,KOR,NORTH KOREA,PRK,112,11,3,-2.0,4,8.0,False,False,False,https://www.wsls.com/news/world/2026/09/07/north-korea-commissions-2nd-naval-destroyer-as-us-south-korea-and-japan-begin-a-military-drill/
2026-09-07,2026-09-07,True,PRK,response,SOUTH KOREAN,KOR,NORTH KOREAN,PRK,010,01,1,0.0,1,-0.0,False,False,False,https://www.rozanaspokesman.com/news/world/070926/kim-jong-un-commissions-second-nuclear-destroyer-calls-for-stronger-d.html
2026-09-07,2026-09-07,True,PRK,response,SOUTH KOREA,KOR,NORTH KOREA,PRK,112,11,3,-2.0,2,4.0,True,False,False,https://www.winnipegfreepress.com/world/2026/09/06/north-korea-commissions-2nd-naval-destroyer-as-us-south-korea-and-japan-begin-a-military-drill
2026-09-07,2026-09-07,True,USA,response,SOUTH KOREA,KOR,WASHINGTON,USA,070,07,2,7.0,2,-14.0,False,False,False,https://www.koreaherald.com/article/10865218
2026-09-07,2026-09-07,True,USA,response,SOUTH KOREA,KOR,REUTERS,USA,190,19,4,-10.0,8,80.0,False,False,False,https://informer.rs/planeta/vesti/1148460/kim-dzong-un-severna-koreja-nuklearno-oruzje
2026-09-07,2026-09-07,True,USA,response,SOUTH KOREA,KOR,UNITED STATES,USA,040,04,1,1.0,2,-2.0,False,False,False,https://www.manilatimes.net/2026/09/07/tmt-newswire/pr-newswire/ministry-of-food-and-drug-safety-of-korea-successfully-concludes-gbc-2026-marking-a-great-leap-in-bio/2419871
2026-09-07,2026-09-07,True,CHN,response,SOUTH KOREA,KOR,CHINESE,CHN,190,19,4,-10.0,3,30.0,False,False,False,https://asianews.network/suspect-in-south-korea-murder-case-killed-chinese-student-fearing-affair-would-cost-him-his-job/
2026-09-07,2026-09-07,True,USA,response,SOUTH KOREA,KOR,UNITED STATES,USA,164,16,4,-7.0,2,14.0,False,False,True,https://www.koreatimes.co.kr/foreignaffairs/others/20260907/koreas-1st-us-investment-project-stalled-over-unclear-terms
2026-09-07,2026-09-07,True,PRK,response,SOUTH KOREA,KOR,NORTH KOREA,PRK,040,04,1,1.0,4,-4.0,False,False,False,https://www.pressian.com/pages/articles/2026090712480473180
2026-09-07,2026-09-07,True,PRK,response,SOUTH KOREA,KOR,NORTH KOREA,PRK,020,02,1,3.0,1,-3.0,False,False,False,https://www.yahoo.com/news/world/articles/north-korea-commissions-second-nuclear-082453810.html
2026-09-07,2026-09-07,True,USA,response,SOUTH KOREA,KOR,JERSEY,USA,110,11,3,-2.0,6,12.0,False,False,False,https://www.busan.com/view/busan/view.php?code=2026090718371768406
2026-09-07,2026-09-07,True,USA,response,SOUTH KOREA,KOR,UNITED STATES,USA,020,02,1,3.0,2,-6.0,False,False,False,https://www.koreaherald.com/article/10865183
2026-09-07,2026-09-07,True,RUS,response,SOUTH KOREA,KOR,RUSSIA,RUS,080,08,2,5.0,2,-10.0,False,False,False,http://www.sot.com.al/forcim-i-marredhenieve-rusia-dhe-koreja-e-veriut-hapin-uren-e-pare-rrugore-ne-kufirin-mes-dy-vendeve-i5182139
2026-09-07,2026-09-07,True,RUS,response,SOUTH KOREA,KOR,RUSSIA,RUS,080,08,2,5.0,8,-40.0,False,False,False,https://www.botasot.info/evrope-bota/2525335/rusia-dhe-koreja-e-veriut-hapin-uren-e-pare-prane-kufirit-te-dy-vendeve/
2026-09-07,2026-09-07,True,RUS,response,SOUTH KOREA,KOR,RUSSIAN,RUS,043,04,1,2.8,4,-11.2,False,False,False,https://www.danas.rs/svet/rusija-norveska-bataljon/
2026-09-07,2026-09-07,True,RUS,response,SOUTH KOREA,KOR,RUSSIAN,RUS,043,04,1,2.8,6,-16.8,False,False,True,https://www.danas.rs/svet/rusija-norveska-bataljon/
2026-09-07,2026-09-07,True,RUS,response,SOUTH KOREA,KOR,RUSSIA,RUS,080,08,2,5.0,4,-20.0,False,False,False,https://www.botasot.info/evrope-bota/2525335/rusia-dhe-koreja-e-veriut-hapin-uren-e-pare-prane-kufirit-te-dy-vendeve/
2026-09-07,2026-09-07,True,RUS,response,SOUTH KOREA,KOR,RUSSIA,RUS,043,04,1,2.8,4,-11.2,False,False,True,https://www.lrt.lt/naujienos/pasaulyje/6/3045250/oficialiai-atidarytas-pirmasis-automobiliu-tiltas-tarp-rusijos-ir-siaures-korejos
2026-09-07,2026-09-07,True,RUS,response,SOUTH KOREA,KOR,RUSSIA,RUS,043,04,1,2.8,2,-5.6,False,False,True,https://www.lrt.lt/naujienos/pasaulyje/6/3045250/oficialiai-atidarytas-pirmasis-automobiliu-tiltas-tarp-rusijos-ir-siaures-korejos
2026-09-07,2026-09-07,True,PRK,response,SOUTH KOREA,KOR,NORTH KOREA,PRK,042,04,1,1.9,2,-3.8,True,False,False,https://www.orlandosentinel.com/2026/09/06/north-korea-adds-second-naval-destroyer-as-us-south-korea-and-japan-hold-military-exercise/
2026-09-07,2026-09-07,True,RUS,response,SOUTH KOREA,KOR,RUSSIAN,RUS,051,05,1,3.4,2,-6.8,False,False,False,https://www.journaldemontreal.com/2026/09/07/la-russie-et-la-coree-du-nord-inaugurent-leur-premiere-liaison-routiere
2026-09-07,2026-09-07,True,RUS,response,SOUTH KOREA,KOR,RUSSIAN,RUS,062,06,2,7.4,2,-14.8,False,False,False,https://www.journaldemontreal.com/2026/09/07/la-russie-et-la-coree-du-nord-inaugurent-leur-premiere-liaison-routiere
2026-09-07,2026-09-07,True,RUS,response,SOUTH KOREA,KOR,RUSSIAN,RUS,072,07,2,8.3,2,-16.6,False,False,False,https://www.journaldemontreal.com/2026/09/07/la-russie-et-la-coree-du-nord-inaugurent-leur-premiere-liaison-routiere
2026-09-07,2026-09-07,True,RUS,response,SOUTH KOREA,KOR,RUSSIA,RUS,080,08,2,5.0,4,-20.0,False,False,False,https://24-ore.com/rusia-dhe-koreja-e-veriut-hapin-uren-e-pare-prane-kufirit-te-dy-vendeve/
2026-09-07,2026-09-07,True,RUS,response,SOUTH KOREA,KOR,RUSSIA,RUS,080,08,2,5.0,2,-10.0,False,False,False,http://www.sot.com.al/forcim-i-marredhenieve-rusia-dhe-koreja-e-veriut-hapin-uren-e-pare-rrugore-ne-kufirin-mes-dy-vendeve-i5182139
2026-09-07,2026-09-07,True,RUS,response,SOUTH KOREA,KOR,RUSSIA,RUS,057,05,1,8.0,2,-16.0,False,False,False,https://www.15min.lt/naujiena/aktualu/pasaulis/rusai-automobiliais-gales-vaziuoti-i-siaures-koreja-57-2758644
2026-09-07,2026-09-07,True,RUS,response,SOUTH KOREA,KOR,MOSCOW,RUS,020,02,1,3.0,2,-6.0,False,False,False,https://albeu.com/lajme/bota/rusia-dhe-koreja-e-veriut-inaugurojne-uren-e-pare-rrugore-nderkufitare-mes-mundesive-ekonomike-dhe-shqetesimeve-ushtarake/1001567/
2026-09-07,2026-09-07,True,RUS,response,SOUTH KOREA,KOR,RUSSIA,RUS,072,07,2,8.3,6,-49.8,True,False,False,https://korrespondent.net/world/russia/4909605-rossyia-y-kndr-otkryly-avtomobylnyi-most
2026-09-07,2026-09-07,True,RUS,response,SOUTH KOREA,KOR,RUSSIA,RUS,080,08,2,5.0,6,-30.0,False,False,False,https://www.vesti.bg/sviat/severna-koreia-i-rusiia-otkriha-pyrviia-avtomobilen-most-pomezhdu-si-6269566
2026-09-07,2026-09-07,True,RUS,response,SOUTH KOREA,KOR,RUSSIA,RUS,072,07,2,8.3,6,-49.8,False,False,False,https://24-ore.com/rusia-dhe-koreja-e-veriut-hapin-uren-e-pare-prane-kufirit-te-dy-vendeve/
2026-09-07,2026-09-07,True,RUS,response,SOUTH KOREA,KOR,RUSSIA,RUS,080,08,2,5.0,8,-40.0,False,False,False,https://24-ore.com/rusia-dhe-koreja-e-veriut-hapin-uren-e-pare-prane-kufirit-te-dy-vendeve/
2026-09-07,2026-09-07,True,RUS,response,SOUTH KOREA,KOR,RUSSIA,RUS,057,05,1,8.0,4,-32.0,False,False,False,https://www.15min.lt/naujiena/aktualu/pasaulis/rusai-automobiliais-gales-vaziuoti-i-siaures-koreja-57-2758644
2026-09-07,2026-09-07,True,RUS,response,SOUTH KOREA,KOR,RUSSIA,RUS,072,07,2,8.3,2,-16.6,False,False,False,https://24-ore.com/rusia-dhe-koreja-e-veriut-hapin-uren-e-pare-prane-kufirit-te-dy-vendeve/
2026-09-07,2026-09-07,True,RUS,response,SOUTH KOREA,KOR,RUSSIA,RUS,080,08,2,5.0,2,-10.0,False,False,False,https://stirileprotv.ro/stiri/international/rusia-si-coreea-de-nord-au-inaugurat-primul-pod-rutier-peste-granita-comuna-un-nou-simbol-al-prieteniei-foto.html
2026-09-07,2026-09-07,True,RUS,response,SOUTH KOREA,KOR,RUSSIA,RUS,080,08,2,5.0,2,-10.0,False,False,False,https://stirileprotv.ro/stiri/international/rusia-si-coreea-de-nord-au-inaugurat-primul-pod-rutier-peste-granita-comuna-un-nou-simbol-al-prieteniei-foto.html
2026-09-07,2026-09-07,True,USA,response,BUSAN,KOR,UNITED STATES,USA,051,05,1,3.4,10,-34.0,False,False,False,https://www.busan.com/view/busan/view.php?code=2026090718055457121
2026-09-07,2026-09-07,True,USA,response,SOUTH KOREA,KOR,UNITED STATES,USA,130,13,3,-4.4,8,35.2,False,False,False,http://www.ihalla.com/article.php?aid=1788747124790178044
2026-09-07,2026-09-07,True,JPN,response,SOUTH KOREA,KOR,JAPAN,JPN,062,06,2,7.4,2,-14.8,False,False,False,https://en.apa.az/asia/south-korea-us-and-japan-launch-joint-military-drills-near-jeju-island-523085
2026-09-07,2026-09-07,True,USA,response,SOUTH KOREA,KOR,UNITED STATES,USA,062,06,2,7.4,8,-59.2,False,False,False,https://en.apa.az/asia/south-korea-us-and-japan-launch-joint-military-drills-near-jeju-island-523085
2026-09-07,2026-09-07,True,USA,response,SEOUL,KOR,UNITED STATES,USA,125,12,3,-5.0,4,20.0,False,False,False,https://www.metrotvnews.com/read/KYVCe3Al-iran-peringatkan-korea-selatan-soal-rencana-kirim-militer-ke-selat-hormuz
2026-09-07,2026-09-07,True,USA,response,SEOUL,KOR,UNITED STATES,USA,125,12,3,-5.0,4,20.0,False,False,False,https://www.metrotvnews.com/read/KYVCe3Al-iran-peringatkan-korea-selatan-soal-rencana-kirim-militer-ke-selat-hormuz
2026-09-07,2026-09-07,True,USA,response,SOUTH KOREA,KOR,AMERICAN,USA,014,01,1,0.0,3,-0.0,True,False,False,https://www.presstv.co.uk/Detail/2026/09/07/775826/Iran-Korea-Baghaei-participation-
2026-09-07,2026-09-07,True,JPN,response,SOUTH KOREA,KOR,JAPAN,JPN,040,04,1,1.0,2,-2.0,False,False,False,https://www.manilatimes.net/2026/09/07/tmt-newswire/pr-newswire/ministry-of-food-and-drug-safety-of-korea-successfully-concludes-gbc-2026-marking-a-great-leap-in-bio/2419871
2026-09-07,2026-09-07,True,USA,response,SOUTH KOREA,KOR,UNITED STATES,USA,040,04,1,1.0,2,-2.0,False,False,False,https://www.manilatimes.net/2026/09/07/tmt-newswire/pr-newswire/ministry-of-food-and-drug-safety-of-korea-successfully-concludes-gbc-2026-marking-a-great-leap-in-bio/2419871
2026-09-07,2026-09-07,True,USA,response,SOUTH KOREA,KOR,UNITED STATES,USA,012,01,1,-0.4,4,1.6,False,False,False,https://www.keski-uusimaa.fi/uutissuomalainen/9770488
2026-09-07,2026-09-07,True,USA,response,SOUTH KOREA,KOR,UNITED STATES,USA,020,02,1,3.0,8,-24.0,False,False,False,https://www.newspim.com/news/view/20260907000390
2026-09-07,2026-09-07,True,USA,response,SOUTH KOREA,KOR,UNITED STATES,USA,111,11,3,-2.0,6,12.0,False,False,False,https://www.fnnews.com/news/202609071827416149
2026-09-07,2026-09-07,True,USA,response,BUSAN,KOR,UNITED STATES,USA,051,05,1,3.4,10,-34.0,False,False,False,https://biz.heraldcorp.com/article/10865131
2026-09-07,2026-09-07,True,JPN,response,SAMSUNG,KOR,JAPAN,JPN,111,11,3,-2.0,10,20.0,False,False,False,https://www.insight.co.kr/news/572228
2026-09-07,2026-09-07,True,USA,response,SAMSUNG,KOR,UNITED STATES,USA,111,11,3,-2.0,10,20.0,False,False,False,https://www.insight.co.kr/news/572228
2026-09-07,2026-09-07,True,USA,response,HYUNDAI,KOR,COLORADO,USA,080,08,2,5.0,10,-50.0,False,False,False,https://www.yumasun.com/news/san-luis-rio-colorado-police-briefs-sept-7/article_0c68b627-0bfe-4b0c-b0c9-0e4c4ff3bd7e.html
2026-09-07,2026-09-07,True,CHN,response,SOUTH KOREA,KOR,CHINA,CHN,010,01,1,0.0,1,-0.0,False,False,False,https://www.koreaherald.com/article/10865183
2026-09-07,2026-09-07,True,CHN,response,SOUTH KOREA,KOR,CHINA,CHN,020,02,1,3.0,1,-3.0,False,False,False,https://www.koreaherald.com/article/10865183
2026-09-07,2026-09-07,True,USA,response,SOUTH KOREA,KOR,UNITED STATES,USA,010,01,1,0.0,1,-0.0,False,False,False,https://www.koreaherald.com/article/10865183
2026-09-07,2026-09-07,True,USA,response,SOUTH KOREA,KOR,UNITED STATES,USA,010,01,1,0.0,1,-0.0,False,False,False,https://www.koreaherald.com/article/10865183
2026-09-07,2026-09-07,True,USA,response,SOUTH KOREA,KOR,TEXAS,USA,040,04,1,1.0,5,-5.0,False,False,False,https://sana.sy/en/international/2341000/
2026-09-07,2026-09-07,True,USA,response,SOUTH KOREA,KOR,UNITED STATES,USA,0311,03,1,5.2,2,-10.4,False,False,False,https://finance.yahoo.com/energy/articles/south-korea-us-agree-more-075418739.html
2026-09-07,2026-09-07,True,USA,response,SEOUL,KOR,WASHINGTON,USA,012,01,1,-0.4,4,1.6,False,False,False,https://www.koreatimes.co.kr/opinion/columns/guestcolumns/20260907/column-seoul-should-consider-joining-uk-france-led-hormuz-mission
2026-09-07,2026-09-07,True,USA,response,SEOUL,KOR,UNITED STATES,USA,112,11,3,-2.0,8,16.0,False,False,False,https://www.koreatimes.co.kr/opinion/columns/guestcolumns/20260907/column-seoul-should-consider-joining-uk-france-led-hormuz-mission
2026-09-07,2026-09-07,True,USA,response,SEOUL,KOR,WASHINGTON,USA,012,01,1,-0.4,4,1.6,False,False,False,https://www.koreatimes.co.kr/opinion/columns/guestcolumns/20260907/column-seoul-should-consider-joining-uk-france-led-hormuz-mission
2026-09-07,2026-09-07,True,USA,response,SEOUL,KOR,WASHINGTON,USA,060,06,2,6.0,20,-120.0,False,False,False,https://www.latercera.com/mundo/noticia/iran-advierte-a-corea-del-sur-de-graves-consecuencias-si-realiza-un-despliegue-militar-en-el-estrecho-de-ormuz/
2026-09-07,2026-09-07,True,USA,response,SOUTH KOREA,KOR,UNITED STATES,USA,061,06,2,6.4,10,-64.0,False,True,False,https://oilprice.com/Latest-Energy-News/World-News/South-Korea-Eyes-223-Billion-Texas-Gas-Plant-to-Power-AI-Data-Centers.html
2026-09-07,2026-09-07,True,USA,response,SOUTH KOREA,KOR,TEXAS,USA,0311,03,1,5.2,8,-41.6,False,False,False,https://finance.yahoo.com/energy/articles/south-korea-us-agree-more-075418739.html
2026-09-07,2026-09-07,True,USA,response,SOUTH KOREAN,KOR,UNITED STATES,USA,030,03,1,4.0,4,-16.0,False,False,False,https://www.wrdw.com/2026/09/07/one-year-later-no-charges-filed-hyundai-megasite-immigration-raid/
2026-09-07,2026-09-07,True,USA,response,SOUTH KOREAN,KOR,UNITED STATES,USA,030,03,1,4.0,6,-24.0,False,False,True,https://www.wrdw.com/2026/09/07/one-year-later-no-charges-filed-hyundai-megasite-immigration-raid/
2026-09-07,2026-09-07,True,USA,response,HYUNDAI,KOR,UNITED STATES,USA,042,04,1,1.9,1,-1.9,False,False,False,https://louisianaradionetwork.com/2026/09/07/5-8-billion-hyundai-steel-mill-set-to-bring-thousands-of-jobs-to-ascension-parish/
2026-09-07,2026-09-07,True,USA,response,SOUTH KOREA,KOR,UNITED STATES,USA,030,03,1,4.0,2,-8.0,False,False,False,https://finance.yahoo.com/energy/articles/south-korea-us-agree-more-075418739.html
2026-09-07,2026-09-07,True,USA,response,SEOUL,KOR,TEXAS,USA,0311,03,1,5.2,2,-10.4,False,False,False,https://finance.yahoo.com/energy/articles/south-korea-us-agree-more-075418739.html
2026-09-07,2026-09-07,True,USA,response,SOUTH KOREA,KOR,UNITED STATES,USA,040,04,1,1.0,10,-10.0,False,False,False,https://www.fnnews.com/news/202609071531119156
2026-09-07,2026-09-07,True,USA,response,SOUTH KOREA,KOR,UNITED STATES,USA,070,07,2,7.0,8,-56.0,False,False,False,https://biz.heraldcorp.com/article/10864465
2026-09-07,2026-09-07,True,PRK,threat,NORTH KOREA,PRK,SOUTH KOREA,KOR,073,07,2,7.4,4,-29.6,False,False,False,https://www.rp.pl/polityka/art45108321-rosja-i-korea-polnocna-otwieraja-nowy-most-wzmocnienie-sojuszu
2026-09-07,2026-09-07,True,PRK,threat,PYONGYANG,PRK,SOUTH KOREA,KOR,073,07,2,7.4,2,-14.8,False,False,False,https://www.rp.pl/polityka/art45108321-rosja-i-korea-polnocna-otwieraja-nowy-most-wzmocnienie-sojuszu
2026-09-07,2026-09-07,True,PRK,threat,NORTH KOREA,PRK,SOUTH KOREA,KOR,150,15,4,-7.2,2,14.4,False,False,False,https://www.taxydromos.gr/diethni/1363652/proklisi-charaktirizei-ta-koina-stratiotika-gymnasia-notioy-koreas-iaponias-ipa-i-voreia-korea/
2026-09-07,2026-09-07,True,PRK,threat,NORTH KOREA,PRK,SOUTH KOREA,KOR,072,07,2,8.3,4,-33.2,False,False,False,https://www.taxydromos.gr/diethni/1363698/pio-konta-rosia-voreia-korea-egkainiasan-tin-proti-odiki-gefyra-sta-koina-synora-toys/
2026-09-07,2026-09-07,True,PRK,threat,NORTH KOREA,PRK,SOUTH KOREA,KOR,130,13,3,-4.4,1,4.4,False,False,False,https://aa.com.tr/en/asia-pacific/north-korea-denounces-us-japan-south-korea-drills-warns-of-consequences/4050153
2026-09-07,2026-09-07,True,PRK,threat,NORTH KOREA,PRK,SOUTH KOREA,KOR,130,13,3,-4.4,4,17.6,False,False,False,https://aa.com.tr/en/asia-pacific/north-korea-denounces-us-japan-south-korea-drills-warns-of-consequences/4050153
2026-09-07,2026-09-07,True,PRK,threat,NORTH KOREA,PRK,SOUTH KOREA,KOR,150,15,4,-7.2,2,14.4,False,False,False,https://aa.com.tr/en/asia-pacific/north-korea-denounces-us-japan-south-korea-drills-warns-of-consequences/4050153
2026-09-07,2026-09-07,True,PRK,threat,NORTH KOREA,PRK,SOUTH KOREA,KOR,090,09,2,-2.0,2,4.0,True,False,False,https://www.orlandosentinel.com/2026/09/06/north-korea-commissions-2nd-naval-destroyer-as-us-south-korea-and-japan-begin-a-military-drill/
2026-09-07,2026-09-07,True,PRK,threat,PYONGYANG,PRK,SOUTH KOREA,KOR,173,17,4,-5.0,4,20.0,False,False,False,https://english.news.cn/20260907/35f04babb9084641816955cce830868c/c.html
2026-09-07,2026-09-07,True,PRK,threat,NORTH KOREA,PRK,SOUTH KOREA,KOR,111,11,3,-2.0,1,2.0,False,False,False,https://aa.com.tr/en/asia-pacific/north-korea-commissions-nuclear-capable-naval-destroyer/4049203
2026-09-07,2026-09-07,True,PRK,threat,NORTH KOREA,PRK,SOUTH KOREA,KOR,150,15,4,-7.2,2,14.4,False,False,False,https://timesofindia.indiatimes.com/world/rest-of-world/north-korea-commissions-second-5000-ton-destroyer-equipped-with-nuclear-capable-missiles/articleshow/133872315.cms
2026-09-07,2026-09-07,True,PRK,threat,NORTH KOREA,PRK,SOUTH KOREA,KOR,111,11,3,-2.0,1,2.0,False,False,False,https://aa.com.tr/en/asia-pacific/north-korea-commissions-nuclear-capable-naval-destroyer/4049203
2026-09-07,2026-09-07,True,PRK,threat,NORTH KOREA,PRK,SOUTH KOREA,KOR,080,08,2,5.0,2,-10.0,False,False,False,https://www.watson.ch/international/nordkorea/412179496-russland-und-nordkorea-eroeffnen-mit-bruecke-erste-strassenverbindung
2026-09-07,2026-09-07,True,PRK,threat,NORTH KOREA,PRK,SOUTH KOREA,KOR,040,04,1,1.0,4,-4.0,False,False,False,https://www.newspim.com/news/view/20260907000315
2026-09-07,2026-09-07,True,PRK,threat,NORTH KOREA,PRK,SOUTH KOREA,KOR,150,15,4,-7.2,2,14.4,False,False,False,https://timesofindia.indiatimes.com/world/rest-of-world/north-korea-commissions-second-5000-ton-destroyer-equipped-with-nuclear-capable-missiles/articleshow/133872315.cms
2026-09-07,2026-09-07,True,PRK,threat,DPRK,PRK,SOUTH KOREA,KOR,111,11,3,-2.0,10,20.0,False,False,False,https://iz.ru/2162344/kndr-vvela-v-sostav-vms-novyi-esminetc-kan-gon-klassa-chve-khen-izi
2026-09-07,2026-09-07,True,PRK,threat,NORTH KOREA,PRK,SOUTH KOREA,KOR,043,04,1,2.8,2,-5.6,True,False,False,https://www.winnipegfreepress.com/world/2026/09/06/north-korea-commissions-2nd-naval-destroyer-as-us-south-korea-and-japan-begin-a-military-drill
2026-09-07,2026-09-07,True,PRK,threat,NORTH KOREA,PRK,SEOUL,KOR,100,10,3,-5.0,2,10.0,False,False,False,https://www.koreaherald.com/article/10865370
2026-09-07,2026-09-07,True,PRK,threat,NORTH KOREA,PRK,SOUTH KOREA,KOR,010,01,1,0.0,4,-0.0,False,False,False,https://www.danas.rs/svet/severna-koreja-nuklearni-brod/
2026-09-07,2026-09-07,True,PRK,threat,NORTH KOREA,PRK,SOUTH KOREA,KOR,020,02,1,3.0,2,-6.0,False,False,False,https://www.fnnews.com/news/202609070550412426
2026-09-07,2026-09-07,True,PRK,threat,NORTH KOREA,PRK,SOUTH KOREA,KOR,040,04,1,1.0,4,-4.0,False,False,False,https://www.pressian.com/pages/articles/2026090712480473180
2026-09-07,2026-09-07,True,PRK,threat,NORTH KOREA,PRK,SOUTH KOREA,KOR,090,09,2,-2.0,1,2.0,True,False,False,https://isp.netscape.com:443/news/world/story/0001/20260907/5c3ab31efd058e734ac645991fd22567
2026-09-07,2026-09-07,True,PRK,threat,NORTH KOREA,PRK,SOUTH KOREA,KOR,010,01,1,0.0,1,-0.0,False,False,False,https://www.kob.com/ap-top-news/north-korea-adds-its-2nd-naval-destroyer-as-us-south-korea-and-japan-hold-military-exercise/
2026-09-07,2026-09-07,True,PRK,threat,NORTH KOREA,PRK,SOUTH KOREA,KOR,010,01,1,0.0,1,-0.0,False,False,False,https://www.kob.com/ap-top-news/north-korea-adds-its-2nd-naval-destroyer-as-us-south-korea-and-japan-hold-military-exercise/
2026-09-07,2026-09-07,True,PRK,threat,NORTH KOREA,PRK,SOUTH KOREA,KOR,043,04,1,2.8,2,-5.6,True,False,False,https://www.wsls.com/news/world/2026/09/07/north-korea-commissions-2nd-naval-destroyer-as-us-south-korea-and-japan-begin-a-military-drill/
2026-09-07,2026-09-07,True,PRK,threat,NORTH KOREA,PRK,SOUTH KOREA,KOR,173,17,4,-5.0,4,20.0,False,False,False,https://english.news.cn/20260907/35f04babb9084641816955cce830868c/c.html
2026-09-07,2026-09-07,True,PRK,threat,NORTH KOREA,PRK,SOUTH KOREA,KOR,020,02,1,3.0,2,-6.0,False,False,False,https://www.fnnews.com/news/202609070550412426
2026-09-07,2026-09-07,True,PRK,threat,NORTH KOREA,PRK,SOUTH KOREA,KOR,150,15,4,-7.2,4,28.8,False,False,False,https://timesofindia.indiatimes.com/world/rest-of-world/north-korea-commissions-second-5000-ton-destroyer-equipped-with-nuclear-capable-missiles/articleshow/133872315.cms
2026-09-07,2026-09-07,True,RUS,threat,RUSSIA,RUS,SOUTH KOREA,KOR,080,08,2,5.0,2,-10.0,False,False,False,https://rtcg.me/vijesti/svijet/880425/rusija-i-sjeverna-koreja-otvorile-prvi-drumski-most-preko-zajednicke-granice.html
2026-09-07,2026-09-07,True,RUS,threat,RUSSIAN,RUS,SOUTH KOREA,KOR,042,04,1,1.9,4,-7.6,False,False,False,https://www.danas.rs/svet/rusija-norveska-bataljon/
2026-09-07,2026-09-07,True,RUS,threat,RUSSIAN,RUS,SOUTH KOREA,KOR,042,04,1,1.9,6,-11.4,False,False,True,https://www.danas.rs/svet/rusija-norveska-bataljon/
2026-09-07,2026-09-07,True,RUS,threat,RUSSIA,RUS,SOUTH KOREA,KOR,080,08,2,5.0,2,-10.0,False,False,False,https://stirileprotv.ro/stiri/international/rusia-si-coreea-de-nord-au-inaugurat-primul-pod-rutier-peste-granita-comuna-un-nou-simbol-al-prieteniei-foto.html
2026-09-07,2026-09-07,True,RUS,threat,RUSSIA,RUS,SOUTH KOREA,KOR,080,08,2,5.0,2,-10.0,False,False,False,https://www.watson.ch/international/nordkorea/412179496-russland-und-nordkorea-eroeffnen-mit-bruecke-erste-strassenverbindung
2026-09-07,2026-09-07,True,RUS,threat,RUSSIA,RUS,SOUTH KOREA,KOR,080,08,2,5.0,2,-10.0,False,False,False,https://stirileprotv.ro/stiri/international/rusia-si-coreea-de-nord-au-inaugurat-primul-pod-rutier-peste-granita-comuna-un-nou-simbol-al-prieteniei-foto.html
2026-09-07,2026-09-07,True,RUS,threat,RUSSIA,RUS,SOUTH KOREA,KOR,086,08,2,9.0,6,-54.0,False,False,False,https://24-ore.com/rusia-dhe-koreja-e-veriut-hapin-uren-e-pare-prane-kufirit-te-dy-vendeve/
2026-09-07,2026-09-07,True,RUS,threat,RUSSIA,RUS,SOUTH KOREA,KOR,080,08,2,5.0,2,-10.0,False,False,False,https://ziare.com/rusia/inaugurare-coreea-de-nord-pod-rutier-legat-state-2034028
2026-09-07,2026-09-07,True,RUS,threat,RUSSIA,RUS,SOUTH KOREA,KOR,057,05,1,8.0,4,-32.0,False,False,False,https://www.15min.lt/naujiena/aktualu/pasaulis/rusai-automobiliais-gales-vaziuoti-i-siaures-koreja-57-2758644
2026-09-07,2026-09-07,True,RUS,threat,RUSSIA,RUS,SOUTH KOREA,KOR,080,08,2,5.0,2,-10.0,False,False,False,https://www.lrt.lt/naujienos/pasaulyje/6/3045250/oficialiai-atidarytas-pirmasis-automobiliu-tiltas-tarp-rusijos-ir-siaures-korejos
2026-09-07,2026-09-07,True,RUS,threat,RUSSIA,RUS,SOUTH KOREA,KOR,042,04,1,1.9,4,-7.6,False,False,True,https://www.lrt.lt/naujienos/pasaulyje/6/3045250/oficialiai-atidarytas-pirmasis-automobiliu-tiltas-tarp-rusijos-ir-siaures-korejos
2026-09-07,2026-09-07,True,RUS,threat,RUSSIA,RUS,SOUTH KOREA,KOR,042,04,1,1.9,2,-3.8,False,False,True,https://www.lrt.lt/naujienos/pasaulyje/6/3045250/oficialiai-atidarytas-pirmasis-automobiliu-tiltas-tarp-rusijos-ir-siaures-korejos
2026-09-07,2026-09-07,True,RUS,threat,RUSSIA,RUS,SOUTH KOREA,KOR,080,08,2,5.0,2,-10.0,False,False,False,https://www.journaldemontreal.com/2026/09/07/la-russie-et-la-coree-du-nord-inaugurent-leur-premiere-liaison-routiere
2026-09-07,2026-09-07,True,RUS,threat,RUSSIA,RUS,SOUTH KOREA,KOR,080,08,2,5.0,6,-30.0,False,False,False,https://sputnikportal.rs/20260907/otvoren-drumski-most-izmedju-rusije-i-severne-koreje-1203126517.html
2026-09-07,2026-09-07,True,RUS,threat,RUSSIA,RUS,SOUTH KOREA,KOR,080,08,2,5.0,2,-10.0,False,False,False,https://sputnik.af/20260907/25636779.html
2026-09-07,2026-09-07,True,RUS,threat,RUSSIA,RUS,SOUTH KOREA,KOR,080,08,2,5.0,2,-10.0,False,False,False,https://korrespondent.net/world/russia/4909605-rossyia-y-kndr-otkryly-avtomobylnyi-most
2026-09-07,2026-09-07,True,RUS,threat,RUSSIA,RUS,SOUTH KOREA,KOR,080,08,2,5.0,2,-10.0,False,False,False,https://24-ore.com/rusia-dhe-koreja-e-veriut-hapin-uren-e-pare-prane-kufirit-te-dy-vendeve/
2026-09-07,2026-09-07,True,RUS,threat,RUSSIA,RUS,SOUTH KOREA,KOR,080,08,2,5.0,2,-10.0,False,False,False,https://www.journaldemontreal.com/2026/09/07/la-russie-et-la-coree-du-nord-inaugurent-leur-premiere-liaison-routiere
2026-09-07,2026-09-07,True,RUS,threat,RUSSIA,RUS,SOUTH KOREA,KOR,080,08,2,5.0,2,-10.0,False,False,False,https://www.express.pk/story/2831362/russia-and-north-korea-open-first-road-bridge-2831362
2026-09-07,2026-09-07,True,RUS,threat,RUSSIA,RUS,SOUTH KOREA,KOR,080,08,2,5.0,8,-40.0,False,False,False,https://top-channel.tv/2026/09/07/rusia-dhe-koreja-e-veriut-hapin-uren-e-pare-rrugore-ne-kufirin-mes-dy-vendeve-por-cfare-fshihet-pas-ketij-veprimi/
2026-09-07,2026-09-07,True,RUS,threat,RUSSIA,RUS,SOUTH KOREA,KOR,080,08,2,5.0,4,-20.0,False,False,False,https://www.botasot.info/evrope-bota/2525335/rusia-dhe-koreja-e-veriut-hapin-uren-e-pare-prane-kufirit-te-dy-vendeve/
2026-09-07,2026-09-07,True,RUS,threat,RUSSIA,RUS,SOUTH KOREA,KOR,080,08,2,5.0,2,-10.0,False,False,False,https://sputnik.af/20260907/25636779.html
2026-09-07,2026-09-07,True,RUS,threat,RUSSIAN,RUS,SOUTH KOREA,KOR,080,08,2,5.0,4,-20.0,False,False,True,https://www.politika.rs/scc/clanak/783732/otvoren-drumski-most-prijateljstvo-na-granici-rusije-i-severne-koreje
2026-09-07,2026-09-07,True,RUS,threat,RUSSIA,RUS,SOUTH KOREA,KOR,080,08,2,5.0,4,-20.0,False,False,True,https://www.politika.rs/scc/clanak/783732/otvoren-drumski-most-prijateljstvo-na-granici-rusije-i-severne-koreje
2026-09-07,2026-09-07,True,RUS,threat,RUSSIA,RUS,SOUTH KOREA,KOR,080,08,2,5.0,2,-10.0,False,False,False,https://www.lrt.lt/naujienos/pasaulyje/6/3045250/oficialiai-atidarytas-pirmasis-automobiliu-tiltas-tarp-rusijos-ir-siaures-korejos
2026-09-07,2026-09-07,True,RUS,threat,RUSSIA,RUS,S KOREA,KOR,020,02,1,3.0,10,-30.0,False,False,False,https://www.bursa.ro/kyiv-independent-rusia-si-coreea-de-nord-deschid-primul-pod-rutier-transfrontalier-80161064
2026-09-07,2026-09-07,True,RUS,threat,RUSSIA,RUS,SOUTH KOREA,KOR,080,08,2,5.0,2,-10.0,False,False,False,https://ziare.com/rusia/inaugurare-coreea-de-nord-pod-rutier-legat-state-2034028
2026-09-07,2026-09-07,True,RUS,threat,RUSSIA,RUS,SOUTH KOREA,KOR,080,08,2,5.0,2,-10.0,False,False,False,https://www.express.pk/story/2831362/russia-and-north-korea-open-first-road-bridge-2831362
2026-09-07,2026-09-07,True,RUS,threat,RUSSIA,RUS,SOUTH KOREA,KOR,057,05,1,8.0,2,-16.0,False,False,False,https://www.15min.lt/naujiena/aktualu/pasaulis/rusai-automobiliais-gales-vaziuoti-i-siaures-koreja-57-2758644
2026-09-07,2026-09-07,True,RUS,threat,RUSSIA,RUS,SOUTH KOREA,KOR,080,08,2,5.0,4,-20.0,False,False,False,https://www.mediafax.ro/stirile-zilei/un-impuls-puternic-pentru-dezvoltarea-cooperarii-rusia-si-coreea-de-nord-inaugureaza-primul-pod-rutier-dintre-cele-doua-tari-23803006
2026-09-07,2026-09-07,True,RUS,threat,RUSSIA,RUS,SOUTH KOREA,KOR,086,08,2,9.0,2,-18.0,False,False,False,https://24-ore.com/rusia-dhe-koreja-e-veriut-hapin-uren-e-pare-prane-kufirit-te-dy-vendeve/
2026-09-07,2026-09-07,True,USA,threat,UNITED STATES,USA,SOUTH KOREA,KOR,043,04,1,2.8,1,-2.8,False,False,False,https://www.gazette-news.co.uk/news/26526112.colchester-nepalese-society-launches-nepal-flood-appeal/
2026-09-07,2026-09-07,True,USA,threat,DETROIT,USA,HYUNDAI,KOR,111,11,3,-2.0,5,10.0,False,False,False,https://autos.yahoo.com/deals-and-buying-guides/articles/amazon-autos-heads-overseas-early-190000405.html
2026-09-07,2026-09-07,True,USA,threat,UNITED STATES,USA,SOUTH KOREA,KOR,043,04,1,2.8,3,-8.4,False,False,False,https://www.gazette-news.co.uk/news/26526112.colchester-nepalese-society-launches-nepal-flood-appeal/
2026-09-07,2026-09-07,True,USA,threat,UNITED STATES,USA,SOUTH KOREA,KOR,043,04,1,2.8,1,-2.8,False,False,False,https://www.gazette-news.co.uk/news/26526112.colchester-nepalese-society-launches-nepal-flood-appeal/
2026-09-07,2026-09-07,True,USA,threat,TEXAS,USA,SOUTH KOREA,KOR,040,04,1,1.0,10,-10.0,False,False,False,https://www.1in.am/3755969.html
2026-09-07,2026-09-07,True,USA,threat,THE US,USA,SOUTH KOREA,KOR,110,11,3,-2.0,10,20.0,False,False,False,https://www.hankookilbo.com/news/article/A2026090710570004319
2026-09-07,2026-09-07,True,USA,threat,UNITED STATES,USA,SOUTH KOREA,KOR,046,04,1,7.0,4,-28.0,False,False,False,https://www.kmib.co.kr/article/view.asp?arcid=9000009978&code=11151400&sid1=eco
2026-09-07,2026-09-07,True,USA,threat,UNITED STATES,USA,SEOUL,KOR,046,04,1,7.0,6,-42.0,False,False,False,https://www.kmib.co.kr/article/view.asp?arcid=9000009978&code=11151400&sid1=eco
2026-09-07,2026-09-07,True,USA,threat,UNITED STATES,USA,SEOUL,KOR,046,04,1,7.0,10,-70.0,False,False,False,https://www.kmib.co.kr/article/view.asp?arcid=9000009978&code=11151400&sid1=eco
2026-09-07,2026-09-07,True,USA,threat,NVIDIA,USA,SOUTH KOREAN,KOR,013,01,1,0.4,1,-0.4,False,False,False,https://www.theregister.com/off-prem/2026/09/07/thailand-pauses-all-datacenter-builds-and-approvals/5294688
2026-09-07,2026-09-07,True,USA,threat,NVIDIA,USA,SOUTH KOREAN,KOR,013,01,1,0.4,6,-2.4,False,False,False,https://www.theregister.com/off-prem/2026/09/07/thailand-pauses-all-datacenter-builds-and-approvals/5294688
2026-09-07,2026-09-07,True,USA,threat,GOOGLE,USA,SAMSUNG,KOR,084,08,2,7.0,10,-70.0,False,False,False,https://www.bgr.com/2247187/android-phones-more-powerful-than-pixel-11/
2026-09-07,2026-09-07,True,USA,threat,UNITED STATES,USA,SOUTH KOREA,KOR,090,09,2,-2.0,2,4.0,False,False,False,https://lactualite.com/actualites/le-nepal-observe-un-jour-de-deuil-a-la-memoire-des-victimes-des-inondations/
2026-09-07,2026-09-07,True,USA,threat,WASHINGTON,USA,SOUTH KOREA,KOR,150,15,4,-7.2,3,21.6,False,False,False,https://slguardian.org/us-assures-manila-as-china-eyes-indo-pacific-openings/
2026-09-07,2026-09-07,True,USA,threat,UNITED STATES,USA,SOUTH KOREA,KOR,020,02,1,3.0,2,-6.0,False,False,False,https://ichannela.com/news/detail/000000549162.do
2026-09-07,2026-09-07,True,USA,threat,UNITED STATES,USA,SOUTH KOREA,KOR,022,02,1,3.2,8,-25.6,False,False,False,https://news.knn.co.kr/news/article_sns/1710
2026-09-07,2026-09-07,True,USA,threat,NETFLIX,USA,SOUTH KOREA,KOR,042,04,1,1.9,2,-3.8,False,False,False,https://www.edaily.co.kr/News/Read?newsId=04218086645577824&mediaCodeNo=257
2026-09-07,2026-09-07,True,USA,threat,NVIDIA,USA,SOUTH KOREA,KOR,070,07,2,7.0,1,-7.0,False,False,False,https://www.theregister.com/off-prem/2026/09/07/thailand-pauses-all-datacenter-builds-and-approvals/5294688
2026-09-07,2026-09-07,True,USA,threat,NVIDIA,USA,SOUTH KOREAN,KOR,070,07,2,7.0,6,-42.0,False,False,False,https://www.theregister.com/off-prem/2026/09/07/thailand-pauses-all-datacenter-builds-and-approvals/5294688
2026-09-07,2026-09-07,True,USA,threat,A US,USA,SOUTH KOREA,KOR,020,02,1,3.0,10,-30.0,False,False,False,https://www.segye.com:443/newsView/20260907509452
2026-09-07,2026-09-07,True,USA,threat,THE US,USA,SOUTH KOREA,KOR,036,03,1,4.0,10,-40.0,False,False,False,https://www.just-auto.com/news/hyundai-posco-breaks-ground-on-new-auto-steel-plant-in-us/
2026-09-07,2026-09-07,True,USA,threat,UNITED STATES,USA,SOUTH KOREA,KOR,020,02,1,3.0,8,-24.0,False,False,False,https://ichannela.com/news/detail/000000549162.do
2026-09-07,2026-09-07,True,USA,threat,UNITED STATES,USA,SOUTH KOREA,KOR,010,01,1,0.0,10,-0.0,False,False,False,https://www.fnnews.com/news/202609071330061015
2026-09-07,2026-09-07,True,USA,threat,UNITED STATES,USA,SOUTH KOREA,KOR,090,09,2,-2.0,6,12.0,False,False,False,https://lactualite.com/actualites/le-nepal-observe-un-jour-de-deuil-a-la-memoire-des-victimes-des-inondations/
2026-09-07,2026-09-07,True,USA,threat,UNITED STATES,USA,SOUTH KOREA,KOR,062,06,2,7.4,2,-14.8,False,False,False,https://en.apa.az/asia/south-korea-us-and-japan-launch-joint-military-drills-near-jeju-island-523085
2026-09-07,2026-09-07,True,USA,threat,UNITED STATES,USA,SOUTH KOREA,KOR,062,06,2,7.4,8,-59.2,False,False,False,https://en.apa.az/asia/south-korea-us-and-japan-launch-joint-military-drills-near-jeju-island-523085
2026-09-07,2026-09-07,True,USA,threat,UNITED STATES,USA,SOUTH KOREA,KOR,060,06,2,6.0,4,-24.0,False,False,False,https://www.huffingtonpost.kr:443/article/260245
2026-09-07,2026-09-07,True,USA,threat,REUTERS,USA,SOUTH KOREA,KOR,190,19,4,-10.0,8,80.0,False,False,False,https://informer.rs/planeta/vesti/1148460/kim-dzong-un-severna-koreja-nuklearno-oruzje
2026-09-07,2026-09-07,True,USA,threat,UNITED STATES,USA,SOUTH KOREA,KOR,040,04,1,1.0,2,-2.0,False,False,False,https://www.manilatimes.net/2026/09/07/tmt-newswire/pr-newswire/ministry-of-food-and-drug-safety-of-korea-successfully-concludes-gbc-2026-marking-a-great-leap-in-bio/2419871
2026-09-07,2026-09-07,True,USA,threat,UNITED STATES,USA,SOUTH KOREA,KOR,100,10,3,-5.0,2,10.0,False,False,False,https://www.zerohedge.com/geopolitical/iran-threatens-south-korean-assets-if-seoul-joins-hormuz-mission
2026-09-07,2026-09-07,True,USA,threat,UNITED STATES,USA,SEOUL,KOR,010,01,1,0.0,1,-0.0,False,False,False,https://www.koreatimes.co.kr/foreignaffairs/others/20260907/koreas-1st-us-investment-project-stalled-over-unclear-terms
2026-09-07,2026-09-07,True,USA,threat,UNITED STATES,USA,SEOUL,KOR,046,04,1,7.0,6,-42.0,False,False,False,https://arabic.cnn.com/middle-east/article/2026/09/07/iran-warns-south-korea-against-joining-us-operation-in-strait-of-hormuz
2026-09-07,2026-09-07,True,USA,threat,UNITED STATES,USA,SEOUL,KOR,046,04,1,7.0,4,-28.0,False,False,False,https://arabic.cnn.com/middle-east/article/2026/09/07/iran-warns-south-korea-against-joining-us-operation-in-strait-of-hormuz
2026-09-07,2026-09-07,True,USA,threat,WASHINGTON,USA,SOUTH KOREA,KOR,100,10,3,-5.0,8,40.0,False,False,False,https://www.zerohedge.com/geopolitical/iran-threatens-south-korean-assets-if-seoul-joins-hormuz-mission
2026-09-07,2026-09-07,True,USA,threat,WASHINGTON,USA,SEOUL,KOR,020,02,1,3.0,6,-18.0,False,False,False,https://www.koreaherald.com/article/10865354
2026-09-07,2026-09-07,True,USA,threat,UNITED STATES,USA,SEOUL,KOR,010,01,1,0.0,1,-0.0,False,False,False,https://www.koreatimes.co.kr/foreignaffairs/others/20260907/koreas-1st-us-investment-project-stalled-over-unclear-terms
2026-09-07,2026-09-07,True,USA,threat,UNITED STATES,USA,SOUTH KOREA,KOR,150,15,4,-7.2,2,14.4,False,False,False,https://news.webindia123.com/news/Articles/World/20260907/4495641.html
2026-09-07,2026-09-07,True,USA,threat,UNITED STATES,USA,SOUTH KOREA,KOR,130,13,3,-4.4,1,4.4,False,False,False,https://www.independent.co.uk/news/world/middle-east/iran-us-war-live-trump-hormuz-strikes-oil-tankers-b3045692.html
2026-09-07,2026-09-07,True,USA,threat,UNITED STATES,USA,SOUTH KOREA,KOR,040,04,1,1.0,1,-1.0,False,False,False,https://sana.sy/en/international/2341000/
2026-09-07,2026-09-07,True,USA,threat,TEXAS,USA,SOUTH KOREA,KOR,040,04,1,1.0,4,-4.0,False,False,False,https://sana.sy/en/international/2341000/
2026-09-07,2026-09-07,True,USA,threat,UNITED STATES,USA,SOUTH KOREA,KOR,030,03,1,4.0,2,-8.0,False,False,False,https://finance.yahoo.com/energy/articles/south-korea-us-agree-more-075418739.html
2026-09-07,2026-09-07,True,USA,threat,UNITED STATES,USA,SOUTH KOREA,KOR,040,04,1,1.0,2,-2.0,False,False,False,https://www.manilatimes.net/2026/09/07/tmt-newswire/pr-newswire/ministry-of-food-and-drug-safety-of-korea-successfully-concludes-gbc-2026-marking-a-great-leap-in-bio/2419871
2026-09-07,2026-09-07,True,USA,threat,UNITED STATES,USA,SOUTH KOREA,KOR,022,02,1,3.2,2,-6.4,False,False,False,https://news.knn.co.kr/news/article_sns/1710
2026-09-07,2026-09-07,True,USA,threat,UNITED STATES,USA,SOUTH KOREA,KOR,020,02,1,3.0,1,-3.0,False,False,False,https://www.koreaherald.com/article/10865354
2026-09-07,2026-09-07,True,USA,threat,UNITED STATES,USA,HYUNDAI,KOR,043,04,1,2.8,1,-2.8,False,False,False,https://louisianaradionetwork.com/2026/09/07/5-8-billion-hyundai-steel-mill-set-to-bring-thousands-of-jobs-to-ascension-parish/
2026-09-07,2026-09-07,True,USA,threat,UNITED STATES,USA,SOUTH KOREA,KOR,130,13,3,-4.4,1,4.4,False,False,False,https://www.independent.co.uk/news/world/middle-east/iran-us-war-live-trump-hormuz-strikes-oil-tankers-b3045692.html
2026-09-07,2026-09-07,True,USA,threat,REUTERS,USA,SOUTH KOREA,KOR,071,07,2,7.4,8,-59.2,False,True,False,https://www.klif.com/2026/09/07/south-korea-says-22-3b-texas-ai-power-deal-is-not-final-as-talks-continue/
2026-09-08,2026-09-08,True,CHN,threat,CHINA,CHN,SOUTH KOREA,KOR,114,11,3,-2.0,2,4.0,False,False,False,https://www.kmib.co.kr/article/view.asp?arcid=9000010407&code=61141111&sid1=eco
2026-09-08,2026-09-08,True,CHN,threat,CHINA,CHN,SOUTH KOREA,KOR,114,11,3,-2.0,2,4.0,False,False,False,https://www.kmib.co.kr/article/view.asp?arcid=9000010407&code=61141111&sid1=eco
2026-09-08,2026-09-08,True,CHN,threat,CHINA,CHN,SOUTH KOREA,KOR,061,06,2,6.4,3,-19.2,False,True,False,https://www.theepochtimes.com/china/chinas-exports-boom-helps-power-surplus-to-805-billion-amid-global-concerns-6084636
2026-09-08,2026-09-08,True,CHN,threat,CHINA,CHN,INCHEON,KOR,042,04,1,1.9,2,-3.8,False,False,False,https://www.wikitree.co.kr/articles/1158137
2026-09-08,2026-09-08,True,CHN,threat,CHINA,CHN,SOUTH KOREA,KOR,120,12,3,-4.0,6,24.0,False,False,False,https://mondafrique.com/decryptage/une-guerre-mondiale-a-bas-bruit/
2026-09-08,2026-09-08,True,CHN,threat,CHINA,CHN,SOUTH KOREA,KOR,061,06,2,6.4,6,-38.4,False,True,False,https://www.ddaily.co.kr:443/page/view/2026090814155777459
2026-09-08,2026-09-08,True,CHN,threat,CHINA,CHN,SOUTH KOREA,KOR,129,12,3,-5.0,6,30.0,False,False,False,https://mondafrique.com/decryptage/une-guerre-mondiale-a-bas-bruit/
2026-09-08,2026-09-08,True,CHN,threat,CHINA,CHN,SOUTH KOREA,KOR,193,19,4,-10.0,6,60.0,False,False,False,https://mondafrique.com/decryptage/une-guerre-mondiale-a-bas-bruit/
2026-09-08,2026-09-08,True,CHN,threat,CHINA,CHN,SOUTH KOREA,KOR,020,02,1,3.0,6,-18.0,False,False,False,https://www.ntvbd.com/world/news-1800249
2026-09-08,2026-09-08,True,CHN,threat,CHINA,CHN,SOUTH KOREA,KOR,020,02,1,3.0,2,-6.0,False,False,False,https://www.ntvbd.com/world/news-1800249
2026-09-08,2026-09-08,True,CHN,threat,CHINESE,CHN,REPUBLIC OF KOREA,KOR,043,04,1,2.8,10,-28.0,False,False,False,https://www.rappler.com/philippines/teodoro-criticizes-china-seoul-defense-dialogue-september-2026/
2026-09-08,2026-09-08,True,CHN,threat,CHINA,CHN,SOUTH KOREA,KOR,040,04,1,1.0,12,-12.0,False,False,False,https://womannews.net/detail.php?number=454710&thread=22r12r01
2026-09-08,2026-09-08,True,CHN,threat,CHINA,CHN,SOUTH KOREA,KOR,040,04,1,1.0,4,-4.0,False,False,False,https://womannews.net/detail.php?number=454710&thread=22r12r01
2026-09-08,2026-09-08,True,CHN,threat,CHINESE,CHN,REPUBLIC OF KOREA,KOR,043,04,1,2.8,10,-28.0,False,False,False,https://dailycaller.com/2026/09/08/phillippines-defense-chief-torches-china/
2026-09-08,2026-09-08,True,JPN,threat,JAPAN,JPN,SEOUL,KOR,042,04,1,1.9,1,-1.9,True,False,True,https://www.koreaherald.com/article/10866803
2026-09-08,2026-09-08,True,JPN,threat,JAPAN,JPN,SOUTH KOREA,KOR,042,04,1,1.9,1,-1.9,False,False,False,https://www.koreaherald.com/article/10866846
2026-09-08,2026-09-08,True,JPN,threat,JAPAN,JPN,SOUTH KOREA,KOR,051,05,1,3.4,1,-3.4,False,False,False,https://www.mankatofreepress.com/news/business/ap-business-summarybrief-at-9-49-p-m-edt/article_819cc8c4-c3b5-579c-82df-45b8e3719770.html
2026-09-08,2026-09-08,True,JPN,threat,JAPAN,JPN,SOUTH KOREA,KOR,050,05,1,3.5,2,-7.0,False,False,False,https://www.haberler.com/guncel/kuzey-kore-den-guney-kore-abd-ve-japonya-nin-ortak-20218129-haberi/
2026-09-08,2026-09-08,True,JPN,threat,JAPAN,JPN,SOUTH KOREA,KOR,050,05,1,3.5,2,-7.0,True,False,False,https://www.haberler.com/guncel/kuzey-kore-den-guney-kore-abd-ve-japonya-nin-ortak-20218129-haberi/
2026-09-08,2026-09-08,True,JPN,threat,TOKYO,JPN,SEOUL,KOR,051,05,1,3.4,2,-6.8,False,False,False,https://www.mankatofreepress.com/news/business/ap-business-summarybrief-at-9-49-p-m-edt/article_819cc8c4-c3b5-579c-82df-45b8e3719770.html
2026-09-08,2026-09-08,True,JPN,threat,TOKYO,JPN,SEOUL,KOR,050,05,1,3.5,6,-21.0,False,False,False,https://www.diariopanorama.com/noticia/565720/corea-norte-desafio-estados-unidos-japon-corea-sur-tomaremos-fuertes-medidas
2026-09-08,2026-09-08,True,JPN,threat,JAPAN,JPN,SOUTH KOREA,KOR,050,05,1,3.5,3,-10.5,False,False,False,https://www.koreaherald.com/article/10866846
2026-09-08,2026-09-08,True,JPN,threat,JAPAN,JPN,SOUTH KOREA,KOR,042,04,1,1.9,1,-1.9,False,False,False,https://www.koreaherald.com/article/10866846
2026-09-08,2026-09-08,True,JPN,threat,JAPAN,JPN,SEOUL,KOR,042,04,1,1.9,1,-1.9,False,False,False,https://www.koreaherald.com/article/10866803
2026-09-08,2026-09-08,True,JPN,threat,JAPANESE,JPN,SEOUL,KOR,042,04,1,1.9,2,-3.8,True,False,True,https://www.koreaherald.com/article/10866803
2026-09-08,2026-09-08,True,JPN,threat,JAPAN,JPN,SOUTH KOREA,KOR,042,04,1,1.9,1,-1.9,False,False,False,https://www.prokerala.com/news/articles/a1809962.html
2026-09-08,2026-09-08,True,JPN,threat,JAPAN,JPN,SEOUL,KOR,010,01,1,0.0,10,-0.0,False,False,False,https://www.etoday.co.kr/news/view/2622941
2026-09-08,2026-09-08,True,JPN,threat,JAPAN,JPN,SOUTH KOREA,KOR,050,05,1,3.5,2,-7.0,False,False,False,https://www.koreaherald.com/article/10866846
2026-09-08,2026-09-08,True,JPN,threat,JAPAN,JPN,SEOUL,KOR,010,01,1,0.0,10,-0.0,False,False,False,https://www.etoday.co.kr/news/view/2622941
2026-09-08,2026-09-08,True,JPN,threat,JAPAN,JPN,SOUTH KOREA,KOR,042,04,1,1.9,1,-1.9,False,False,False,https://www.prokerala.com/news/articles/a1809962.html
2026-09-08,2026-09-08,True,JPN,threat,HITACHI,JPN,SAMSUNG,KOR,030,03,1,4.0,7,-28.0,False,False,False,https://greentechlead.com/energy-news/renewables-news-apsystems-studsvik-ge-vernova-hitachi-samsung-ct-55243
2026-09-08,2026-09-08,True,JPN,threat,JAPAN,JPN,SOUTH KOREA,KOR,050,05,1,3.5,2,-7.0,False,False,False,https://www.diariopanorama.com/noticia/565720/corea-norte-desafio-estados-unidos-japon-corea-sur-tomaremos-fuertes-medidas
2026-09-08,2026-09-08,True,USA,response,SEOUL,KOR,UNITED STATES,USA,020,02,1,3.0,1,-3.0,False,False,False,https://www.koreatimes.co.kr/world/20260909/lee-macron-back-hormuz-cooperation-stress-peaceful-multinational-mission
2026-09-08,2026-09-08,True,USA,response,SEOUL,KOR,UNITED STATES,USA,020,02,1,3.0,1,-3.0,False,False,False,https://www.koreatimes.co.kr/world/20260909/lee-macron-back-hormuz-cooperation-stress-peaceful-multinational-mission
2026-09-08,2026-09-08,True,USA,response,SEOUL,KOR,UNITED STATES,USA,070,07,2,7.0,1,-7.0,False,False,False,https://www.koreatimes.co.kr/world/20260909/lee-macron-back-hormuz-cooperation-stress-peaceful-multinational-mission
2026-09-08,2026-09-08,True,USA,response,SEOUL,KOR,UNITED STATES,USA,070,07,2,7.0,1,-7.0,False,False,False,https://www.koreatimes.co.kr/world/20260909/lee-macron-back-hormuz-cooperation-stress-peaceful-multinational-mission
2026-09-08,2026-09-08,True,CHN,response,SAMSUNG,KOR,CHINA,CHN,010,01,1,0.0,1,-0.0,False,False,False,https://www.techtimes.com/articles/326951/20260908/galaxy-z-flip-8-104999-amazon-best-price-yet-possibly-last-samsung-flip.htm
2026-09-08,2026-09-08,True,USA,response,HYUNDAI,KOR,UNITED STATES,USA,057,05,1,8.0,1,-8.0,False,False,False,https://www.wrkf.org/2026-09-08/ascension-parish-president-says-hes-not-withholding-records-while-withholding-records
2026-09-08,2026-09-08,True,USA,response,HYUNDAI,KOR,UNITED STATES,USA,057,05,1,8.0,1,-8.0,False,False,True,https://www.wrkf.org/2026-09-08/ascension-parish-president-says-hes-not-withholding-records-while-withholding-records
2026-09-08,2026-09-08,True,CHN,response,SOUTH KOREA,KOR,CHINA,CHN,051,05,1,3.4,3,-10.2,False,False,False,https://www.webpronews.com/seouls-576-billion-ai-chip-bet-samsung-and-sk-hynix-race-to-feed-an-insatiable-global-hunger/
2026-09-08,2026-09-08,True,USA,response,SOUTH KOREA,KOR,UNITED STATES,USA,060,06,2,6.0,8,-48.0,False,False,False,https://www.techradar.com/pro/south-korea-us-agree-on-usd22-billion-deal-for-6-3-gw-texas-gas-power-plant-encinal-facility-to-feed-ai-data-centers-under-washington-and-seouls-usd350-billion-pact
2026-09-08,2026-09-08,True,USA,response,SOUTH KOREA,KOR,UNITED STATES,USA,060,06,2,6.0,2,-12.0,False,False,False,https://www.techradar.com/pro/south-korea-us-agree-on-usd22-billion-deal-for-6-3-gw-texas-gas-power-plant-encinal-facility-to-feed-ai-data-centers-under-washington-and-seouls-usd350-billion-pact
2026-09-08,2026-09-08,True,USA,response,SOUTH KOREA,KOR,ALASKA,USA,061,06,2,6.4,8,-51.2,False,True,False,https://www.techradar.com/pro/south-korea-us-agree-on-usd22-billion-deal-for-6-3-gw-texas-gas-power-plant-encinal-facility-to-feed-ai-data-centers-under-washington-and-seouls-usd350-billion-pact
2026-09-08,2026-09-08,True,USA,response,SOUTH KOREA,KOR,UNITED STATES,USA,061,06,2,6.4,2,-12.8,False,True,False,https://www.techradar.com/pro/south-korea-us-agree-on-usd22-billion-deal-for-6-3-gw-texas-gas-power-plant-encinal-facility-to-feed-ai-data-centers-under-washington-and-seouls-usd350-billion-pact
2026-09-08,2026-09-08,True,USA,response,SOUTH KOREA,KOR,TEXAS,USA,070,07,2,7.0,10,-70.0,False,False,False,https://www.techradar.com/pro/south-korea-us-agree-on-usd22-billion-deal-for-6-3-gw-texas-gas-power-plant-encinal-facility-to-feed-ai-data-centers-under-washington-and-seouls-usd350-billion-pact
2026-09-08,2026-09-08,True,USA,response,SAMSUNG,KOR,TEXAS,USA,080,08,2,5.0,2,-10.0,False,False,False,https://www.independent.co.uk/news/world/americas/lg-smart-tv-listen-b3046743.html
2026-09-08,2026-09-08,True,USA,response,SAMSUNG,KOR,TEXAS,USA,080,08,2,5.0,6,-30.0,False,False,True,https://www.independent.co.uk/news/world/americas/lg-smart-tv-listen-b3046743.html
2026-09-08,2026-09-08,True,CHN,response,SAMSUNG,KOR,CHINA,CHN,111,11,3,-2.0,2,4.0,False,False,False,https://www.webpronews.com/apples-foldable-mac-ambitions-hit-roadblocks-yet-persist-behind-the-scenes/
2026-09-08,2026-09-08,True,CHN,response,SAMSUNG,KOR,CHINESE,CHN,111,11,3,-2.0,6,12.0,False,False,False,https://www.webpronews.com/apples-foldable-mac-ambitions-hit-roadblocks-yet-persist-behind-the-scenes/
2026-09-08,2026-09-08,True,JPN,response,SAMSUNG,KOR,JAPAN,JPN,192,19,4,-9.5,8,76.0,False,False,False,https://newsonjapan.com/article/150678.php
2026-09-08,2026-09-08,True,USA,response,SOUTH KOREA,KOR,UNITED STATES,USA,173,17,4,-5.0,2,10.0,False,False,False,https://www.kmib.co.kr/article/view.asp?arcid=9000010374&code=13160000&sid1=lif
2026-09-08,2026-09-08,True,USA,response,SOUTH KOREA,KOR,UNITED STATES,USA,173,17,4,-5.0,2,10.0,False,False,False,https://www.kmib.co.kr/article/view.asp?arcid=9000010374&code=13160000&sid1=lif
2026-09-08,2026-09-08,True,USA,response,SOUTH KOREA,KOR,UNITED STATES,USA,040,04,1,1.0,1,-1.0,False,False,False,https://www.koreaherald.com/article/10874600
2026-09-08,2026-09-08,True,USA,response,SAMSUNG,KOR,GOOGLE,USA,010,01,1,0.0,10,-0.0,False,False,False,https://www.itechpost.com/articles/237258/20260908/samsung-discontinuing-quick-measure-ar-doodle-apps-new-version-could-return.htm
2026-09-08,2026-09-08,True,CHN,response,INCHEON,KOR,CHINA,CHN,043,04,1,2.8,2,-5.6,False,False,False,https://www.wikitree.co.kr/articles/1158137
2026-09-08,2026-09-08,True,CHN,response,SAMSUNG,KOR,CHINESE,CHN,181,18,4,-9.0,8,72.0,False,False,False,https://www.local3news.com/regional-national/the-world-is-about-to-meet-apple-s-new-ceo-here-are-his-biggest-challenges/article_382316f7-f4e7-5141-8480-465a0e304cc5.html
2026-09-08,2026-09-08,True,CHN,response,SEOUL,KOR,CHINA,CHN,190,19,4,-10.0,4,40.0,False,False,False,https://ichannela.com/news/detail/000000549271.do
2026-09-08,2026-09-08,True,CHN,response,REPUBLIC OF KOREA,KOR,CHINESE,CHN,042,04,1,1.9,10,-19.0,False,False,False,https://www.rappler.com/philippines/teodoro-criticizes-china-seoul-defense-dialogue-september-2026/
2026-09-08,2026-09-08,True,RUS,response,SOUTH KOREA,KOR,RUSSIA,RUS,080,08,2,5.0,8,-40.0,False,False,False,https://www.abc.net.au/listen/programs/abc-news-top-stories/nth-korea-and-russia-open-first-road-bridge/107128574
2026-09-08,2026-09-08,True,RUS,response,SOUTH KOREA,KOR,RUSSIA,RUS,043,04,1,2.8,2,-5.6,False,False,False,https://listverse.com/2022/01/08/10-shocking-defections-to-north-korea/
2026-09-08,2026-09-08,True,USA,response,SEOUL,KOR,THE US,USA,120,12,3,-4.0,3,12.0,False,False,False,https://www.eurasiareview.com/08092026-south-korea-should-abstain-oped/
2026-09-08,2026-09-08,True,USA,response,SOUTH KOREAN,KOR,THE US,USA,051,05,1,3.4,2,-6.8,False,False,False,https://www.irishtimes.com/world/2026/09/08/south-korea-has-not-deployed-forces-in-the-us-iran-war-and-trumps-not-happy/
2026-09-08,2026-09-08,True,USA,response,SOUTH KOREAN,KOR,THE US,USA,051,05,1,3.4,4,-13.6,False,False,True,https://www.irishtimes.com/world/2026/09/08/south-korea-has-not-deployed-forces-in-the-us-iran-war-and-trumps-not-happy/
2026-09-08,2026-09-08,True,USA,response,SOUTH KOREA,KOR,THE US,USA,051,05,1,3.4,2,-6.8,False,False,True,https://www.irishtimes.com/world/2026/09/08/south-korea-has-not-deployed-forces-in-the-us-iran-war-and-trumps-not-happy/
2026-09-08,2026-09-08,True,USA,response,SEOUL,KOR,WASHINGTON,USA,016,01,1,-2.0,1,2.0,False,False,False,https://www.stiripesurse.ro/coreea-de-sud-a-trimis-o-echipa-pentru-a-evalua-situatia-din-stramtoarea-ormuz_3918326
2026-09-08,2026-09-08,True,JPN,response,SOUTH KOREA,KOR,JAPAN,JPN,050,05,1,3.5,2,-7.0,False,False,False,https://www.haberler.com/guncel/kuzey-kore-den-guney-kore-abd-ve-japonya-nin-ortak-20218129-haberi/
2026-09-08,2026-09-08,True,JPN,response,SOUTH KOREA,KOR,JAPAN,JPN,050,05,1,3.5,2,-7.0,True,False,False,https://www.haberler.com/guncel/kuzey-kore-den-guney-kore-abd-ve-japonya-nin-ortak-20218129-haberi/
2026-09-08,2026-09-08,True,JPN,response,SOUTH KOREA,KOR,JAPAN,JPN,100,10,3,-5.0,1,5.0,False,False,False,https://www.hani.co.kr/arti/english_edition/e_national/1276836.html
2026-09-08,2026-09-08,True,JPN,response,DAEGU,KOR,JAPAN,JPN,020,02,1,3.0,2,-6.0,False,False,False,https://travelweekly.com.au/insidejapan-smashes-undertourism-targets-doubles-goal-for-2026/
2026-09-08,2026-09-08,True,JPN,response,DAEGU,KOR,JAPAN,JPN,020,02,1,3.0,2,-6.0,False,False,False,https://travelweekly.com.au/insidejapan-smashes-undertourism-targets-doubles-goal-for-2026/
2026-09-08,2026-09-08,True,JPN,response,SEOUL,KOR,JAPAN,JPN,043,04,1,2.8,1,-2.8,True,False,True,https://www.koreaherald.com/article/10866803
2026-09-08,2026-09-08,True,PRK,response,SEOUL,KOR,PYONGYANG,PRK,046,04,1,7.0,1,-7.0,False,False,False,https://www.koreaherald.com/article/10866803
2026-09-08,2026-09-08,True,JPN,response,SEOUL,KOR,JAPAN,JPN,043,04,1,2.8,1,-2.8,False,False,False,https://www.koreaherald.com/article/10866803
2026-09-08,2026-09-08,True,JPN,response,SEOUL,KOR,JAPANESE,JPN,043,04,1,2.8,2,-5.6,True,False,True,https://www.koreaherald.com/article/10866803
2026-09-08,2026-09-08,True,USA,response,SOUTH KOREA,KOR,UNITED STATES,USA,193,19,4,-10.0,10,100.0,False,False,False,https://www.hankookilbo.com/news/article/A2026090709390001276
2026-09-08,2026-09-08,True,JPN,response,SOUTH KOREA,KOR,JAPAN,JPN,050,05,1,3.5,2,-7.0,False,False,False,https://www.diariopanorama.com/noticia/565720/corea-norte-desafio-estados-unidos-japon-corea-sur-tomaremos-fuertes-medidas
2026-09-08,2026-09-08,True,JPN,response,SOUTH KOREA,KOR,JAPAN,JPN,043,04,1,2.8,1,-2.8,False,False,False,https://www.koreaherald.com/article/10866846
2026-09-08,2026-09-08,True,JPN,response,SOUTH KOREAN,KOR,TOKYO,JPN,012,01,1,-0.4,2,0.8,False,False,False,https://www.scmp.com/week-asia/politics/article/3366655/can-japan-south-korea-move-past-comfort-women-issue
2026-09-08,2026-09-08,True,JPN,response,SOUTH KOREA,KOR,JAPAN,JPN,043,04,1,2.8,1,-2.8,False,False,False,https://www.koreaherald.com/article/10866846
2026-09-08,2026-09-08,True,USA,response,SOUTH KOREA,KOR,THE US,USA,154,15,4,-7.2,8,57.6,False,False,False,https://www.irishtimes.com/world/2026/09/08/south-korea-has-not-deployed-forces-in-the-us-iran-war-and-trumps-not-happy/
2026-09-08,2026-09-08,True,PRK,response,SOUTH KOREA,KOR,NORTH KOREA,PRK,043,04,1,2.8,2,-5.6,True,False,False,https://www.dailymail.com/news/article-16113565/Kim-Jong-unveils-North-Korea-new-navy-destroyer-nuclear-missiles.html
2026-09-08,2026-09-08,True,PRK,response,SOUTH KOREAN,KOR,NORTH KOREA,PRK,120,12,3,-4.0,1,4.0,False,False,False,https://listverse.com/2022/01/08/10-shocking-defections-to-north-korea/
2026-09-08,2026-09-08,True,PRK,response,SOUTH KOREAN,KOR,NORTH KOREAN,PRK,120,12,3,-4.0,7,28.0,False,False,False,https://listverse.com/2022/01/08/10-shocking-defections-to-north-korea/
2026-09-08,2026-09-08,True,PRK,response,SOUTH KOREA,KOR,NORTH KOREA,PRK,010,01,1,0.0,2,-0.0,False,False,False,https://www.arkansasonline.com/news/2026/sep/08/n-korea-debuts-2nd-destroyer-for-its-navy/
2026-09-08,2026-09-08,True,PRK,response,SOUTH KOREA,KOR,NORTH KOREA,PRK,010,01,1,0.0,2,-0.0,False,False,False,https://www.arkansasonline.com/news/2026/sep/08/n-korea-debuts-2nd-destroyer-for-its-navy/
2026-09-08,2026-09-08,True,PRK,response,SOUTH KOREA,KOR,NORTH KOREA,PRK,043,04,1,2.8,2,-5.6,False,False,False,https://www.koreaherald.com/article/10866563
2026-09-08,2026-09-08,True,PRK,response,SOUTH KOREA,KOR,NORTH KOREA,PRK,181,18,4,-9.0,2,18.0,False,False,False,https://www.koreaherald.com/article/10866563
2026-09-08,2026-09-08,True,PRK,response,SOUTH KOREA,KOR,DPRK,PRK,046,04,1,7.0,2,-14.0,True,False,True,https://www.interfax.ru/world/1113771
2026-09-08,2026-09-08,True,JPN,response,SEOUL,KOR,TOKYO,JPN,050,05,1,3.5,6,-21.0,False,False,False,https://www.diariopanorama.com/noticia/565720/corea-norte-desafio-estados-unidos-japon-corea-sur-tomaremos-fuertes-medidas
2026-09-08,2026-09-08,True,PRK,response,SOUTH KOREA,KOR,PYONGYANG,PRK,050,05,1,3.5,1,-3.5,False,False,False,https://www.koreaherald.com/article/10866803
2026-09-08,2026-09-08,True,PRK,response,SOUTH KOREAN,KOR,NORTH KOREA,PRK,043,04,1,2.8,6,-16.8,False,False,False,https://www.koreaherald.com/article/10866563
2026-09-08,2026-09-08,True,PRK,response,SOUTH KOREAN,KOR,NORTH KOREA,PRK,181,18,4,-9.0,6,54.0,False,False,False,https://www.koreaherald.com/article/10866563
2026-09-08,2026-09-08,True,PRK,response,SEOUL,KOR,PYONGYANG,PRK,012,01,1,-0.4,2,0.8,False,False,False,https://www.kommersant.ru/doc/8938577
2026-09-08,2026-09-08,True,PRK,response,SEOUL,KOR,PYONGYANG,PRK,012,01,1,-0.4,6,2.4,False,False,False,https://www.kommersant.ru/doc/8938577
2026-09-08,2026-09-08,True,PRK,response,SOUTH KOREA,KOR,PYONGYANG,PRK,043,04,1,2.8,4,-11.2,False,False,False,https://www.stiripesurse.ro/coreea-de-nord-si-rusia-au-deschis-primul-pod-rutier-care-leaga-cele-doua-tari_3918153
2026-09-08,2026-09-08,True,PRK,response,SOUTH KOREA,KOR,NORTH KOREA,PRK,043,04,1,2.8,2,-5.6,False,False,False,https://www.stiripesurse.ro/coreea-de-nord-si-rusia-au-deschis-primul-pod-rutier-care-leaga-cele-doua-tari_3918153
2026-09-08,2026-09-08,True,RUS,response,SOUTH KOREA,KOR,RUSSIA,RUS,051,05,1,3.4,8,-27.2,False,False,False,https://www.20minutes.fr/monde/russie/4243473-20260908-alliance-entre-poutine-kim-jong-passe-desormais-route
2026-09-08,2026-09-08,True,CHN,response,SOUTH KOREA,KOR,CHINA,CHN,080,08,2,5.0,6,-30.0,False,False,False,https://labass.net/93424-la-coree-du-nord-et-la-russie-inaugurent-leur-premiere-liaison-routiere-directe.html
2026-09-08,2026-09-08,True,USA,response,SOUTH KOREA,KOR,NETFLIX,USA,043,04,1,2.8,2,-5.6,False,False,False,https://www.etnews.com/20260907000456
2026-09-08,2026-09-08,True,RUS,response,SOUTH KOREA,KOR,VLADIMIR,RUS,043,04,1,2.8,6,-16.8,False,False,False,https://www.lexpress.fr/monde/asie/russie-coree-du-nord-un-nouveau-pont-pour-sceller-le-rapprochement-economique-et-militaire-UUZVFCXKA5FTZB2Q2CWCP5JRSM/
2026-09-08,2026-09-08,True,PRK,response,SOUTH KOREA,KOR,NORTH KOREA,PRK,042,04,1,1.9,1,-1.9,False,False,False,https://listverse.com/2022/01/08/10-shocking-defections-to-north-korea/
2026-09-08,2026-09-08,True,PRK,response,SOUTH KOREAN,KOR,NORTH KOREA,PRK,120,12,3,-4.0,5,20.0,False,False,False,https://listverse.com/2022/01/08/10-shocking-defections-to-north-korea/
2026-09-08,2026-09-08,True,PRK,response,SOUTH KOREAN,KOR,NORTH KOREA,PRK,192,19,4,-9.5,8,76.0,False,False,False,https://listverse.com/2022/01/08/10-shocking-defections-to-north-korea/
2026-09-08,2026-09-08,True,PRK,response,SOUTH KOREA,KOR,NORTH KOREA,PRK,120,12,3,-4.0,1,4.0,False,False,False,https://listverse.com/2022/01/08/10-shocking-defections-to-north-korea/
2026-09-08,2026-09-08,True,RUS,response,SOUTH KOREA,KOR,RUSSIA,RUS,080,08,2,5.0,4,-20.0,False,False,False,https://www.in.gr/2026/09/08/world/voreia-korea-rosia-egkainiastike-i-proti-odiki-gefyra-metaksy-ton-dyo-xoron-vathainei-i-sxesi-tous/
2026-09-08,2026-09-08,True,RUS,response,SOUTH KOREA,KOR,RUSSIA,RUS,072,07,2,8.3,2,-16.6,False,False,False,https://www.aljazeera.net/news/2026/9/8/%D8%B1%D9%88%D8%B3%D9%8A%D8%A7-%D9%88%D9%83%D9%88%D8%B1%D9%8A%D8%A7-%D8%A7%D9%84%D8%B4%D9%85%D8%A7%D9%84%D9%8A%D8%A9-%D8%AA%D9%81%D8%AA%D8%AA%D8%AD%D8%A7%D9%86-%D8%A3%D9%88%D9%84-%D8%AC%D8%B3%D8%B1
2026-09-08,2026-09-08,True,RUS,response,SOUTH KOREA,KOR,RUSSIA,RUS,072,07,2,8.3,2,-16.6,False,False,False,https://www.aljazeera.net/news/2026/9/8/%D8%B1%D9%88%D8%B3%D9%8A%D8%A7-%D9%88%D9%83%D9%88%D8%B1%D9%8A%D8%A7-%D8%A7%D9%84%D8%B4%D9%85%D8%A7%D9%84%D9%8A%D8%A9-%D8%AA%D9%81%D8%AA%D8%AA%D8%AD%D8%A7%D9%86-%D8%A3%D9%88%D9%84-%D8%AC%D8%B3%D8%B1
2026-09-08,2026-09-08,True,RUS,response,SOUTH KOREA,KOR,RUSSIA,RUS,051,05,1,3.4,8,-27.2,False,False,False,https://www.boursorama.com/actualite-economique/actualites/la-russie-et-la-coree-du-nord-inaugurent-leur-premiere-liaison-routiere-43ddea2e86d525be66278a9a8dab1484
2026-09-08,2026-09-08,True,PRK,response,SOUTH KOREAN,KOR,NORTH KOREA,PRK,043,04,1,2.8,2,-5.6,False,False,False,https://www.koreaherald.com/article/10866563
2026-09-08,2026-09-08,True,PRK,response,SOUTH KOREAN,KOR,NORTH KOREA,PRK,181,18,4,-9.0,2,18.0,False,False,False,https://www.koreaherald.com/article/10866563
2026-09-08,2026-09-08,True,PRK,response,SEOUL,KOR,PYONGYANG,PRK,046,04,1,7.0,1,-7.0,False,False,False,https://www.koreaherald.com/article/10866803
2026-09-08,2026-09-08,True,JPN,response,SOUTH KOREA,KOR,JAPAN,JPN,050,05,1,3.5,3,-10.5,False,False,False,https://www.prokerala.com/news/articles/a1809962.html
2026-09-08,2026-09-08,True,USA,response,SOUTH KOREA,KOR,UNITED STATES,USA,014,01,1,0.0,8,-0.0,False,False,False,https://world.kbs.co.kr/service/news_view.htm?lang=f&Seq_Code=96273
2026-09-08,2026-09-08,True,USA,response,SOUTH KOREA,KOR,UNITED STATES,USA,030,03,1,4.0,2,-8.0,False,False,False,https://world.kbs.co.kr/service/news_view.htm?lang=f&Seq_Code=96273
2026-09-08,2026-09-08,True,USA,response,SOUTH KOREA,KOR,UNITED STATES,USA,030,03,1,4.0,1,-4.0,False,False,False,https://wsau.com/2026/09/07/south-korea-us-agree-on-more-than-20-billion-gas-plant-investment-in-texas-media-reports/
2026-09-08,2026-09-08,True,USA,response,SOUTH KOREA,KOR,UNITED STATES,USA,0311,03,1,5.2,1,-5.2,False,False,False,https://wsau.com/2026/09/07/south-korea-us-agree-on-more-than-20-billion-gas-plant-investment-in-texas-media-reports/
2026-09-08,2026-09-08,True,USA,response,SOUTH KOREA,KOR,UNITED STATES,USA,030,03,1,4.0,2,-8.0,False,False,False,https://thefacts.com/south-korea-to-build-gas-fired-plant-in-texas/article_a26ab201-3371-4621-8917-b1f3d53d85db.html
2026-09-08,2026-09-08,True,PRK,response,SOUTH KOREA,KOR,PYONGYANG,PRK,050,05,1,3.5,1,-3.5,False,False,False,https://www.koreaherald.com/article/10866803
2026-09-08,2026-09-08,True,PRK,response,SEOUL,KOR,NORTH KOREA,PRK,050,05,1,3.5,2,-7.0,False,False,True,https://world.kbs.co.kr/service/news_view.htm?lang=e&Seq_Code=204108
2026-09-08,2026-09-08,True,USA,response,SOUTH KOREAN,KOR,THE US,USA,051,05,1,3.4,2,-6.8,False,False,False,https://www.irishtimes.com/world/2026/09/08/south-korea-has-not-deployed-forces-in-the-us-iran-war-and-trumps-not-happy/
2026-09-08,2026-09-08,True,USA,response,SEOUL,KOR,WASHINGTON,USA,033,03,1,5.2,1,-5.2,False,False,False,https://fedpress.ru/news/77/policy/3450887
2026-09-08,2026-09-08,True,USA,response,SOUTH KOREA,KOR,UNITED STATES,USA,150,15,4,-7.2,1,7.2,False,False,False,https://udaipurkiran.com/north-korea-criticizes-us-military-drills-warns-of-strong-response/
2026-09-08,2026-09-08,True,USA,response,SOUTH KOREA,KOR,GOOGLE,USA,010,01,1,0.0,8,-0.0,False,False,False,https://www.hani.co.kr/arti/english_edition/e_national/1276827.html
2026-09-08,2026-09-08,True,USA,response,SOUTH KOREA,KOR,GOOGLE,USA,101,10,3,-5.0,8,40.0,False,False,False,https://www.hani.co.kr/arti/english_edition/e_national/1276827.html
2026-09-08,2026-09-08,True,USA,response,SEOUL,KOR,WASHINGTON,USA,070,07,2,7.0,2,-14.0,False,False,False,https://asianews.network/seoul-recalibrates-hormuz-deployment-plans-as-fighting-intensifies-opposition-grows/
2026-09-08,2026-09-08,True,CHN,response,SEOUL,KOR,CHINA,CHN,190,19,4,-10.0,2,20.0,False,False,False,https://ichannela.com/news/detail/000000549271.do
2026-09-08,2026-09-08,True,CHN,response,SOUTH KOREA,KOR,CHINA,CHN,190,19,4,-10.0,2,20.0,False,False,False,https://ichannela.com/news/detail/000000549271.do
2026-09-08,2026-09-08,True,USA,response,SEOUL,KOR,WASHINGTON,USA,016,01,1,-2.0,7,14.0,False,False,False,https://www.stiripesurse.ro/coreea-de-sud-a-trimis-o-echipa-pentru-a-evalua-situatia-din-stramtoarea-ormuz_3918326
2026-09-08,2026-09-08,True,CHN,response,SOUTH KOREA,KOR,CHINA,CHN,040,04,1,1.0,8,-8.0,False,False,False,https://womannews.net/detail.php?number=454710&thread=22r12r01
2026-09-08,2026-09-08,True,CHN,response,SOUTH KOREA,KOR,CHINA,CHN,040,04,1,1.0,8,-8.0,False,False,False,https://womannews.net/detail.php?number=454710&thread=22r12r01
2026-09-08,2026-09-08,True,PRK,response,SOUTH KOREA,KOR,NORTH KOREA,PRK,042,04,1,1.9,1,-1.9,False,False,False,https://listverse.com/2022/01/08/10-shocking-defections-to-north-korea/
2026-09-08,2026-09-08,True,JPN,response,SOUTH KOREA,KOR,JAPAN,JPN,050,05,1,3.5,4,-14.0,False,False,False,https://www.koreaherald.com/article/10866846
2026-09-08,2026-09-08,True,RUS,response,SOUTH KOREA,KOR,RUSSIAN,RUS,043,04,1,2.8,2,-5.6,False,False,False,https://www.bankingnews.gr/diethni/articles/898080/gefyra-orosimo-rosias-kai-voreias-koreas-neos-xersaios-diadromos-allazei-ton-xarti-tis-evrasias
2026-09-08,2026-09-08,True,RUS,response,SOUTH KOREA,KOR,RUSSIAN,RUS,051,05,1,3.4,2,-6.8,False,False,False,https://www.lapresse.ca/international/2026-09-08/la-russie-et-la-coree-du-nord-inaugurent-une-premiere-liaison-routiere.php
2026-09-08,2026-09-08,True,RUS,response,SOUTH KOREA,KOR,RUSSIAN,RUS,062,06,2,7.4,2,-14.8,False,False,False,https://www.lapresse.ca/international/2026-09-08/la-russie-et-la-coree-du-nord-inaugurent-une-premiere-liaison-routiere.php
2026-09-08,2026-09-08,True,RUS,response,SOUTH KOREA,KOR,RUSSIAN,RUS,051,05,1,3.4,2,-6.8,False,False,False,https://www.20minutes.fr/monde/russie/4243473-20260908-alliance-entre-poutine-kim-jong-passe-desormais-route
2026-09-08,2026-09-08,True,RUS,response,SOUTH KOREA,KOR,RUSSIAN,RUS,062,06,2,7.4,2,-14.8,False,False,False,https://www.20minutes.fr/monde/russie/4243473-20260908-alliance-entre-poutine-kim-jong-passe-desormais-route
2026-09-08,2026-09-08,True,RUS,response,SOUTH KOREA,KOR,RUSSIAN,RUS,072,07,2,8.3,2,-16.6,False,False,False,https://www.20minutes.fr/monde/russie/4243473-20260908-alliance-entre-poutine-kim-jong-passe-desormais-route
2026-09-08,2026-09-08,True,RUS,response,SOUTH KOREA,KOR,RUSSIA,RUS,043,04,1,2.8,2,-5.6,False,False,False,https://www.okaz.com.sa/politics/na/2264946
2026-09-08,2026-09-08,True,RUS,response,SOUTH KOREA,KOR,RUSSIA,RUS,080,08,2,5.0,4,-20.0,False,False,False,https://dnevnik.hr/vijesti/svijet/sjeverna-koreja-i-rusija-otvorile-svoj-prvi-cestovni-most-simbol-sirenja-veza---1000217.html
2026-09-08,2026-09-08,True,RUS,response,SEOUL,KOR,RUSSIA,RUS,060,06,2,6.0,1,-6.0,False,False,False,https://www.prokerala.com/news/articles/a1809677.html
2026-09-08,2026-09-08,True,RUS,response,SEOUL,KOR,RUSSIA,RUS,060,06,2,6.0,1,-6.0,False,False,False,https://www.prokerala.com/news/articles/a1809677.html
2026-09-08,2026-09-08,True,RUS,response,SOUTH KOREA,KOR,MOSCOW,RUS,051,05,1,3.4,2,-6.8,False,False,False,https://foreignpolicy.com/2026/09/08/russia-ukraine-war-south-korea-air-defense-interceptors/?tpcc=recirc_trending062921
2026-09-08,2026-09-08,True,PRK,response,SOUTH KOREA,KOR,DPRK,PRK,046,04,1,7.0,4,-28.0,True,False,True,https://www.interfax.ru/world/1113771
2026-09-08,2026-09-08,True,RUS,response,SOUTH KOREA,KOR,RUSSIAN,RUS,043,04,1,2.8,4,-11.2,False,False,False,https://www.okaz.com.sa/politics/na/2264946
2026-09-08,2026-09-08,True,RUS,response,SOUTH KOREA,KOR,RUSSIA,RUS,010,01,1,0.0,4,-0.0,False,False,False,https://www.okaz.com.sa/politics/na/2264946
2026-09-08,2026-09-08,True,RUS,response,SOUTH KOREA,KOR,RUSSIA,RUS,043,04,1,2.8,2,-5.6,False,False,False,https://listverse.com/2022/01/08/10-shocking-defections-to-north-korea/
2026-09-08,2026-09-08,True,RUS,response,SOUTH KOREA,KOR,MOSCOW,RUS,114,11,3,-2.0,10,20.0,False,False,False,https://www.interfax.ru/business/1113779
2026-09-08,2026-09-08,True,JPN,response,SOUTH KOREA,KOR,JAPAN,JPN,050,05,1,3.5,1,-3.5,False,False,False,https://www.koreaherald.com/article/10866846
2026-09-08,2026-09-08,True,JPN,response,SAMSUNG,KOR,HITACHI,JPN,051,05,1,3.4,2,-6.8,False,False,False,https://www.poweronline.com/doc/studsvik-ge-vernova-hitachi-and-samsung-c-t-commit-to-advancing-gw-nuclear-power-project-in-sweden-0001
2026-09-08,2026-09-08,True,JPN,response,SAMSUNG,KOR,HITACHI,JPN,030,03,1,4.0,7,-28.0,False,False,False,https://greentechlead.com/energy-news/renewables-news-apsystems-studsvik-ge-vernova-hitachi-samsung-ct-55243
2026-09-08,2026-09-08,True,RUS,response,SOUTH KOREA,KOR,RUSSIAN,RUS,072,07,2,8.3,2,-16.6,False,False,False,https://www.guadeloupe.franceantilles.fr/actualite/international/la-russie-et-la-coree-du-nord-inaugurent-leur-premiere-liaison-routiere-1092325.php
2026-09-08,2026-09-08,True,RUS,response,SEOUL,KOR,RUSSIA,RUS,020,02,1,3.0,2,-6.0,False,False,False,https://www.channelnewsasia.com/east-asia/russia-north-korea-border-bridge-sign-tighter-ties-6369321
2026-09-08,2026-09-08,True,USA,response,SEOUL,KOR,UNITED STATES,USA,150,15,4,-7.2,2,14.4,False,False,False,https://udaipurkiran.com/north-korea-criticizes-us-military-drills-warns-of-strong-response/
2026-09-08,2026-09-08,True,USA,response,SEOUL,KOR,UNITED STATES,USA,010,01,1,0.0,10,-0.0,False,False,False,https://zdnet.co.kr/view/?no=20260908110923
2026-09-08,2026-09-08,True,PRK,response,SOUTH KOREA,KOR,DPRK,PRK,010,01,1,0.0,2,-0.0,False,False,False,https://listverse.com/2022/01/08/10-shocking-defections-to-north-korea/
2026-09-08,2026-09-08,True,USA,response,SAMSUNG,KOR,UNITED STATES,USA,046,04,1,7.0,2,-14.0,False,False,False,https://biz.heraldcorp.com/article/10865877
2026-09-08,2026-09-08,True,USA,response,INCHEON,KOR,UNITED STATES,USA,111,11,3,-2.0,2,4.0,False,False,False,https://womannews.net/detail.php?number=454680&thread=22r12r01
2026-09-08,2026-09-08,True,USA,response,SOUTH KOREA,KOR,UNITED STATES,USA,084,08,2,7.0,8,-56.0,False,False,False,https://zdnet.co.kr/view/?no=20260908175641
2026-09-08,2026-09-08,True,USA,response,SAMSUNG,KOR,UNITED STATES,USA,046,04,1,7.0,2,-14.0,False,False,False,https://www.edaily.co.kr/News/Read?newsId=03489926645578152&mediaCodeNo=257
2026-09-08,2026-09-08,True,USA,response,SAMSUNG,KOR,UNITED STATES,USA,071,07,2,7.4,8,-59.2,False,True,False,https://www.edaily.co.kr/News/Read?newsId=03489926645578152&mediaCodeNo=257
2026-09-08,2026-09-08,True,JPN,response,SOUTH KOREA,KOR,JAPAN,JPN,100,10,3,-5.0,1,5.0,False,False,True,https://www.hani.co.kr/arti/english_edition/e_national/1276836.html
2026-09-08,2026-09-08,True,USA,response,SOUTH KOREA,KOR,UNITED STATES,USA,120,12,3,-4.0,2,8.0,False,False,False,https://www.bursa.ro/the-japan-times-phenianul-contesta-exercitiile-navale-ale-sua-si-aliatilor-87961069
2026-09-08,2026-09-08,True,USA,response,SOUTH KOREA,KOR,WASHINGTON,USA,120,12,3,-4.0,4,16.0,False,False,False,https://www.bursa.ro/the-japan-times-phenianul-contesta-exercitiile-navale-ale-sua-si-aliatilor-87961069
2026-09-08,2026-09-08,True,USA,response,SOUTH KOREA,KOR,UNITED STATES,USA,060,06,2,6.0,2,-12.0,False,False,False,https://www.politika.rs/scc/clanak/784049/juzna-koreja-poslala-inspektore-u-uae-da-procene-bezbednost-u-ormuskom-moreuzu
2026-09-08,2026-09-08,True,USA,response,SOUTH KOREA,KOR,WASHINGTON,USA,060,06,2,6.0,8,-48.0,False,False,False,https://www.politika.rs/scc/clanak/784049/juzna-koreja-poslala-inspektore-u-uae-da-procene-bezbednost-u-ormuskom-moreuzu
2026-09-08,2026-09-08,True,USA,response,SOUTH KOREA,KOR,WASHINGTON,USA,037,03,1,5.0,2,-10.0,False,False,False,https://en.shafaqna.com/475873/seouls-unprecedented-investment-in-us/
2026-09-08,2026-09-08,True,USA,response,SEOUL,KOR,WASHINGTON,USA,050,05,1,3.5,2,-7.0,False,False,False,https://en.shafaqna.com/475873/seouls-unprecedented-investment-in-us/
2026-09-08,2026-09-08,True,USA,response,SEOUL,KOR,WASHINGTON,USA,033,03,1,5.2,6,-31.2,False,False,False,https://fedpress.ru/news/77/policy/3450887
2026-09-08,2026-09-08,True,USA,response,SEOUL,KOR,WASHINGTON,USA,033,03,1,5.2,1,-5.2,False,False,False,https://fedpress.ru/news/77/policy/3450887
2026-09-08,2026-09-08,True,PRK,response,SEOUL,KOR,PYONGYANG,PRK,010,01,1,0.0,10,-0.0,False,False,False,https://www.eurasiareview.com/08092026-south-korea-missile-purchase-boosts-air-defense-interoperability-with-u-s/
2026-09-08,2026-09-08,True,USA,response,SOUTH KOREA,KOR,TEXAS,USA,0311,03,1,5.2,10,-52.0,False,False,False,https://wsau.com/2026/09/07/south-korea-us-agree-on-more-than-20-billion-gas-plant-investment-in-texas-media-reports/
2026-09-08,2026-09-08,True,USA,response,SOUTH KOREA,KOR,THE US,USA,154,15,4,-7.2,2,14.4,False,False,False,https://www.irishtimes.com/world/2026/09/08/south-korea-has-not-deployed-forces-in-the-us-iran-war-and-trumps-not-happy/
2026-09-08,2026-09-08,True,USA,response,SOUTH KOREA,KOR,UNITED STATES,USA,042,04,1,1.9,2,-3.8,False,False,True,https://www.koreaherald.com/article/10866592
2026-09-08,2026-09-08,True,USA,response,SOUTH KOREA,KOR,WASHINGTON,USA,040,04,1,1.0,10,-10.0,False,False,False,https://www.notiziegeopolitiche.net/corea-del-sud-la-corsa-ai-chip-mette-alla-prova-il-sistema-elettrico/
2026-09-08,2026-09-08,True,USA,response,SAMSUNG,KOR,UNITED STATES,USA,036,03,1,4.0,4,-16.0,False,False,False,https://www.wbiw.com/2026/09/08/after-securing-armed-robbery-conviction-attorney-general-todd-rokita-warns-hoosiers-to-play-it-safe-when-buying-or-selling-online/
2026-09-08,2026-09-08,True,USA,response,SAMSUNG,KOR,INDIANAPOLIS,USA,036,03,1,4.0,2,-8.0,False,False,False,https://www.wbiw.com/2026/09/08/after-securing-armed-robbery-conviction-attorney-general-todd-rokita-warns-hoosiers-to-play-it-safe-when-buying-or-selling-online/
2026-09-08,2026-09-08,True,USA,response,SEOUL,KOR,THE US,USA,120,12,3,-4.0,5,20.0,False,False,False,https://www.eurasiareview.com/08092026-south-korea-should-abstain-oped/
2026-09-08,2026-09-08,True,USA,response,SOUTH KOREA,KOR,UNITED STATES,USA,030,03,1,4.0,2,-8.0,False,False,False,https://wsau.com/2026/09/07/south-korea-us-agree-on-more-than-20-billion-gas-plant-investment-in-texas-media-reports/
2026-09-08,2026-09-08,True,USA,response,SEOUL,KOR,UNITED STATES,USA,0311,03,1,5.2,2,-10.4,False,False,False,https://wsau.com/2026/09/07/south-korea-us-agree-on-more-than-20-billion-gas-plant-investment-in-texas-media-reports/
2026-09-08,2026-09-08,True,USA,response,SEOUL,KOR,UNITED STATES,USA,0311,03,1,5.2,2,-10.4,False,False,False,https://thefacts.com/south-korea-to-build-gas-fired-plant-in-texas/article_a26ab201-3371-4621-8917-b1f3d53d85db.html
2026-09-08,2026-09-08,True,USA,response,SEOUL,KOR,WASHINGTON,USA,030,03,1,4.0,8,-32.0,False,False,False,https://world.kbs.co.kr/service/news_view.htm?lang=f&Seq_Code=96273
2026-09-08,2026-09-08,True,PRK,threat,NORTH KOREA,PRK,SOUTH KOREA,KOR,120,12,3,-4.0,4,16.0,False,False,False,https://www.segye.com:443/newsView/20260908515233
2026-09-08,2026-09-08,True,PRK,threat,NORTH KOREA,PRK,SOUTH KOREA,KOR,050,05,1,3.5,2,-7.0,False,False,False,https://www.edaily.co.kr/News/Read?newsId=03109446645578152&mediaCodeNo=257
2026-09-08,2026-09-08,True,PRK,threat,NORTH KOREA,PRK,SOUTH KOREA,KOR,1712,17,4,-9.2,2,18.4,False,False,False,https://www.edaily.co.kr/News/Read?newsId=03109446645578152&mediaCodeNo=257
2026-09-08,2026-09-08,True,PRK,threat,NORTH KOREA,PRK,SOUTH KOREA,KOR,192,19,4,-9.5,2,19.0,False,False,False,https://listverse.com/2022/01/08/10-shocking-defections-to-north-korea/
2026-09-08,2026-09-08,True,PRK,threat,NORTH KOREA,PRK,SOUTH KOREA,KOR,090,09,2,-2.0,2,4.0,True,False,False,https://www.theyeshivaworld.com/news/general/2595117/north-korea-adds-second-naval-destroyer-as-us-south-korea-and-japan-hold-military-exercise.html
2026-09-08,2026-09-08,True,PRK,threat,NORTH KOREA,PRK,SOUTH KOREA,KOR,161,16,4,-4.0,2,8.0,False,False,False,https://world.kbs.co.kr/service/news_view.htm?lang=e&Seq_Code=204108
2026-09-08,2026-09-08,True,PRK,threat,NORTH KOREA,PRK,SOUTH KOREA,KOR,042,04,1,1.9,2,-3.8,False,False,False,https://www.koreaherald.com/article/10866563
2026-09-08,2026-09-08,True,PRK,threat,NORTH KOREA,PRK,SOUTH KOREAN,KOR,042,04,1,1.9,2,-3.8,False,False,False,https://www.koreaherald.com/article/10866563
2026-09-08,2026-09-08,True,PRK,threat,PYONGYANG,PRK,SOUTH KOREA,KOR,042,04,1,1.9,4,-7.6,False,False,False,https://www.stiripesurse.ro/coreea-de-nord-si-rusia-au-deschis-primul-pod-rutier-care-leaga-cele-doua-tari_3918153
2026-09-08,2026-09-08,True,PRK,threat,NORTH KOREA,PRK,SOUTH KOREA,KOR,042,04,1,1.9,2,-3.8,False,False,False,https://www.stiripesurse.ro/coreea-de-nord-si-rusia-au-deschis-primul-pod-rutier-care-leaga-cele-doua-tari_3918153
2026-09-08,2026-09-08,True,PRK,threat,NORTH KOREA,PRK,SOUTH KOREA,KOR,172,17,4,-5.0,4,20.0,False,False,False,https://manager.bg/%D1%81%D0%B2%D1%8F%D1%82/severna-korea-otkri-parvia-si-paten-most-s-rusia-govori-za-zadalbochavane-na-vrazkite
2026-09-08,2026-09-08,True,PRK,threat,NORTH KOREA,PRK,SOUTH KOREA,KOR,043,04,1,2.8,1,-2.8,False,False,False,https://listverse.com/2022/01/08/10-shocking-defections-to-north-korea/
2026-09-08,2026-09-08,True,PRK,threat,NORTH KOREA,PRK,SOUTH KOREA,KOR,192,19,4,-9.5,2,19.0,False,False,False,https://listverse.com/2022/01/08/10-shocking-defections-to-north-korea/
2026-09-08,2026-09-08,True,PRK,threat,NORTH KOREA,PRK,SOUTH KOREA,KOR,080,08,2,5.0,4,-20.0,False,False,False,https://www.in.gr/2026/09/08/world/voreia-korea-rosia-egkainiastike-i-proti-odiki-gefyra-metaksy-ton-dyo-xoron-vathainei-i-sxesi-tous/
2026-09-08,2026-09-08,True,PRK,threat,NORTH KOREA,PRK,SOUTH KOREA,KOR,072,07,2,8.3,2,-16.6,False,False,False,https://www.aljazeera.net/news/2026/9/8/%D8%B1%D9%88%D8%B3%D9%8A%D8%A7-%D9%88%D9%83%D9%88%D8%B1%D9%8A%D8%A7-%D8%A7%D9%84%D8%B4%D9%85%D8%A7%D9%84%D9%8A%D8%A9-%D8%AA%D9%81%D8%AA%D8%AA%D8%AD%D8%A7%D9%86-%D8%A3%D9%88%D9%84-%D8%AC%D8%B3%D8%B1
2026-09-08,2026-09-08,True,PRK,threat,PYONGYANG,PRK,SEOUL,KOR,046,04,1,7.0,1,-7.0,False,False,False,https://www.koreaherald.com/article/10866803
2026-09-08,2026-09-08,True,PRK,threat,NORTH KOREA,PRK,SOUTH KOREA,KOR,161,16,4,-4.0,8,32.0,False,False,False,https://world.kbs.co.kr/service/news_view.htm?lang=e&Seq_Code=204108
2026-09-08,2026-09-08,True,PRK,threat,NORTH KOREA,PRK,SOUTH KOREAN,KOR,042,04,1,1.9,6,-11.4,False,False,False,https://www.koreaherald.com/article/10866563
2026-09-08,2026-09-08,True,PRK,threat,DPRK,PRK,SOUTH KOREA,KOR,046,04,1,7.0,6,-42.0,True,False,True,https://www.interfax.ru/world/1113771
2026-09-08,2026-09-08,True,PRK,threat,PYONGYANG,PRK,SEOUL,KOR,046,04,1,7.0,1,-7.0,False,False,False,https://www.koreaherald.com/article/10866803
2026-09-08,2026-09-08,True,PRK,threat,NORTH KOREA,PRK,SOUTH KOREA,KOR,160,16,4,-4.0,2,8.0,False,False,False,https://www.upi.com/Top_News/World-News/2026/09/08/korea-Seoul-Defense-Dialogue-Ahn-Gyu-back-North-Korea-diplomacy-deterrence/6741788845738/
2026-09-08,2026-09-08,True,PRK,threat,NORTH KOREA,PRK,SOUTH KOREA,KOR,050,05,1,3.5,6,-21.0,False,False,False,https://www.edaily.co.kr/News/Read?newsId=03109446645578152&mediaCodeNo=257
2026-09-08,2026-09-08,True,PRK,threat,NORTH KOREA,PRK,SOUTH KOREA,KOR,1712,17,4,-9.2,6,55.2,False,False,False,https://www.edaily.co.kr/News/Read?newsId=03109446645578152&mediaCodeNo=257
2026-09-08,2026-09-08,True,PRK,threat,NORTH KOREA,PRK,SOUTH KOREA,KOR,090,09,2,-2.0,2,4.0,True,False,False,https://theshillongtimes.com/2026/09/08/kim-jong-un-commissions-second-naval-destroyer/
2026-09-08,2026-09-08,True,PRK,threat,NORTH KOREA,PRK,SOUTH KOREA,KOR,090,09,2,-2.0,1,2.0,True,False,False,https://www.dailymail.com/news/article-16113565/Kim-Jong-unveils-North-Korea-new-navy-destroyer-nuclear-missiles.html
2026-09-08,2026-09-08,True,PRK,threat,NORTH KOREA,PRK,SOUTH KOREA,KOR,042,04,1,1.9,2,-3.8,True,False,False,https://www.dailymail.com/news/article-16113565/Kim-Jong-unveils-North-Korea-new-navy-destroyer-nuclear-missiles.html
2026-09-08,2026-09-08,True,PRK,threat,NORTH KOREA,PRK,SOUTH KOREA,KOR,043,04,1,2.8,1,-2.8,False,False,False,https://listverse.com/2022/01/08/10-shocking-defections-to-north-korea/
2026-09-08,2026-09-08,True,RUS,threat,RUSSIA,RUS,SOUTH KOREA,KOR,010,01,1,0.0,5,-0.0,False,False,False,https://news.liga.net/politics/news/gur-rf-hochet-okonchatelno-ispytat-ballistiku-na-800-km-do-kontsa-goda-vozmozhno-po-zapadu-ukrainy
2026-09-08,2026-09-08,True,RUS,threat,RUSSIA,RUS,SOUTH KOREA,KOR,010,01,1,0.0,1,-0.0,False,False,False,https://news.liga.net/politics/news/gur-rf-hochet-okonchatelno-ispytat-ballistiku-na-800-km-do-kontsa-goda-vozmozhno-po-zapadu-ukrainy
2026-09-08,2026-09-08,True,RUS,threat,RUSSIAN,RUS,SOUTH KOREA,KOR,070,07,2,7.0,4,-28.0,False,False,False,https://www.mediafax.ro/externe/xi-jinping-si-vladimir-putin-reafirma-sprijinul-pentru-coreea-de-nord-mesaje-transmise-lui-kim-jong-un-23803970
2026-09-08,2026-09-08,True,RUS,threat,RUSSIA,RUS,SOUTH KOREA,KOR,070,07,2,7.0,2,-14.0,False,False,False,https://www.mediafax.ro/externe/xi-jinping-si-vladimir-putin-reafirma-sprijinul-pentru-coreea-de-nord-mesaje-transmise-lui-kim-jong-un-23803970
2026-09-08,2026-09-08,True,RUS,threat,RUSSIA,RUS,SOUTH KOREA,KOR,080,08,2,5.0,2,-10.0,False,False,False,https://www.lexpress.fr/monde/asie/russie-coree-du-nord-un-nouveau-pont-pour-sceller-le-rapprochement-economique-et-militaire-UUZVFCXKA5FTZB2Q2CWCP5JRSM/
2026-09-08,2026-09-08,True,RUS,threat,RUSSIA,RUS,SOUTH KOREA,KOR,080,08,2,5.0,2,-10.0,False,False,False,https://www.lexpress.fr/monde/asie/russie-coree-du-nord-un-nouveau-pont-pour-sceller-le-rapprochement-economique-et-militaire-UUZVFCXKA5FTZB2Q2CWCP5JRSM/
2026-09-08,2026-09-08,True,RUS,threat,RUSSIAN,RUS,SOUTH KOREA,KOR,042,04,1,1.9,4,-7.6,False,False,False,https://www.okaz.com.sa/politics/na/2264946
2026-09-08,2026-09-08,True,RUS,threat,RUSSIA,RUS,SOUTH KOREA,KOR,042,04,1,1.9,2,-3.8,False,False,False,https://listverse.com/2022/01/08/10-shocking-defections-to-north-korea/
2026-09-08,2026-09-08,True,RUS,threat,RUSSIA,RUS,SOUTH KOREA,KOR,080,08,2,5.0,4,-20.0,False,False,False,https://www.danas.rs/bbc-news-serbian/rusiju-i-severnu-koreju-od-sada-povezuje-i-drumski-most/
2026-09-08,2026-09-08,True,RUS,threat,RUSSIA,RUS,SOUTH KOREA,KOR,080,08,2,5.0,4,-20.0,False,False,False,https://www.in.gr/2026/09/08/world/voreia-korea-rosia-egkainiastike-i-proti-odiki-gefyra-metaksy-ton-dyo-xoron-vathainei-i-sxesi-tous/
2026-09-08,2026-09-08,True,RUS,threat,RUSSIA,RUS,SOUTH KOREA,KOR,030,03,1,4.0,2,-8.0,False,False,False,https://www.stiripesurse.ro/coreea-de-nord-si-rusia-au-deschis-primul-pod-rutier-care-leaga-cele-doua-tari_3918153
2026-09-08,2026-09-08,True,RUS,threat,RUSSIA,RUS,SOUTH KOREA,KOR,042,04,1,1.9,2,-3.8,False,False,False,https://listverse.com/2022/01/08/10-shocking-defections-to-north-korea/
2026-09-08,2026-09-08,True,RUS,threat,VLADIMIR,RUS,SOUTH KOREA,KOR,042,04,1,1.9,6,-11.4,False,False,False,https://www.lexpress.fr/monde/asie/russie-coree-du-nord-un-nouveau-pont-pour-sceller-le-rapprochement-economique-et-militaire-UUZVFCXKA5FTZB2Q2CWCP5JRSM/
2026-09-08,2026-09-08,True,RUS,threat,RUSSIA,RUS,SOUTH KOREA,KOR,020,02,1,3.0,2,-6.0,False,False,False,https://www.ntvbd.com/world/news-1800249
2026-09-08,2026-09-08,True,RUS,threat,RUSSIAN,RUS,SOUTH KOREA,KOR,042,04,1,1.9,2,-3.8,False,False,False,https://www.bankingnews.gr/diethni/articles/898080/gefyra-orosimo-rosias-kai-voreias-koreas-neos-xersaios-diadromos-allazei-ton-xarti-tis-evrasias
2026-09-08,2026-09-08,True,RUS,threat,RUSSIA,RUS,SOUTH KOREA,KOR,120,12,3,-4.0,6,24.0,False,False,False,https://mondafrique.com/decryptage/une-guerre-mondiale-a-bas-bruit/
2026-09-08,2026-09-08,True,RUS,threat,RUSSIA,RUS,SOUTH KOREA,KOR,129,12,3,-5.0,6,30.0,False,False,False,https://mondafrique.com/decryptage/une-guerre-mondiale-a-bas-bruit/
2026-09-08,2026-09-08,True,RUS,threat,RUSSIA,RUS,SOUTH KOREA,KOR,193,19,4,-10.0,6,60.0,False,False,False,https://mondafrique.com/decryptage/une-guerre-mondiale-a-bas-bruit/
2026-09-08,2026-09-08,True,RUS,threat,RUSSIA,RUS,SOUTH KOREA,KOR,020,02,1,3.0,6,-18.0,False,False,False,https://www.ntvbd.com/world/news-1800249
2026-09-08,2026-09-08,True,RUS,threat,RUSSIA,RUS,SOUTH KOREA,KOR,050,05,1,3.5,1,-3.5,False,False,False,https://foreignpolicy.com/2026/09/08/russia-ukraine-war-south-korea-air-defense-interceptors/?tpcc=recirc_trending062921
2026-09-08,2026-09-08,True,RUS,threat,RUSSIA,RUS,SOUTH KOREA,KOR,080,08,2,5.0,4,-20.0,False,False,False,https://www.blic.rs/bbc/rusiju-i-severnu-koreju-od-sada-povezuje-i-drumski-most/vfygcdz
2026-09-08,2026-09-08,True,RUS,threat,RUSSIA,RUS,SOUTH KOREA,KOR,061,06,2,6.4,10,-64.0,False,True,False,https://1prime.ru/20260908/spg-2-873113095.html
2026-09-08,2026-09-08,True,RUS,threat,RUSSIAN,RUS,SOUTH KOREA,KOR,017,01,1,0.0,2,-0.0,False,False,False,https://www.bankingnews.gr/diethni/articles/898080/gefyra-orosimo-rosias-kai-voreias-koreas-neos-xersaios-diadromos-allazei-ton-xarti-tis-evrasias
2026-09-08,2026-09-08,True,RUS,threat,RUSSIA,RUS,ULSAN,KOR,020,02,1,3.0,8,-24.0,False,False,False,https://biz.heraldcorp.com/article/10865852
2026-09-08,2026-09-08,True,RUS,threat,RUSSIA,RUS,SOUTH KOREA,KOR,050,05,1,3.5,1,-3.5,False,False,False,https://foreignpolicy.com/2026/09/08/russia-ukraine-war-south-korea-air-defense-interceptors/?tpcc=recirc_trending062921
2026-09-08,2026-09-08,True,RUS,threat,RUSSIA,RUS,SOUTH KOREA,KOR,051,05,1,3.4,8,-27.2,False,False,False,https://labass.net/93424-la-coree-du-nord-et-la-russie-inaugurent-leur-premiere-liaison-routiere-directe.html
2026-09-08,2026-09-08,True,RUS,threat,RUSSIA,RUS,SOUTH KOREA,KOR,042,04,1,1.9,2,-3.8,False,False,False,https://www.okaz.com.sa/politics/na/2264946
2026-09-08,2026-09-08,True,RUS,threat,RUSSIA,RUS,SOUTH KOREA,KOR,080,08,2,5.0,6,-30.0,False,False,False,https://www.dnes.bg/a/2-svyat/734462-rusiya-i-severna-koreya-otkriha-parviya-transgranichen-paten-most-snimki
2026-09-08,2026-09-08,True,RUS,threat,RUSSIA,RUS,SOUTH KOREA,KOR,080,08,2,5.0,2,-10.0,False,False,False,https://www.danas.rs/bbc-news-serbian/rusiju-i-severnu-koreju-od-sada-povezuje-i-drumski-most/
2026-09-08,2026-09-08,True,RUS,threat,RUSSIA,RUS,SOUTH KOREA,KOR,030,03,1,4.0,2,-8.0,False,False,False,https://www.stiripesurse.ro/coreea-de-nord-si-rusia-au-deschis-primul-pod-rutier-care-leaga-cele-doua-tari_3918153
2026-09-08,2026-09-08,True,USA,threat,PFIZER,USA,SOUTH KOREA,KOR,061,06,2,6.4,2,-12.8,False,True,False,http://science20.com/robert_walker/who_call_for_rapid_transfer_of_covid_vaccine_technology_to_weaker_economies_to_solve_bottlenecks_vaccinate_world
2026-09-08,2026-09-08,True,USA,threat,PFIZER,USA,SOUTH KOREA,KOR,061,06,2,6.4,3,-19.2,False,True,False,http://science20.com/robert_walker/who_call_for_rapid_transfer_of_covid_vaccine_technology_to_weaker_economies_to_solve_bottlenecks_vaccinate_world
2026-09-08,2026-09-08,True,USA,threat,PAGO PAGO,USA,DAEWOO,KOR,173,17,4,-5.0,1,5.0,False,False,False,https://www.samoanews.com/human-trafficking-once-again-uncovered-american-samoa
2026-09-08,2026-09-08,True,USA,threat,PAGO PAGO,USA,DAEWOO,KOR,173,17,4,-5.0,5,25.0,False,False,False,https://www.samoanews.com/human-trafficking-once-again-uncovered-american-samoa
2026-09-08,2026-09-08,True,USA,threat,LOUISIANA,USA,HYUNDAI,KOR,020,02,1,3.0,10,-30.0,False,False,False,https://louisianaradionetwork.com/2026/09/08/48103/
2026-09-08,2026-09-08,True,USA,threat,UNITED STATES,USA,HYUNDAI,KOR,057,05,1,8.0,1,-8.0,False,False,False,https://www.wrkf.org/2026-09-08/ascension-parish-president-says-hes-not-withholding-records-while-withholding-records
2026-09-08,2026-09-08,True,USA,threat,UNITED STATES,USA,HYUNDAI,KOR,057,05,1,8.0,1,-8.0,False,False,True,https://www.wrkf.org/2026-09-08/ascension-parish-president-says-hes-not-withholding-records-while-withholding-records
2026-09-08,2026-09-08,True,USA,threat,UNITED STATES,USA,SOUTH KOREA,KOR,087,08,2,9.0,10,-90.0,False,False,False,https://www.wikitree.co.kr/articles/1158218
2026-09-08,2026-09-08,True,USA,threat,UNITED STATES,USA,SOUTH KOREA,KOR,040,04,1,1.0,1,-1.0,False,False,False,https://www.koreaherald.com/article/10874600
2026-09-08,2026-09-08,True,USA,threat,WASHINGTON,USA,SOUTH KOREA,KOR,100,10,3,-5.0,1,5.0,False,False,False,https://www.irishtimes.com/world/2026/09/08/south-korea-has-not-deployed-forces-in-the-us-iran-war-and-trumps-not-happy/
2026-09-08,2026-09-08,True,USA,threat,UNITED STATES,USA,SOUTH KOREA,KOR,100,10,3,-5.0,1,5.0,False,False,False,https://www.irishtimes.com/world/2026/09/08/south-korea-has-not-deployed-forces-in-the-us-iran-war-and-trumps-not-happy/
2026-09-08,2026-09-08,True,USA,threat,WASHINGTON,USA,SOUTH KOREA,KOR,130,13,3,-4.4,2,8.8,False,False,False,https://www.irishtimes.com/world/2026/09/08/south-korea-has-not-deployed-forces-in-the-us-iran-war-and-trumps-not-happy/
2026-09-08,2026-09-08,True,USA,threat,UNITED STATES,USA,SOUTH KOREA,KOR,020,02,1,3.0,10,-30.0,False,False,False,https://biz.heraldcorp.com/article/10866161
2026-09-08,2026-09-08,True,USA,threat,NETFLIX,USA,SOUTH KOREA,KOR,042,04,1,1.9,2,-3.8,False,False,False,https://www.etnews.com/20260907000456
2026-09-08,2026-09-08,True,USA,threat,UNITED STATES,USA,SOUTH KOREA,KOR,060,06,2,6.0,8,-48.0,False,False,False,https://www.etnews.com/20260907000307
2026-09-08,2026-09-08,True,USA,threat,UNITED STATES,USA,SOUTH KOREA,KOR,120,12,3,-4.0,2,8.0,False,False,False,https://listverse.com/2022/01/08/10-shocking-defections-to-north-korea/
2026-09-08,2026-09-08,True,USA,threat,UNITED STATES,USA,SOUTH KOREA,KOR,120,12,3,-4.0,2,8.0,False,False,False,https://listverse.com/2022/01/08/10-shocking-defections-to-north-korea/
2026-09-08,2026-09-08,True,USA,threat,UNITED STATES,USA,SOUTH KOREA,KOR,030,03,1,4.0,4,-16.0,False,False,False,https://world.kbs.co.kr/service/news_view.htm?lang=f&Seq_Code=96273
2026-09-08,2026-09-08,True,USA,threat,UNITED STATES,USA,SOUTH KOREA,KOR,030,03,1,4.0,1,-4.0,False,False,False,https://wsau.com/2026/09/07/south-korea-us-agree-on-more-than-20-billion-gas-plant-investment-in-texas-media-reports/
2026-09-08,2026-09-08,True,USA,threat,GOOGLE,USA,SEOUL,KOR,013,01,1,0.4,5,-2.0,False,False,False,https://vietnamnews.vn/world/1799191/google-x-founder-sees-physical-ai-reshaping-industries-and-labour-over-next-decade.html
2026-09-08,2026-09-08,True,USA,threat,UNITED STATES,USA,SOUTH KOREA,KOR,043,04,1,2.8,2,-5.6,False,False,True,https://www.koreaherald.com/article/10866592
2026-09-08,2026-09-08,True,USA,threat,WASHINGTON,USA,SOUTH KOREA,KOR,037,03,1,5.0,2,-10.0,False,False,False,https://en.shafaqna.com/475873/seouls-unprecedented-investment-in-us/
2026-09-08,2026-09-08,True,USA,threat,WASHINGTON,USA,SEOUL,KOR,050,05,1,3.5,2,-7.0,False,False,False,https://en.shafaqna.com/475873/seouls-unprecedented-investment-in-us/
2026-09-08,2026-09-08,True,USA,threat,WASHINGTON,USA,SOUTH KOREA,KOR,0311,03,1,5.2,2,-10.4,False,False,False,https://en.shafaqna.com/475873/seouls-unprecedented-investment-in-us/
2026-09-08,2026-09-08,True,USA,threat,WASHINGTON,USA,SOUTH KOREA,KOR,100,10,3,-5.0,3,15.0,False,False,False,https://www.irishtimes.com/world/2026/09/08/south-korea-has-not-deployed-forces-in-the-us-iran-war-and-trumps-not-happy/
2026-09-08,2026-09-08,True,USA,threat,WASHINGTON,USA,SOUTH KOREAN,KOR,130,13,3,-4.4,8,35.2,False,False,False,https://www.irishtimes.com/world/2026/09/08/south-korea-has-not-deployed-forces-in-the-us-iran-war-and-trumps-not-happy/
2026-09-08,2026-09-08,True,USA,threat,UNITED STATES,USA,SOUTH KOREA,KOR,030,03,1,4.0,2,-8.0,False,False,False,https://thefacts.com/south-korea-to-build-gas-fired-plant-in-texas/article_a26ab201-3371-4621-8917-b1f3d53d85db.html
2026-09-08,2026-09-08,True,USA,threat,WASHINGTON,USA,SEOUL,KOR,030,03,1,4.0,16,-64.0,False,False,False,https://world.kbs.co.kr/service/news_view.htm?lang=f&Seq_Code=96273
2026-09-08,2026-09-08,True,USA,threat,UNITED STATES,USA,SOUTH KOREA,KOR,127,12,3,-5.0,8,40.0,False,False,False,https://www.fnnews.com/news/202609081004223547
2026-09-08,2026-09-08,True,USA,threat,UNITED STATES,USA,SAMSUNG,KOR,046,04,1,7.0,2,-14.0,False,False,False,https://biz.heraldcorp.com/article/10865877
2026-09-08,2026-09-08,True,USA,threat,UNITED STATES,USA,SOUTH KOREA,KOR,060,06,2,6.0,2,-12.0,False,False,False,https://www.etnews.com/20260907000307
2026-09-08,2026-09-08,True,USA,threat,UNITED STATES,USA,SAMSUNG,KOR,046,04,1,7.0,2,-14.0,False,False,False,https://www.edaily.co.kr/News/Read?newsId=03489926645578152&mediaCodeNo=257
2026-09-08,2026-09-08,True,USA,threat,UNITED STATES,USA,SOUTH KOREA,KOR,040,04,1,1.0,1,-1.0,False,False,False,http://www.koreatimes.com/article/20260907/1628768
2026-09-08,2026-09-08,True,USA,threat,UNITED STATES,USA,SOUTH KOREA,KOR,040,04,1,1.0,1,-1.0,False,False,False,http://www.koreatimes.com/article/20260907/1628768
2026-09-08,2026-09-08,True,USA,threat,UNITED STATES,USA,BUSAN,KOR,174,17,4,-5.0,10,50.0,False,False,False,https://www.busan.com/view/busan/view.php?code=2026090818204223693
2026-09-09,2026-09-09,True,CHN,threat,CHINA,CHN,SAMSUNG,KOR,010,01,1,0.0,3,-0.0,False,False,False,https://economictimes.indiatimes.com/industry/cons-products/electronics/apple-enters-late-but-sets-the-rules-a-1999-bet-on-the-foldable-market-with-iphone-duo/articleshow/133981538.cms
2026-09-09,2026-09-09,True,CHN,threat,CHINA,CHN,SEOUL,KOR,190,19,4,-10.0,10,100.0,False,False,False,https://www.breitbart.com/national-security/2026/09/09/china-philippine-feud-over-south-china-sea-escalates/
2026-09-09,2026-09-09,True,CHN,threat,CHINA,CHN,SOUTH KOREAN,KOR,010,01,1,0.0,10,-0.0,True,False,True,https://news.antiwar.com/2026/09/09/do-not-join-a-war-of-aggression-south-koreans-rally-against-potential-hormuz-deployment/
2026-09-09,2026-09-09,True,CHN,threat,CHINA,CHN,SOUTH KOREA,KOR,042,04,1,1.9,8,-15.2,False,False,False,https://spacedaily.com/k-between-1989-and-1997-the-united-states-shipped-more-than-50-million-pet-turtles-abroad-and-enough-of-the-red-eared-sliders-were-later-dumped-in-ponds-and-rivers-when-they-grew-too-big-that-the-spec/
2026-09-09,2026-09-09,True,CHN,threat,CHINA,CHN,SOUTH KOREA,KOR,042,04,1,1.9,2,-3.8,False,False,False,https://spacedaily.com/k-between-1989-and-1997-the-united-states-shipped-more-than-50-million-pet-turtles-abroad-and-enough-of-the-red-eared-sliders-were-later-dumped-in-ponds-and-rivers-when-they-grew-too-big-that-the-spec/
2026-09-09,2026-09-09,True,CHN,threat,SUZHOU,CHN,JEONBUK,KOR,170,17,4,-7.0,10,70.0,False,False,False,https://www.etoday.co.kr/news/view/2623667
2026-09-09,2026-09-09,True,CHN,threat,CHINA,CHN,LEE HYUN JAE,KOR,043,04,1,2.8,4,-11.2,False,False,False,https://www.edaily.co.kr/News/Read?newsId=05576006645578480&mediaCodeNo=257
2026-09-09,2026-09-09,True,CHN,threat,CHANGSHA,CHN,SOUTH KOREA,KOR,190,19,4,-10.0,2,20.0,False,False,False,https://www.newspim.com/news/view/20260909000562
2026-09-09,2026-09-09,True,CHN,threat,BEIJING,CHN,SOUTH KOREA,KOR,042,04,1,1.9,1,-1.9,False,False,False,https://timesofindia.indiatimes.com/india/evening-news-wrap-vijay-led-tvk-alliance-gets-official-name-mayawati-puts-condition-on-nephews-party-role-more/articleshow/133970623.cms
2026-09-09,2026-09-09,True,CHN,threat,CHINA,CHN,SEOUL,KOR,111,11,3,-2.0,10,20.0,False,False,False,https://www.business-standard.com/world-news/philippines-defence-chief-rebukes-china-over-south-china-sea-note-in-seoul-126090901065_1.html
2026-09-09,2026-09-09,True,CHN,threat,CHINA,CHN,SOUTH KOREA,KOR,1721,17,4,-5.0,10,50.0,False,False,False,https://www.huffingtonpost.kr:443/article/260332
2026-09-09,2026-09-09,True,CHN,threat,CHINESE,CHN,SOUTH KOREAN,KOR,112,11,3,-2.0,2,4.0,False,False,False,https://vietnamnews.vn/world/1799222/thailand-arrests-12-south-koreans-in-scam-centre-bust.html
2026-09-09,2026-09-09,True,CHN,threat,CHINA,CHN,SOUTH KOREA,KOR,020,02,1,3.0,6,-18.0,False,False,False,https://www.dailynayadiganta.com/international/europe/LSylyPens1Ba
2026-09-09,2026-09-09,True,CHN,threat,CHINA,CHN,SOUTH KOREA,KOR,020,02,1,3.0,2,-6.0,False,False,False,https://www.dailynayadiganta.com/international/europe/LSylyPens1Ba
2026-09-09,2026-09-09,True,CHN,threat,CHINA,CHN,SOUTH KOREA,KOR,043,04,1,2.8,10,-28.0,False,False,False,https://www.philstar.com/headlines/2026/09/09/2555076/teodoro-rebuts-chinas-note-onstage-seoul-of-course-because-you-lost
2026-09-09,2026-09-09,True,CHN,threat,CHINESE,CHN,SEOUL,KOR,125,12,3,-5.0,4,20.0,False,False,False,https://www.philstar.com/headlines/2026/09/09/2555076/teodoro-rebuts-chinas-note-onstage-seoul-of-course-because-you-lost
2026-09-09,2026-09-09,True,CHN,threat,CHINESE,CHN,SEOUL,KOR,125,12,3,-5.0,3,15.0,False,False,True,https://www.philstar.com/headlines/2026/09/09/2555076/teodoro-rebuts-chinas-note-onstage-seoul-of-course-because-you-lost
2026-09-09,2026-09-09,True,CHN,threat,BEIJING,CHN,SOUTH KOREA,KOR,042,04,1,1.9,1,-1.9,False,False,False,https://timesofindia.indiatimes.com/india/evening-news-wrap-vijay-led-tvk-alliance-gets-official-name-mayawati-puts-condition-on-nephews-party-role-more/articleshow/133970623.cms
2026-09-09,2026-09-09,True,CHN,threat,CHINA,CHN,SOUTH KOREA,KOR,046,04,1,7.0,1,-7.0,False,False,False,https://www.trend.az/casia/uzbekistan/4222326.html
2026-09-09,2026-09-09,True,CHN,threat,CHINA,CHN,SOUTH KOREA,KOR,046,04,1,7.0,1,-7.0,False,False,True,https://www.trend.az/casia/uzbekistan/4222326.html
2026-09-09,2026-09-09,True,CHN,threat,CHINESE,CHN,REPUBLIC OF KOREA,KOR,043,04,1,2.8,10,-28.0,False,False,False,https://www.sunstar.com.ph/manila/teodoro-accuses-china-of-coercion-bullying-over-seoul-note
2026-09-09,2026-09-09,True,CHN,threat,CHINA,CHN,SOUTH KOREA,KOR,112,11,3,-2.0,1,2.0,False,False,False,https://vietnamnews.vn/world/1799222/thailand-arrests-12-south-koreans-in-scam-centre-bust.html
2026-09-09,2026-09-09,True,CHN,threat,CHANGSHA,CHN,SOUTH KOREA,KOR,190,19,4,-10.0,2,20.0,False,False,False,https://www.newspim.com/news/view/20260909000562
2026-09-09,2026-09-09,True,JPN,threat,JAPANESE,JPN,SOUTH KOREAN,KOR,046,04,1,7.0,5,-35.0,False,False,False,https://www.taipeitimes.com/News/biz/archives/2026/09/10/2003863982
2026-09-09,2026-09-09,True,JPN,threat,JAPAN,JPN,SOUTH KOREA,KOR,046,04,1,7.0,2,-14.0,False,False,False,https://www.taipeitimes.com/News/biz/archives/2026/09/10/2003863982
2026-09-09,2026-09-09,True,JPN,threat,JAPANESE,JPN,SOUTH KOREAN,KOR,046,04,1,7.0,1,-7.0,False,False,False,https://www.taipeitimes.com/News/biz/archives/2026/09/10/2003863982
2026-09-09,2026-09-09,True,JPN,threat,JAPAN,JPN,SEOUL,KOR,043,04,1,2.8,1,-2.8,False,False,False,https://www.kmib.co.kr/article/view.asp?arcid=9000010704&code=11151600&sid1=eco
2026-09-09,2026-09-09,True,JPN,threat,JAPAN,JPN,SEOUL,KOR,043,04,1,2.8,4,-11.2,False,False,False,https://www.kmib.co.kr/article/view.asp?arcid=9000010704&code=11151600&sid1=eco
2026-09-09,2026-09-09,True,JPN,threat,JAPANESE,JPN,SOUTH KOREA,KOR,010,01,1,0.0,2,-0.0,False,False,False,https://www.webpronews.com/canadas-urgent-turn-to-asia-tests-decades-of-u-s-reliance/
2026-09-09,2026-09-09,True,JPN,threat,JAPAN,JPN,SOUTH KOREA,KOR,010,01,1,0.0,3,-0.0,False,False,False,https://www.business-standard.com/markets/news/brent-crude-hits-100-bbl-after-3-months-nifty-oil-gas-stocks-then-now-126090900670_1.html
2026-09-09,2026-09-09,True,JPN,threat,JAPAN,JPN,SAMSUNG,KOR,040,04,1,1.0,2,-2.0,False,False,False,https://www.ddaily.co.kr:443/page/view/2026090912094471465
2026-09-09,2026-09-09,True,JPN,threat,JAPAN,JPN,SOUTH KOREA,KOR,010,01,1,0.0,2,-0.0,False,False,False,https://www.webpronews.com/canadas-urgent-turn-to-asia-tests-decades-of-u-s-reliance/
2026-09-09,2026-09-09,True,JPN,threat,JAPAN,JPN,REPUBLIC OF KOREA,KOR,0312,03,1,5.2,2,-10.4,False,False,False,http://eng.chinamil.com.cn/2025xb/O_251451/16484661.html
2026-09-09,2026-09-09,True,JPN,threat,JAPAN,JPN,SOUTH KOREA,KOR,192,19,4,-9.5,1,9.5,False,False,False,https://www.energylivenews.com/2026/09/09/new-nuclear-alliance-is-formed-between-three-major-countries/
2026-09-09,2026-09-09,True,JPN,threat,JAPAN,JPN,SOUTH KOREA,KOR,030,03,1,4.0,1,-4.0,False,False,False,https://www.energylivenews.com/2026/09/09/new-nuclear-alliance-is-formed-between-three-major-countries/
2026-09-09,2026-09-09,True,JPN,threat,JAPAN,JPN,SOUTH KOREA,KOR,057,05,1,8.0,1,-8.0,False,False,False,https://www.energylivenews.com/2026/09/09/new-nuclear-alliance-is-formed-between-three-major-countries/
2026-09-09,2026-09-09,True,JPN,threat,JAPAN,JPN,SEOUL,KOR,042,04,1,1.9,1,-1.9,True,False,True,https://asianews.network/seoul-urges-renewed-us-north-korea-talks-backed-by-strong-deterrence/
2026-09-09,2026-09-09,True,JPN,threat,JAPAN,JPN,SOUTH KOREA,KOR,046,04,1,7.0,1,-7.0,False,False,False,https://thediplomat.com/2026/09/japan-korea-working-together-as-like-minded-countries/
2026-09-09,2026-09-09,True,JPN,threat,JAPAN,JPN,SOUTH KOREA,KOR,110,11,3,-2.0,2,4.0,False,False,False,https://openthemagazine.com/world/from-old-wounds-to-ai-and-defence-why-ishiba-wants-japan-and-south-korea-closer-than-ever
2026-09-09,2026-09-09,True,JPN,threat,JAPAN,JPN,SOUTH KOREA,KOR,050,05,1,3.5,2,-7.0,False,False,False,https://openthemagazine.com/world/from-old-wounds-to-ai-and-defence-why-ishiba-wants-japan-and-south-korea-closer-than-ever
2026-09-09,2026-09-09,True,JPN,threat,JAPANESE,JPN,SOUTH KOREAN,KOR,010,01,1,0.0,6,-0.0,False,False,False,https://www.webpronews.com/canadas-urgent-turn-to-asia-tests-decades-of-u-s-reliance/
2026-09-09,2026-09-09,True,JPN,threat,JAPAN,JPN,SOUTH KOREA,KOR,043,04,1,2.8,4,-11.2,False,False,False,https://www.koreatimes.co.kr/economy/20260909/korea-still-riding-ai-investment-supercycle-but-risks-are-building
2026-09-09,2026-09-09,True,JPN,threat,JAPAN,JPN,REPUBLIC OF KOREA,KOR,0312,03,1,5.2,8,-41.6,False,False,False,http://eng.chinamil.com.cn/2025xb/O_251451/16484661.html
2026-09-09,2026-09-09,True,JPN,threat,JAPAN,JPN,SOUTH KOREA,KOR,030,03,1,4.0,4,-16.0,False,False,False,https://www.energylivenews.com/2026/09/09/new-nuclear-alliance-is-formed-between-three-major-countries/
2026-09-09,2026-09-09,True,JPN,threat,JAPAN,JPN,SOUTH KOREA,KOR,057,05,1,8.0,2,-16.0,False,False,False,https://www.energylivenews.com/2026/09/09/new-nuclear-alliance-is-formed-between-three-major-countries/
2026-09-09,2026-09-09,True,JPN,threat,JAPAN,JPN,SOUTH KOREA,KOR,192,19,4,-9.5,4,38.0,False,False,False,https://www.energylivenews.com/2026/09/09/new-nuclear-alliance-is-formed-between-three-major-countries/
2026-09-09,2026-09-09,True,JPN,threat,JAPAN,JPN,REPUBLIC OF KOREA,KOR,051,05,1,3.4,10,-34.0,False,False,False,http://www.koreatimes.com/article/20260909/1628988
2026-09-09,2026-09-09,True,JPN,threat,JAPAN,JPN,SOUTH KOREA,KOR,192,19,4,-9.5,5,47.5,False,False,False,https://www.energylivenews.com/2026/09/09/new-nuclear-alliance-is-formed-between-three-major-countries/
2026-09-09,2026-09-09,True,JPN,threat,JAPAN,JPN,SOUTH KOREA,KOR,046,04,1,7.0,1,-7.0,False,False,False,https://thediplomat.com/2026/09/japan-korea-working-together-as-like-minded-countries/
2026-09-09,2026-09-09,True,JPN,threat,JAPAN,JPN,SOUTH KOREA,KOR,110,11,3,-2.0,8,16.0,False,False,False,https://openthemagazine.com/world/from-old-wounds-to-ai-and-defence-why-ishiba-wants-japan-and-south-korea-closer-than-ever
2026-09-09,2026-09-09,True,JPN,threat,JAPANESE,JPN,SOUTH KOREAN,KOR,050,05,1,3.5,6,-21.0,False,False,False,https://openthemagazine.com/world/from-old-wounds-to-ai-and-defence-why-ishiba-wants-japan-and-south-korea-closer-than-ever
2026-09-09,2026-09-09,True,JPN,threat,JAPAN,JPN,SEOUL,KOR,042,04,1,1.9,1,-1.9,False,False,False,https://asianews.network/seoul-urges-renewed-us-north-korea-talks-backed-by-strong-deterrence/
2026-09-09,2026-09-09,True,JPN,threat,JAPANESE,JPN,SEOUL,KOR,042,04,1,1.9,2,-3.8,True,False,True,https://asianews.network/seoul-urges-renewed-us-north-korea-talks-backed-by-strong-deterrence/
2026-09-09,2026-09-09,True,PRK,response,SEOUL,KOR,NORTH KOREA,PRK,180,18,4,-9.0,10,90.0,False,False,False,https://www.express.pk/story/2831821/russia-north-korea-direct-road-link-yakov-novichenko-bridge-2831821
2026-09-09,2026-09-09,True,JPN,response,SOUTH KOREAN,KOR,JAPANESE,JPN,046,04,1,7.0,5,-35.0,False,False,False,https://www.taipeitimes.com/News/biz/archives/2026/09/10/2003863982
2026-09-09,2026-09-09,True,JPN,response,SOUTH KOREA,KOR,JAPAN,JPN,046,04,1,7.0,2,-14.0,False,False,False,https://www.taipeitimes.com/News/biz/archives/2026/09/10/2003863982
2026-09-09,2026-09-09,True,JPN,response,SOUTH KOREAN,KOR,JAPANESE,JPN,046,04,1,7.0,1,-7.0,False,False,False,https://www.taipeitimes.com/News/biz/archives/2026/09/10/2003863982
2026-09-09,2026-09-09,True,USA,response,SOUTH KOREA,KOR,WASHINGTON,USA,150,15,4,-7.2,5,36.0,False,False,False,https://www.koreaherald.com/article/10868114
2026-09-09,2026-09-09,True,USA,response,SAMSUNG,KOR,UNITED STATES,USA,112,11,3,-2.0,5,10.0,False,False,False,https://www.trustedreviews.com/news/the-foldable-iphone-duo-is-the-most-expensive-iphone-yet
2026-09-09,2026-09-09,True,USA,response,SOUTH KOREA,KOR,UNITED STATES,USA,100,10,3,-5.0,2,10.0,False,False,False,https://www.koreaherald.com/article/10868114
2026-09-09,2026-09-09,True,USA,response,SOUTH KOREA,KOR,WASHINGTON,USA,150,15,4,-7.2,5,36.0,False,False,False,https://www.koreaherald.com/article/10868114
2026-09-09,2026-09-09,True,USA,response,SOUTH KOREA,KOR,UNITED STATES,USA,100,10,3,-5.0,6,30.0,False,False,False,https://www.koreaherald.com/article/10868114
2026-09-09,2026-09-09,True,USA,response,SOUTH KOREA,KOR,WASHINGTON,USA,042,04,1,1.9,1,-1.9,False,False,True,https://www.koreaherald.com/article/10868116
2026-09-09,2026-09-09,True,CHN,response,SEOUL,KOR,CHINA,CHN,111,11,3,-2.0,10,20.0,False,False,False,https://wcbm.com/national-headline/watch-china-tried-to-intimidate-the-philippines-defense-secretary-his-response-was-brutal/
2026-09-09,2026-09-09,True,CHN,response,SAMSUNG,KOR,CHINESE,CHN,111,11,3,-2.0,7,14.0,False,False,False,https://www.cnet.com/tech/mobile/apple-debuts-the-iphone-duo-its-first-foldable-handset/
2026-09-09,2026-09-09,True,PRK,response,SOUTH KOREA,KOR,DPRK,PRK,062,06,2,7.4,10,-74.0,False,False,False,http://www.northkoreatimes.com/news/279296698/the-us-south-korea-japan-wargames-offer-a-glimpse-of-washington-real-plan-for-asia
2026-09-09,2026-09-09,True,USA,response,SEOUL,KOR,THE US,USA,060,06,2,6.0,2,-12.0,False,False,False,http://www.northkoreatimes.com/news/279296698/the-us-south-korea-japan-wargames-offer-a-glimpse-of-washington-real-plan-for-asia
2026-09-09,2026-09-09,True,PRK,response,KOREA SOUTH,KOR,NORTH KOREAN,PRK,090,09,2,-2.0,6,12.0,False,False,False,https://www.voakorea.com/a/u-s--rok-commanders-inspect-dmz-readiness-090926/8196043.html
2026-09-09,2026-09-09,True,USA,response,SAMSUNG,KOR,GOOGLE,USA,010,01,1,0.0,5,-0.0,False,False,False,https://www.makeuseof.com/i-used-android-for-years-before-learning-these-features/
2026-09-09,2026-09-09,True,USA,response,SAMSUNG,KOR,GOOGLE,USA,020,02,1,3.0,5,-15.0,False,False,False,https://www.makeuseof.com/i-used-android-for-years-before-learning-these-features/
2026-09-09,2026-09-09,True,USA,response,SOUTH KOREA,KOR,NASHVILLE,USA,042,04,1,1.9,4,-7.6,False,False,False,https://dailyastorian.com/2026/09/09/9-11-stories-from-clatsop-county-readers/
2026-09-09,2026-09-09,True,CHN,response,SEOUL,KOR,CHINA,CHN,190,19,4,-10.0,10,100.0,False,False,False,https://www.breitbart.com/national-security/2026/09/09/china-philippine-feud-over-south-china-sea-escalates/
2026-09-09,2026-09-09,True,RUS,response,SEOUL,KOR,MOSCOW,RUS,036,03,1,4.0,7,-28.0,False,False,False,https://iz.ru/2164014/vladimir-sevriuk-anastasiia-kostina/yuzhnaya-koreya-nakachivaet-vooruzheniyami-vostochnyj-flang-nato
2026-09-09,2026-09-09,True,JPN,response,SEOUL,KOR,JAPAN,JPN,042,04,1,1.9,5,-9.5,False,False,False,https://www.kmib.co.kr/article/view.asp?arcid=9000010704&code=11151600&sid1=eco
2026-09-09,2026-09-09,True,RUS,response,SEOUL,KOR,MOSCOW,RUS,036,03,1,4.0,1,-4.0,False,False,False,https://iz.ru/2164014/vladimir-sevriuk-anastasiia-kostina/yuzhnaya-koreya-nakachivaet-vooruzheniyami-vostochnyj-flang-nato
2026-09-09,2026-09-09,True,CHN,response,SOUTH KOREA,KOR,CHINA,CHN,043,04,1,2.8,8,-22.4,False,False,False,https://spacedaily.com/k-between-1989-and-1997-the-united-states-shipped-more-than-50-million-pet-turtles-abroad-and-enough-of-the-red-eared-sliders-were-later-dumped-in-ponds-and-rivers-when-they-grew-too-big-that-the-spec/
2026-09-09,2026-09-09,True,CHN,response,SOUTH KOREA,KOR,CHINA,CHN,043,04,1,2.8,2,-5.6,False,False,False,https://spacedaily.com/k-between-1989-and-1997-the-united-states-shipped-more-than-50-million-pet-turtles-abroad-and-enough-of-the-red-eared-sliders-were-later-dumped-in-ponds-and-rivers-when-they-grew-too-big-that-the-spec/
2026-09-09,2026-09-09,True,PRK,response,SOUTH KOREA,KOR,NORTH KOREA,PRK,130,13,3,-4.4,2,8.8,False,False,False,https://www.lifo.gr/now/world/i-boreia-korea-ehtise-nea-diorofi-monada-employtismoy-oyranioy-sobari-anisyhia-apo-tin
2026-09-09,2026-09-09,True,PRK,response,SOUTH KOREA,KOR,NORTH KOREA,PRK,130,13,3,-4.4,2,8.8,False,False,False,https://www.lifo.gr/now/world/i-boreia-korea-ehtise-nea-diorofi-monada-employtismoy-oyranioy-sobari-anisyhia-apo-tin
2026-09-09,2026-09-09,True,USA,response,SAMSUNG,KOR,MOTOROLA,USA,111,11,3,-2.0,10,20.0,False,False,False,https://www.meioemensagem.com.br/marketing/concorrentes-zombam-da-apple-apos-iphone-duo
2026-09-09,2026-09-09,True,RUS,response,SOUTH KOREA,KOR,RUSSIA,RUS,072,07,2,8.3,1,-8.3,False,False,False,https://www.yahoo.com/news/articles/north-koreas-kim-thanks-troops-221441213.html
2026-09-09,2026-09-09,True,RUS,response,SOUTH KOREA,KOR,RUSSIA,RUS,072,07,2,8.3,1,-8.3,False,False,False,https://www.yahoo.com/news/articles/north-koreas-kim-thanks-troops-221441213.html
2026-09-09,2026-09-09,True,RUS,response,SOUTH KOREA,KOR,RUSSIA,RUS,062,06,2,7.4,1,-7.4,False,False,False,https://www.yahoo.com/news/articles/north-koreas-kim-thanks-troops-221441213.html
2026-09-09,2026-09-09,True,RUS,response,SOUTH KOREA,KOR,RUSSIA,RUS,062,06,2,7.4,1,-7.4,False,False,False,https://www.yahoo.com/news/articles/north-koreas-kim-thanks-troops-221441213.html
2026-09-09,2026-09-09,True,USA,response,SAMSUNG,KOR,GOOGLE,USA,043,04,1,2.8,10,-28.0,False,False,False,https://www.ibtimes.com.au/apple-unveils-first-foldable-iphone-duo-1875232
2026-09-09,2026-09-09,True,PRK,response,GYEONGNAM,KOR,GYEONGSANG,PRK,020,02,1,3.0,20,-60.0,False,False,False,http://www.knnews.co.kr/news/articleView.php?idxno=1550532
2026-09-09,2026-09-09,True,USA,response,SAMSUNG,KOR,NVIDIA,USA,042,04,1,1.9,5,-9.5,False,False,False,https://www.ibtimes.co.uk/uk-companies-canada-gateway-north-america-1818710
2026-09-09,2026-09-09,True,CHN,response,SOUTH KOREA,KOR,CHINA,CHN,112,11,3,-2.0,1,2.0,False,False,False,https://vietnamnews.vn/world/1799222/thailand-arrests-12-south-koreans-in-scam-centre-bust.html
2026-09-09,2026-09-09,True,CHN,response,REPUBLIC OF KOREA,KOR,CHINESE,CHN,042,04,1,1.9,10,-19.0,False,False,False,https://www.sunstar.com.ph/manila/teodoro-accuses-china-of-coercion-bullying-over-seoul-note
2026-09-09,2026-09-09,True,CHN,response,SEOUL,KOR,CHINA,CHN,120,12,3,-4.0,2,8.0,False,False,False,https://hotair.com/john-s-2/2026/09/09/this-is-going-to-make-china-very-unhappy-n3818814
2026-09-09,2026-09-09,True,JPN,response,SOUTH KOREA,KOR,JAPAN,JPN,042,04,1,1.9,4,-7.6,False,False,False,https://www.koreatimes.co.kr/economy/20260909/korea-still-riding-ai-investment-supercycle-but-risks-are-building
2026-09-09,2026-09-09,True,CHN,response,SAMSUNG,KOR,CHINA,CHN,010,01,1,0.0,2,-0.0,False,False,False,https://www.ibtimes.com.au/apples-foldable-iphone-new-era-smartphone-innovation-1875251
2026-09-09,2026-09-09,True,CHN,response,SOUTH KOREAN,KOR,CHINESE,CHN,112,11,3,-2.0,2,4.0,False,False,False,https://vietnamnews.vn/world/1799222/thailand-arrests-12-south-koreans-in-scam-centre-bust.html
2026-09-09,2026-09-09,True,RUS,response,SOUTH KOREA,KOR,VLADIMIR PUTIN,RUS,040,04,1,1.0,6,-6.0,False,False,True,https://naslovi.net/2026-09-09/rtv/putin-i-si-djinping-cestitali-kim-dzong-unu-dan-drzavnosti-severne-koreje/42333207
2026-09-09,2026-09-09,True,CHN,response,SOUTH KOREA,KOR,CHINA,CHN,141,14,3,-6.5,2,13.0,False,False,False,https://www.livemint.com/opinion/online-views/a-2-000-iphone-duo-gives-john-ternus-his-steve-jobs-moment-11788962771319.html
2026-09-09,2026-09-09,True,CHN,response,LEE HYUN JAE,KOR,CHINA,CHN,042,04,1,1.9,4,-7.6,False,False,False,https://www.edaily.co.kr/News/Read?newsId=05576006645578480&mediaCodeNo=257
2026-09-09,2026-09-09,True,CHN,response,SOUTH KOREA,KOR,BEIJING,CHN,043,04,1,2.8,1,-2.8,False,False,False,https://timesofindia.indiatimes.com/india/evening-news-wrap-vijay-led-tvk-alliance-gets-official-name-mayawati-puts-condition-on-nephews-party-role-more/articleshow/133970623.cms
2026-09-09,2026-09-09,True,CHN,response,SOUTH KOREA,KOR,BEIJING,CHN,112,11,3,-2.0,1,2.0,False,False,False,https://timesofindia.indiatimes.com/india/evening-news-wrap-vijay-led-tvk-alliance-gets-official-name-mayawati-puts-condition-on-nephews-party-role-more/articleshow/133970623.cms
2026-09-09,2026-09-09,True,CHN,response,SOUTH KOREA,KOR,CHINA,CHN,010,01,1,0.0,2,-0.0,False,False,False,https://www.scmp.com/news/china/diplomacy/article/3366935/beijing-tells-manila-stop-lying-after-minister-exposes-south-china-sea-note
2026-09-09,2026-09-09,True,CHN,response,SOUTH KOREA,KOR,CHINA,CHN,042,04,1,1.9,10,-19.0,False,False,False,https://www.philstar.com/headlines/2026/09/09/2555076/teodoro-rebuts-chinas-note-onstage-seoul-of-course-because-you-lost
2026-09-09,2026-09-09,True,CHN,response,SOUTH KOREA,KOR,BEIJING,CHN,112,11,3,-2.0,1,2.0,False,False,False,https://timesofindia.indiatimes.com/india/evening-news-wrap-vijay-led-tvk-alliance-gets-official-name-mayawati-puts-condition-on-nephews-party-role-more/articleshow/133970623.cms
2026-09-09,2026-09-09,True,CHN,response,SOUTH KOREA,KOR,BEIJING,CHN,043,04,1,2.8,1,-2.8,False,False,False,https://timesofindia.indiatimes.com/india/evening-news-wrap-vijay-led-tvk-alliance-gets-official-name-mayawati-puts-condition-on-nephews-party-role-more/articleshow/133970623.cms
2026-09-09,2026-09-09,True,USA,response,SOUTH KOREA,KOR,GUAM,USA,043,04,1,2.8,2,-5.6,False,False,False,https://guam.stripes.com/travel/guam-taught-me-military-spouse.html
2026-09-09,2026-09-09,True,USA,response,SOUTH KOREA,KOR,GUAM,USA,043,04,1,2.8,8,-22.4,False,False,False,https://guam.stripes.com/travel/guam-taught-me-military-spouse.html
2026-09-09,2026-09-09,True,USA,response,SOUTH KOREA,KOR,A US,USA,020,02,1,3.0,4,-12.0,False,False,False,https://www.lalibre.be/international/moyen-orient/iran/2026/09/09/le-gouvernement-sud-coreen-marche-sur-des-oeufs-vers-une-operation-dans-le-detroit-dormuz-GJFRZ5KA7FGVDLFO2MZFR7IG7M/
2026-09-09,2026-09-09,True,USA,response,SEOUL,KOR,THE US,USA,060,06,2,6.0,4,-24.0,False,False,False,http://www.bignewsnetwork.com/news/279296698/the-us-south-korea-japan-wargames-offer-a-glimpse-of-washington-real-plan-for-asia
2026-09-09,2026-09-09,True,USA,response,SEOUL,KOR,THE US,USA,060,06,2,6.0,2,-12.0,False,False,False,http://www.bignewsnetwork.com/news/279296698/the-us-south-korea-japan-wargames-offer-a-glimpse-of-washington-real-plan-for-asia
2026-09-09,2026-09-09,True,USA,response,SEOUL,KOR,UNITED STATES,USA,020,02,1,3.0,2,-6.0,False,False,False,https://www.koreatimes.co.kr/foreignaffairs/20260909/lee-macron-back-hormuz-cooperation-stress-peaceful-multinational-mission
2026-09-09,2026-09-09,True,USA,response,SOUTH KOREA,KOR,THE US,USA,072,07,2,8.3,2,-16.6,False,False,False,https://www.koreaherald.com/article/10867864
2026-09-09,2026-09-09,True,JPN,response,SOUTH KOREA,KOR,JAPAN,JPN,051,05,1,3.4,2,-6.8,False,False,False,http://www.koreatimes.com/article/20260909/1628989
2026-09-09,2026-09-09,True,JPN,response,REPUBLIC OF KOREA,KOR,JAPAN,JPN,0312,03,1,5.2,2,-10.4,False,False,False,http://eng.chinamil.com.cn/2025xb/O_251451/16484661.html
2026-09-09,2026-09-09,True,USA,response,REPUBLIC OF KOREA,KOR,THE US,USA,0312,03,1,5.2,2,-10.4,False,False,False,http://eng.chinamil.com.cn/2025xb/O_251451/16484661.html
2026-09-09,2026-09-09,True,JPN,response,SOUTH KOREA,KOR,JAPAN,JPN,051,05,1,3.4,8,-27.2,False,False,False,http://www.koreatimes.com/article/20260909/1628989
2026-09-09,2026-09-09,True,JPN,response,SOUTH KOREA,KOR,JAPAN,JPN,120,12,3,-4.0,10,40.0,False,False,False,https://www.kmib.co.kr/article/view.asp?arcid=9000010624&code=11121100&sid1=pol
2026-09-09,2026-09-09,True,JPN,response,SOUTH KOREA,KOR,JAPAN,JPN,080,08,2,5.0,6,-30.0,False,False,False,https://ura.news/articles/1053125572
2026-09-09,2026-09-09,True,JPN,response,REPUBLIC OF KOREA,KOR,JAPAN,JPN,0312,03,1,5.2,8,-41.6,False,False,False,http://eng.chinamil.com.cn/2025xb/O_251451/16484661.html
2026-09-09,2026-09-09,True,USA,response,REPUBLIC OF KOREA,KOR,THE US,USA,0312,03,1,5.2,8,-41.6,False,False,False,http://eng.chinamil.com.cn/2025xb/O_251451/16484661.html
2026-09-09,2026-09-09,True,JPN,response,SOUTH KOREA,KOR,JAPAN,JPN,030,03,1,4.0,4,-16.0,False,False,False,https://www.energylivenews.com/2026/09/09/new-nuclear-alliance-is-formed-between-three-major-countries/
2026-09-09,2026-09-09,True,JPN,response,SOUTH KOREA,KOR,JAPAN,JPN,057,05,1,8.0,2,-16.0,False,False,False,https://www.energylivenews.com/2026/09/09/new-nuclear-alliance-is-formed-between-three-major-countries/
2026-09-09,2026-09-09,True,JPN,response,SEOUL,KOR,JAPAN,JPN,043,04,1,2.8,1,-2.8,True,False,True,https://asianews.network/seoul-urges-renewed-us-north-korea-talks-backed-by-strong-deterrence/
2026-09-09,2026-09-09,True,PRK,response,SEOUL,KOR,PYONGYANG,PRK,046,04,1,7.0,1,-7.0,False,False,False,https://asianews.network/seoul-urges-renewed-us-north-korea-talks-backed-by-strong-deterrence/
2026-09-09,2026-09-09,True,JPN,response,SEOUL,KOR,JAPAN,JPN,043,04,1,2.8,1,-2.8,False,False,False,https://asianews.network/seoul-urges-renewed-us-north-korea-talks-backed-by-strong-deterrence/
2026-09-09,2026-09-09,True,JPN,response,SEOUL,KOR,JAPANESE,JPN,043,04,1,2.8,2,-5.6,True,False,True,https://asianews.network/seoul-urges-renewed-us-north-korea-talks-backed-by-strong-deterrence/
2026-09-09,2026-09-09,True,JPN,response,SOUTH KOREA,KOR,JAPAN,JPN,046,04,1,7.0,1,-7.0,False,False,False,https://thediplomat.com/2026/09/japan-korea-working-together-as-like-minded-countries/
2026-09-09,2026-09-09,True,JPN,response,SOUTH KOREA,KOR,JAPAN,JPN,012,01,1,-0.4,2,0.8,False,False,False,https://inosmi.ru/20260909/koreya-280063183.html
2026-09-09,2026-09-09,True,JPN,response,DAEGU,KOR,JAPANESE,JPN,020,02,1,3.0,2,-6.0,False,False,False,https://www.edaily.co.kr/News/Read?newsId=04549366645578480&mediaCodeNo=257
2026-09-09,2026-09-09,True,JPN,response,SOUTH KOREA,KOR,JAPAN,JPN,110,11,3,-2.0,2,4.0,False,False,False,https://openthemagazine.com/world/from-old-wounds-to-ai-and-defence-why-ishiba-wants-japan-and-south-korea-closer-than-ever
2026-09-09,2026-09-09,True,JPN,response,SOUTH KOREA,KOR,JAPAN,JPN,050,05,1,3.5,2,-7.0,False,False,False,https://openthemagazine.com/world/from-old-wounds-to-ai-and-defence-why-ishiba-wants-japan-and-south-korea-closer-than-ever
2026-09-09,2026-09-09,True,JPN,response,SOUTH KOREA,KOR,JAPAN,JPN,046,04,1,7.0,1,-7.0,False,False,False,https://thediplomat.com/2026/09/japan-korea-working-together-as-like-minded-countries/
2026-09-09,2026-09-09,True,JPN,response,SEOUL,KOR,TOKYO,JPN,173,17,4,-5.0,5,25.0,False,False,False,https://openthemagazine.com/world/from-old-wounds-to-ai-and-defence-why-ishiba-wants-japan-and-south-korea-closer-than-ever
2026-09-09,2026-09-09,True,JPN,response,SOUTH KOREA,KOR,JAPAN,JPN,110,11,3,-2.0,8,16.0,False,False,False,https://openthemagazine.com/world/from-old-wounds-to-ai-and-defence-why-ishiba-wants-japan-and-south-korea-closer-than-ever
2026-09-09,2026-09-09,True,JPN,response,SOUTH KOREAN,KOR,JAPANESE,JPN,050,05,1,3.5,6,-21.0,False,False,False,https://openthemagazine.com/world/from-old-wounds-to-ai-and-defence-why-ishiba-wants-japan-and-south-korea-closer-than-ever
2026-09-09,2026-09-09,True,JPN,response,SEOUL,KOR,TOKYO,JPN,173,17,4,-5.0,5,25.0,False,False,False,https://openthemagazine.com/world/from-old-wounds-to-ai-and-defence-why-ishiba-wants-japan-and-south-korea-closer-than-ever
2026-09-09,2026-09-09,True,JPN,response,SOUTH KOREA,KOR,JAPAN,JPN,090,09,2,-2.0,4,8.0,False,False,False,https://inosmi.ru/20260909/koreya-280063183.html
2026-09-09,2026-09-09,True,PRK,response,SOUTH KOREA,KOR,NORTH KOREA,PRK,043,04,1,2.8,2,-5.6,False,False,False,https://www.koreaherald.com/article/10868147
2026-09-09,2026-09-09,True,PRK,response,SOUTH KOREA,KOR,NORTH KOREAN,PRK,0214,02,1,3.4,8,-27.2,True,False,False,https://www.koreaherald.com/article/10868147
2026-09-09,2026-09-09,True,PRK,response,SOUTH KOREA,KOR,NORTH KOREA,PRK,010,01,1,0.0,8,-0.0,True,False,False,https://www.koreaherald.com/article/10868147
2026-09-09,2026-09-09,True,PRK,response,SOUTH KOREA,KOR,NORTH KOREAN,PRK,120,12,3,-4.0,10,40.0,False,False,False,https://www.nknews.org/2026/09/south-korea-denies-easing-response-to-north-korean-border-crossings/
2026-09-09,2026-09-09,True,PRK,response,SOUTH KOREA,KOR,NORTH KOREAN,PRK,090,09,2,-2.0,10,20.0,False,False,False,https://www.freemalaysiatoday.com/category/world/2026/09/09/south-korea-says-monitoring-north-korean-border-incursions
2026-09-09,2026-09-09,True,PRK,response,SOUTH KOREA,KOR,NORTH KOREA,PRK,090,09,2,-2.0,2,4.0,True,False,False,https://www.freemalaysiatoday.com/category/world/2026/09/09/south-korea-says-monitoring-north-korean-border-incursions
2026-09-09,2026-09-09,True,PRK,response,SOUTH KOREA,KOR,NORTH KOREA,PRK,040,04,1,1.0,2,-2.0,False,False,False,https://koran-jakarta.com/2026-09-09/hope-dua-jam-tanpa-napas-dalam-pembantaian-warga-desa-oleh-monster-alien-maestro-horor-korea
2026-09-09,2026-09-09,True,PRK,response,SOUTH KOREA,KOR,NORTH KOREAN,PRK,090,09,2,-2.0,8,16.0,True,False,False,https://www.freemalaysiatoday.com/category/world/2026/09/09/south-korea-says-monitoring-north-korean-border-incursions
2026-09-09,2026-09-09,True,PRK,response,SOUTH KOREA,KOR,NORTH KOREA,PRK,040,04,1,1.0,8,-8.0,False,False,False,https://koran-jakarta.com/2026-09-09/hope-dua-jam-tanpa-napas-dalam-pembantaian-warga-desa-oleh-monster-alien-maestro-horor-korea
2026-09-09,2026-09-09,True,PRK,response,SEOUL,KOR,NORTH KOREA,PRK,046,04,1,7.0,2,-14.0,False,False,False,https://www.stripes.com/theaters/asia_pacific/2026-09-09/north-korea-seoul-defense-dialogue-22795429.html
2026-09-09,2026-09-09,True,PRK,response,SOUTH KOREA,KOR,PYONGYANG,PRK,050,05,1,3.5,1,-3.5,False,False,False,https://thediplomat.com/2026/09/japan-korea-working-together-as-like-minded-countries/
2026-09-09,2026-09-09,True,JPN,response,SOUTH KOREA,KOR,JAPAN,JPN,012,01,1,-0.4,2,0.8,False,False,False,https://inosmi.ru/20260909/koreya-280063183.html
2026-09-09,2026-09-09,True,PRK,response,SOUTH KOREA,KOR,NORTH KOREA,PRK,043,04,1,2.8,1,-2.8,False,False,False,https://www.koreaherald.com/article/10867115
2026-09-09,2026-09-09,True,PRK,response,SOUTH KOREA,KOR,PYONGYANG,PRK,043,04,1,2.8,7,-19.6,False,False,False,https://www.koreaherald.com/article/10867115
2026-09-09,2026-09-09,True,PRK,response,SEOUL,KOR,PYONGYANG,PRK,050,05,1,3.5,6,-21.0,False,False,False,https://www.koreaherald.com/article/10867864
2026-09-09,2026-09-09,True,PRK,response,SOUTH KOREA,KOR,PYONGYANG,PRK,050,05,1,3.5,1,-3.5,False,False,False,https://asianews.network/seoul-urges-renewed-us-north-korea-talks-backed-by-strong-deterrence/
2026-09-09,2026-09-09,True,PRK,response,SEOUL,KOR,NORTH KOREA,PRK,046,04,1,7.0,3,-21.0,False,False,False,https://www.stripes.com/theaters/asia_pacific/2026-09-09/north-korea-seoul-defense-dialogue-22795429.html
2026-09-09,2026-09-09,True,PRK,response,SOUTH KOREA,KOR,NORTH KOREA,PRK,040,04,1,1.0,2,-2.0,False,False,True,https://www.stripes.com/theaters/asia_pacific/2026-09-09/north-korea-seoul-defense-dialogue-22795429.html
2026-09-09,2026-09-09,True,PRK,response,SOUTH KOREA,KOR,NORTH KOREA,PRK,051,05,1,3.4,2,-6.8,True,False,False,https://www.stripes.com/theaters/asia_pacific/2026-09-09/north-korea-seoul-defense-dialogue-22795429.html
2026-09-09,2026-09-09,True,USA,response,SOUTH KOREA,KOR,UNITED STATES,USA,046,04,1,7.0,2,-14.0,False,False,False,https://www.koreaherald.com/article/10867864
2026-09-09,2026-09-09,True,JPN,response,SOUTH KOREA,KOR,JAPAN,JPN,080,08,2,5.0,2,-10.0,False,False,False,https://ura.news/articles/1053125572
2026-09-09,2026-09-09,True,USA,response,SOUTH KOREA,KOR,UNITED STATES,USA,020,02,1,3.0,2,-6.0,False,False,False,https://www.fnnews.com/news/202609091635597101
2026-09-09,2026-09-09,True,PRK,response,SOUTH KOREA,KOR,NORTH KOREA,PRK,120,12,3,-4.0,6,24.0,False,False,False,https://www.federalna.ba/iaea-sjeverna-koreja-izgradila-novo-nuklearno-postrojenje-6wqui
2026-09-09,2026-09-09,True,USA,response,SOUTH KOREA,KOR,A US,USA,040,04,1,1.0,8,-8.0,False,False,False,https://www.kmib.co.kr/article/view.asp?arcid=9000010624&code=11121100&sid1=pol
2026-09-09,2026-09-09,True,JPN,response,SAMSUNG,KOR,JAPAN,JPN,040,04,1,1.0,2,-2.0,False,False,False,https://www.ddaily.co.kr:443/page/view/2026090912094471465
2026-09-09,2026-09-09,True,RUS,response,SOUTH KOREA,KOR,RUSSIA,RUS,080,08,2,5.0,6,-30.0,False,False,False,https://www.rp.pl/polityka/art45115611-zolnierze-korei-polnocnej-zaczeli-regularnie-przekraczac-granice-miedzy-koreami
2026-09-09,2026-09-09,True,RUS,response,SOUTH KOREA,KOR,VLADIMIR PUTIN,RUS,040,04,1,1.0,2,-2.0,False,False,True,https://naslovi.net/2026-09-09/rtv/putin-i-si-djinping-cestitali-kim-dzong-unu-dan-drzavnosti-severne-koreje/42333207
2026-09-09,2026-09-09,True,USA,response,SOUTH KOREA,KOR,ALASKA,USA,020,02,1,3.0,2,-6.0,False,False,False,https://www.edaily.co.kr/News/Read?newsId=04460806645578480&mediaCodeNo=257
2026-09-09,2026-09-09,True,USA,response,SOUTH KOREA,KOR,BOEING,USA,110,11,3,-2.0,4,8.0,False,False,False,https://www.koreatimes.co.kr/southkorea/society/20260909/why-jeju-air-crash-victims-families-are-taking-boeing-to-us-courts
2026-09-09,2026-09-09,True,USA,response,SOUTH KOREA,KOR,UNITED STATES,USA,110,11,3,-2.0,2,4.0,False,False,False,https://www.koreatimes.co.kr/southkorea/society/20260909/why-jeju-air-crash-victims-families-are-taking-boeing-to-us-courts
2026-09-09,2026-09-09,True,USA,response,SOUTH KOREA,KOR,UNITED STATES,USA,114,11,3,-2.0,2,4.0,False,False,False,https://www.koreatimes.co.kr/southkorea/society/20260909/why-jeju-air-crash-victims-families-are-taking-boeing-to-us-courts
2026-09-09,2026-09-09,True,PRK,response,SOUTH KOREA,KOR,NORTH KOREA,PRK,042,04,1,1.9,4,-7.6,False,False,False,https://www.koreaherald.com/article/10867115
2026-09-09,2026-09-09,True,PRK,response,SOUTH KOREA,KOR,KIM JONG IL,PRK,017,01,1,0.0,2,-0.0,False,False,True,https://www.koreaherald.com/article/10867115
2026-09-09,2026-09-09,True,PRK,response,SOUTH KOREA,KOR,NORTH KOREA,PRK,030,03,1,4.0,1,-4.0,True,False,True,https://www.stripes.com/theaters/asia_pacific/2026-09-09/north-korea-seoul-defense-dialogue-22795429.html
2026-09-09,2026-09-09,True,PRK,response,SEOUL,KOR,PYONGYANG,PRK,046,04,1,7.0,1,-7.0,False,False,False,https://asianews.network/seoul-urges-renewed-us-north-korea-talks-backed-by-strong-deterrence/
2026-09-09,2026-09-09,True,USA,response,SOUTH KOREA,KOR,A US,USA,020,02,1,3.0,4,-12.0,False,False,False,https://www.lalibre.be/international/moyen-orient/iran/2026/09/09/le-gouvernement-sud-coreen-marche-sur-des-oeufs-vers-une-operation-dans-le-detroit-dormuz-GJFRZ5KA7FGVDLFO2MZFR7IG7M/
2026-09-09,2026-09-09,True,USA,response,SEOUL,KOR,UNITED STATES,USA,070,07,2,7.0,1,-7.0,False,False,False,https://www.koreatimes.co.kr/foreignaffairs/20260909/lee-macron-back-hormuz-cooperation-stress-peaceful-multinational-mission
2026-09-09,2026-09-09,True,USA,response,SEOUL,KOR,UNITED STATES,USA,046,04,1,7.0,10,-70.0,False,False,False,https://zdnet.co.kr/view/?no=20260909145417
2026-09-09,2026-09-09,True,USA,response,SOUTH KOREA,KOR,THE US,USA,042,04,1,1.9,4,-7.6,False,False,False,https://www.newsway.co.kr/news/view?ud=2026090911220129658
2026-09-09,2026-09-09,True,USA,response,SOUTH KOREA,KOR,THE US,USA,042,04,1,1.9,4,-7.6,False,False,False,https://www.newsway.co.kr/news/view?ud=2026090911220129658
2026-09-09,2026-09-09,True,PRK,response,SOUTH KOREA,KOR,PYONGYANG,PRK,050,05,1,3.5,1,-3.5,False,False,False,https://asianews.network/seoul-urges-renewed-us-north-korea-talks-backed-by-strong-deterrence/
2026-09-09,2026-09-09,True,USA,response,SOUTH KOREA,KOR,THE US,USA,139,13,3,-7.0,10,70.0,False,False,False,https://bworldonline.com/world/2026/09/09/775630/south-korea-says-hormuz-talks-with-france-concern-contribution-options-not-troop-deployment/
2026-09-09,2026-09-09,True,USA,response,SOUTH KOREA,KOR,THE US,USA,057,05,1,8.0,10,-80.0,False,False,False,https://www.hani.co.kr/arti/english_edition/e_international/1277024.html
2026-09-09,2026-09-09,True,PRK,response,SOUTH KOREA,KOR,NORTH KOREA,PRK,010,01,1,0.0,2,-0.0,True,False,False,https://www.koreaherald.com/article/10868147
2026-09-09,2026-09-09,True,PRK,response,SOUTH KOREA,KOR,NORTH KOREAN,PRK,0214,02,1,3.4,2,-6.8,True,False,False,https://www.koreaherald.com/article/10868147
2026-09-09,2026-09-09,True,PRK,response,SOUTH KOREA,KOR,DPRK,PRK,112,11,3,-2.0,30,60.0,False,False,False,https://life.ru/p/yuzhnaya-koreya-obvinila-kndr-v-20-perehodah-granitsy-voennymi-za-mesyats
2026-09-09,2026-09-09,True,USA,response,SEOUL,KOR,REUTERS,USA,010,01,1,0.0,6,-0.0,False,False,True,https://www.mako.co.il/pzm-soldiers/Article-fbb7b42aaf480a1027.htm
2026-09-09,2026-09-09,True,USA,response,SOUTH KOREA,KOR,WASHINGTON,USA,120,12,3,-4.0,10,40.0,False,False,True,https://www.abc.com.py/internacionales/2026/09/09/la-encrucijada-de-seul-sobre-el-envio-de-tropas-a-ormuz-ante-la-presion-de-eeuu/
2026-09-09,2026-09-09,True,USA,response,SOUTH KOREA,KOR,UNITED STATES,USA,040,04,1,1.0,2,-2.0,False,False,False,https://almadapaper.net/452064/
2026-09-09,2026-09-09,True,USA,response,SOUTH KOREA,KOR,REUTERS,USA,013,01,1,0.4,10,-4.0,False,False,True,https://www.webpronews.com/south-korea-bets-22-3-billion-on-texas-gas-plant-to-fuel-ai-surge/
2026-09-09,2026-09-09,True,PRK,response,SOUTH KOREA,KOR,DPRK,PRK,062,06,2,7.4,6,-44.4,False,False,False,http://www.bignewsnetwork.com/news/279296698/the-us-south-korea-japan-wargames-offer-a-glimpse-of-washington-real-plan-for-asia
2026-09-09,2026-09-09,True,RUS,response,SEOUL,KOR,RUSSIAN,RUS,190,19,4,-10.0,2,20.0,False,False,False,http://www.bignewsnetwork.com/news/279296698/the-us-south-korea-japan-wargames-offer-a-glimpse-of-washington-real-plan-for-asia
2026-09-09,2026-09-09,True,USA,response,SEOUL,KOR,THE US,USA,060,06,2,6.0,4,-24.0,False,False,False,http://www.bignewsnetwork.com/news/279296698/the-us-south-korea-japan-wargames-offer-a-glimpse-of-washington-real-plan-for-asia
2026-09-09,2026-09-09,True,USA,response,SOUTH KOREA,KOR,THE US,USA,062,06,2,7.4,6,-44.4,False,False,False,http://www.bignewsnetwork.com/news/279296698/the-us-south-korea-japan-wargames-offer-a-glimpse-of-washington-real-plan-for-asia
2026-09-09,2026-09-09,True,USA,response,SOUTH KOREA,KOR,UNITED STATES,USA,071,07,2,7.4,2,-14.8,False,True,False,https://www.edaily.co.kr/News/Read?newsId=03558806645578480&mediaCodeNo=257
2026-09-09,2026-09-09,True,USA,response,SOUTH KOREA,KOR,BOEING,USA,010,01,1,0.0,2,-0.0,False,False,False,https://www.koreatimes.co.kr/southkorea/society/20260909/why-jeju-air-crash-victims-families-are-taking-boeing-to-us-courts
2026-09-09,2026-09-09,True,USA,response,SOUTH KOREA,KOR,BOEING,USA,128,12,3,-5.0,1,5.0,False,False,False,https://www.koreatimes.co.kr/southkorea/society/20260909/why-jeju-air-crash-victims-families-are-taking-boeing-to-us-courts
2026-09-09,2026-09-09,True,CHN,response,SEOUL,KOR,CHINA,CHN,025,02,1,-0.3,2,0.6,False,False,False,https://hotair.com/john-s-2/2026/09/09/this-is-going-to-make-china-very-unhappy-n3818814
2026-09-09,2026-09-09,True,RUS,response,SEOUL,KOR,RUSSIAN,RUS,190,19,4,-10.0,5,50.0,False,False,False,http://www.bignewsnetwork.com/news/279296698/the-us-south-korea-japan-wargames-offer-a-glimpse-of-washington-real-plan-for-asia
2026-09-09,2026-09-09,True,RUS,response,SOUTH KOREA,KOR,RUSSIA,RUS,057,05,1,8.0,2,-16.0,False,False,False,https://www.energylivenews.com/2026/09/09/new-nuclear-alliance-is-formed-between-three-major-countries/
2026-09-09,2026-09-09,True,CHN,response,SOUTH KOREA,KOR,CHINA,CHN,040,04,1,1.0,4,-4.0,False,False,True,https://naslovi.net/tema/2567079
2026-09-09,2026-09-09,True,RUS,response,SOUTH KOREA,KOR,VLADIMIR,RUS,040,04,1,1.0,4,-4.0,False,False,True,https://naslovi.net/tema/2567079
2026-09-09,2026-09-09,True,RUS,response,SOUTH KOREA,KOR,RUSSIA,RUS,050,05,1,3.5,2,-7.0,False,False,False,https://www.segye.com:443/newsView/20260909516928
2026-09-09,2026-09-09,True,RUS,response,SOUTH KOREA,KOR,RUSSIA,RUS,050,05,1,3.5,2,-7.0,False,False,False,https://www.segye.com:443/newsView/20260909516928
2026-09-09,2026-09-09,True,RUS,response,SOUTH KOREA,KOR,RUSSIA,RUS,070,07,2,7.0,4,-28.0,False,False,False,https://www.segye.com:443/newsView/20260909516928
2026-09-09,2026-09-09,True,USA,response,INCHEON,KOR,THE US,USA,061,06,2,6.4,10,-64.0,False,True,False,https://www.koreaherald.com/article/10867554
2026-09-09,2026-09-09,True,USA,response,SOUTH KOREA,KOR,UNITED STATES,USA,071,07,2,7.4,2,-14.8,False,True,False,https://www.edaily.co.kr/News/Read?newsId=03558806645578480&mediaCodeNo=257
2026-09-09,2026-09-09,True,USA,response,SOUTH KOREA,KOR,UNITED STATES,USA,020,02,1,3.0,8,-24.0,False,False,False,https://www.fnnews.com/news/202609091635597101
2026-09-09,2026-09-09,True,USA,response,SOUTH KOREA,KOR,UNITED STATES,USA,010,01,1,0.0,1,-0.0,False,False,False,https://www.business-standard.com/markets/news/brent-crude-hits-100-bbl-after-3-months-nifty-oil-gas-stocks-then-now-126090900670_1.html
2026-09-09,2026-09-09,True,JPN,response,SOUTH KOREA,KOR,JAPAN,JPN,030,03,1,4.0,1,-4.0,False,False,False,https://www.energylivenews.com/2026/09/09/new-nuclear-alliance-is-formed-between-three-major-countries/
2026-09-09,2026-09-09,True,USA,response,SOUTH KOREA,KOR,UNITED STATES,USA,030,03,1,4.0,1,-4.0,False,False,False,https://www.energylivenews.com/2026/09/09/new-nuclear-alliance-is-formed-between-three-major-countries/
2026-09-09,2026-09-09,True,JPN,response,SOUTH KOREA,KOR,JAPAN,JPN,057,05,1,8.0,1,-8.0,False,False,False,https://www.energylivenews.com/2026/09/09/new-nuclear-alliance-is-formed-between-three-major-countries/
2026-09-09,2026-09-09,True,USA,response,SOUTH KOREA,KOR,UNITED STATES,USA,057,05,1,8.0,1,-8.0,False,False,False,https://www.energylivenews.com/2026/09/09/new-nuclear-alliance-is-formed-between-three-major-countries/
2026-09-09,2026-09-09,True,USA,response,SOUTH KOREA,KOR,UNITED STATES,USA,010,01,1,0.0,1,-0.0,False,False,False,https://www.business-standard.com/markets/news/brent-crude-hits-100-bbl-after-3-months-nifty-oil-gas-stocks-then-now-126090900670_1.html
2026-09-09,2026-09-09,True,USA,response,SOUTH KOREA,KOR,UNITED STATES,USA,040,04,1,1.0,10,-10.0,False,False,False,https://www.edaily.co.kr/News/Read?newsId=04244326645578480&mediaCodeNo=257
2026-09-09,2026-09-09,True,USA,response,SOUTH KOREA,KOR,UNITED STATES,USA,030,03,1,4.0,4,-16.0,False,False,False,https://www.energylivenews.com/2026/09/09/new-nuclear-alliance-is-formed-between-three-major-countries/
2026-09-09,2026-09-09,True,USA,response,SOUTH KOREA,KOR,UNITED STATES,USA,057,05,1,8.0,2,-16.0,False,False,False,https://www.energylivenews.com/2026/09/09/new-nuclear-alliance-is-formed-between-three-major-countries/
2026-09-09,2026-09-09,True,USA,response,SOUTH KOREA,KOR,UNITED STATES,USA,020,02,1,3.0,8,-24.0,False,False,False,https://www.generation-nt.com/actualites/openai-samsung-conception-puces-intelligence-artificielle-2080859
2026-09-09,2026-09-09,True,USA,response,SEOUL,KOR,UNITED STATES,USA,046,04,1,7.0,20,-140.0,False,False,False,https://www.edaily.co.kr/News/Read?newsId=04237766645578480&mediaCodeNo=257
2026-09-09,2026-09-09,True,USA,response,SEOUL,KOR,UNITED STATES,USA,111,11,3,-2.0,10,20.0,False,False,False,https://www.kmib.co.kr/article/view.asp?arcid=9000010662&code=11121100&sid1=pol
2026-09-09,2026-09-09,True,USA,response,SOUTH KOREA,KOR,UNITED STATES,USA,057,05,1,8.0,2,-16.0,False,False,False,https://www.etoday.co.kr/news/view/2623545
2026-09-09,2026-09-09,True,USA,response,SOUTH KOREA,KOR,UNITED STATES,USA,040,04,1,1.0,10,-10.0,False,False,False,https://www.etoday.co.kr/news/view/2623545
2026-09-09,2026-09-09,True,USA,response,SOUTH KOREA,KOR,UNITED STATES,USA,057,05,1,8.0,8,-64.0,False,False,False,https://www.etoday.co.kr/news/view/2623545
2026-09-09,2026-09-09,True,USA,response,SOUTH KOREA,KOR,ALASKA,USA,020,02,1,3.0,8,-24.0,False,False,False,https://www.edaily.co.kr/News/Read?newsId=04460806645578480&mediaCodeNo=257
2026-09-09,2026-09-09,True,USA,response,SOUTH KOREA,KOR,UNITED STATES,USA,046,04,1,7.0,2,-14.0,False,False,False,https://www.koreaherald.com/article/10867864
2026-09-09,2026-09-09,True,PRK,response,SOUTH KOREA,KOR,NORTH KOREA,PRK,050,05,1,3.5,4,-14.0,False,False,False,https://www.koreaherald.com/article/10867864
2026-09-09,2026-09-09,True,USA,response,SOUTH KOREA,KOR,UNITED STATES,USA,046,04,1,7.0,6,-42.0,False,False,False,https://www.koreaherald.com/article/10867864
2026-09-09,2026-09-09,True,USA,response,SEOUL,KOR,UNITED STATES,USA,070,07,2,7.0,1,-7.0,False,False,False,https://www.koreatimes.co.kr/foreignaffairs/20260909/lee-macron-back-hormuz-cooperation-stress-peaceful-multinational-mission
2026-09-09,2026-09-09,True,USA,response,KOREA SOUTH,KOR,UNITED STATES,USA,010,01,1,0.0,10,-0.0,False,False,False,https://www.aljazeera.net/news/2026/9/9/%D9%83%D9%88%D8%B1%D9%8A%D8%A7-%D8%A7%D9%84%D8%AC%D9%86%D9%88%D8%A8%D9%8A%D8%A9-%D8%A8%D8%AD%D8%AB%D9%86%D8%A7-%D9%85%D8%B9-%D9%81%D8%B1%D9%86%D8%B3%D8%A7
2026-09-09,2026-09-09,True,USA,response,SEOUL,KOR,AMERICAN,USA,141,14,3,-6.5,10,65.0,False,False,False,https://www.abc.com.py/internacionales/2026/09/09/la-encrucijada-de-seul-sobre-el-envio-de-tropas-a-ormuz-ante-la-presion-de-eeuu/
2026-09-09,2026-09-09,True,USA,response,SOUTH KOREA,KOR,WASHINGTON,USA,022,02,1,3.2,10,-32.0,False,False,True,https://www.abc.com.py/internacionales/2026/09/09/la-encrucijada-de-seul-sobre-el-envio-de-tropas-a-ormuz-ante-la-presion-de-eeuu/
2026-09-09,2026-09-09,True,USA,response,KOREA SOUTH,KOR,UNITED STATES,USA,040,04,1,1.0,8,-8.0,False,False,False,https://almadapaper.net/452064/
2026-09-09,2026-09-09,True,USA,response,SEOUL,KOR,UNITED STATES,USA,010,01,1,0.0,10,-0.0,False,False,False,https://www.webpronews.com/south-korea-bets-22-3-billion-on-texas-gas-plant-to-fuel-ai-surge/
2026-09-09,2026-09-09,True,USA,response,SOUTH KOREA,KOR,UNITED STATES,USA,190,19,4,-10.0,4,40.0,False,False,False,https://www.ktre.com/2026/09/09/us-south-korea-announce-new-cooperation-identify-korean-war-powmia-service-members/
2026-09-09,2026-09-09,True,USA,response,SAMSUNG,KOR,UNITED STATES,USA,036,03,1,4.0,4,-16.0,False,False,False,https://www.newsbug.info/monticello_herald_journal/news/rokita-warns-hoosiers-to-play-it-safe-when-buying-or-selling-online/article_460a11b5-d0b1-4d59-afa2-f1e72bf53d89.html
2026-09-09,2026-09-09,True,USA,response,SAMSUNG,KOR,INDIANAPOLIS,USA,036,03,1,4.0,2,-8.0,False,False,False,https://www.newsbug.info/monticello_herald_journal/news/rokita-warns-hoosiers-to-play-it-safe-when-buying-or-selling-online/article_460a11b5-d0b1-4d59-afa2-f1e72bf53d89.html
2026-09-09,2026-09-09,True,USA,response,SOUTH KOREA,KOR,THE US,USA,120,12,3,-4.0,10,40.0,False,False,False,https://www.hankookilbo.com/news/article/A2026090909330000385
2026-09-09,2026-09-09,True,USA,response,SEOUL,KOR,THE US,USA,040,04,1,1.0,8,-8.0,False,False,False,https://www.rigzone.com/news/wire/korea_picks_22b_gas_project_as_first_in_usa_trade_deal-09-sep-2026-184577-article/
2026-09-09,2026-09-09,True,USA,response,SOUTH KOREA,KOR,UNITED STATES,USA,042,04,1,1.9,3,-5.7,False,False,False,https://www.dailykos.com/stories/2026/9/9/800093979/elections/his-model-was-built-to-detect-voter-fraud-now-its-testing-the-limits-of-election-trust/
2026-09-09,2026-09-09,True,USA,response,SEOUL,KOR,THE US,USA,040,04,1,1.0,2,-2.0,False,False,False,https://www.rigzone.com/news/wire/korea_picks_22b_gas_project_as_first_in_usa_trade_deal-09-sep-2026-184577-article/
2026-09-09,2026-09-09,True,USA,response,SOUTH KOREA,KOR,UNITED STATES,USA,110,11,3,-2.0,1,2.0,False,False,False,https://www.koreatimes.co.kr/southkorea/society/20260909/why-jeju-air-crash-victims-families-are-taking-boeing-to-us-courts
2026-09-09,2026-09-09,True,USA,response,SOUTH KOREA,KOR,UNITED STATES,USA,114,11,3,-2.0,2,4.0,False,False,False,https://www.koreatimes.co.kr/southkorea/society/20260909/why-jeju-air-crash-victims-families-are-taking-boeing-to-us-courts
2026-09-09,2026-09-09,True,USA,response,SOUTH KOREA,KOR,BOEING,USA,128,12,3,-5.0,1,5.0,False,False,False,https://www.koreatimes.co.kr/southkorea/society/20260909/why-jeju-air-crash-victims-families-are-taking-boeing-to-us-courts
2026-09-09,2026-09-09,True,USA,response,SOUTH KOREA,KOR,UNITED STATES,USA,110,11,3,-2.0,1,2.0,False,False,False,https://www.koreatimes.co.kr/southkorea/society/20260909/why-jeju-air-crash-victims-families-are-taking-boeing-to-us-courts
2026-09-09,2026-09-09,True,CHN,response,SOUTH KOREA,KOR,CHINA,CHN,046,04,1,7.0,1,-7.0,False,False,False,https://www.trend.az/casia/uzbekistan/4222326.html
2026-09-09,2026-09-09,True,CHN,response,SOUTH KOREA,KOR,CHINA,CHN,046,04,1,7.0,1,-7.0,False,False,True,https://www.trend.az/casia/uzbekistan/4222326.html
2026-09-09,2026-09-09,True,USA,response,ULSAN,KOR,THE US,USA,061,06,2,6.4,10,-64.0,False,True,False,https://biz.heraldcorp.com/article/10867140
2026-09-09,2026-09-09,True,PRK,threat,DPRK,PRK,SOUTH KOREA,KOR,062,06,2,7.4,10,-74.0,False,False,False,http://www.northkoreatimes.com/news/279296698/the-us-south-korea-japan-wargames-offer-a-glimpse-of-washington-real-plan-for-asia
2026-09-09,2026-09-09,True,PRK,threat,PYONGYANG,PRK,SOUTH KOREA,KOR,026,02,1,4.0,14,-56.0,False,False,False,https://www.lifo.gr/now/world/i-boreia-korea-ehtise-nea-diorofi-monada-employtismoy-oyranioy-sobari-anisyhia-apo-tin
2026-09-09,2026-09-09,True,PRK,threat,PYONGYANG,PRK,SOUTH KOREA,KOR,026,02,1,4.0,2,-8.0,False,False,False,https://www.lifo.gr/now/world/i-boreia-korea-ehtise-nea-diorofi-monada-employtismoy-oyranioy-sobari-anisyhia-apo-tin
2026-09-09,2026-09-09,True,PRK,threat,NORTH KOREA,PRK,SOUTH KOREA,KOR,051,05,1,3.4,4,-13.6,False,False,False,https://www.yahoo.com/news/articles/north-koreas-kim-thanks-troops-221441213.html
2026-09-09,2026-09-09,True,PRK,threat,PYONGYANG,PRK,SOUTH KOREA,KOR,050,05,1,3.5,1,-3.5,False,False,False,https://thediplomat.com/2026/09/japan-korea-working-together-as-like-minded-countries/
2026-09-09,2026-09-09,True,PRK,threat,NORTH KOREA,PRK,SOUTH KOREA,KOR,042,04,1,1.9,2,-3.8,False,False,False,https://www.koreaherald.com/article/10868147
2026-09-09,2026-09-09,True,PRK,threat,NORTH KOREA,PRK,SEOUL,KOR,046,04,1,7.0,2,-14.0,False,False,False,https://www.stripes.com/theaters/asia_pacific/2026-09-09/north-korea-seoul-defense-dialogue-22795429.html
2026-09-09,2026-09-09,True,PRK,threat,NORTH KOREA,PRK,SOUTH KOREA,KOR,040,04,1,1.0,10,-10.0,False,False,False,https://koran-jakarta.com/2026-09-09/hope-dua-jam-tanpa-napas-dalam-pembantaian-warga-desa-oleh-monster-alien-maestro-horor-korea
2026-09-09,2026-09-09,True,PRK,threat,NORTH KOREA,PRK,SOUTH KOREA,KOR,043,04,1,2.8,1,-2.8,False,False,False,https://www.koreaherald.com/article/10867115
2026-09-09,2026-09-09,True,PRK,threat,PYONGYANG,PRK,SOUTH KOREA,KOR,042,04,1,1.9,6,-11.4,False,False,False,https://www.koreaherald.com/article/10867115
2026-09-09,2026-09-09,True,PRK,threat,NORTH KOREA,PRK,SOUTH KOREA,KOR,043,04,1,2.8,1,-2.8,False,False,False,https://www.koreaherald.com/article/10867115
2026-09-09,2026-09-09,True,PRK,threat,NORTH KOREA,PRK,REPUBLIC OF KOREA,KOR,017,01,1,0.0,10,-0.0,False,False,False,https://www.koreaherald.com/article/10867909
2026-09-09,2026-09-09,True,PRK,threat,NORTH KOREA,PRK,SOUTH KOREA,KOR,042,04,1,1.9,2,-3.8,False,False,False,https://www.koreaherald.com/article/10867115
2026-09-09,2026-09-09,True,PRK,threat,NORTH KOREA,PRK,SOUTH KOREA,KOR,043,04,1,2.8,2,-5.6,False,False,False,https://www.koreaherald.com/article/10867115
2026-09-09,2026-09-09,True,PRK,threat,PYONGYANG,PRK,SOUTH KOREA,KOR,050,05,1,3.5,1,-3.5,False,False,False,https://thediplomat.com/2026/09/japan-korea-working-together-as-like-minded-countries/
2026-09-09,2026-09-09,True,PRK,threat,PYONGYANG,PRK,SEOUL,KOR,046,04,1,7.0,1,-7.0,False,False,False,https://asianews.network/seoul-urges-renewed-us-north-korea-talks-backed-by-strong-deterrence/
2026-09-09,2026-09-09,True,PRK,threat,NORTH KOREA,PRK,SEOUL,KOR,046,04,1,7.0,3,-21.0,False,False,False,https://www.stripes.com/theaters/asia_pacific/2026-09-09/north-korea-seoul-defense-dialogue-22795429.html
2026-09-09,2026-09-09,True,PRK,threat,NORTH KOREA,PRK,SOUTH KOREA,KOR,040,04,1,1.0,2,-2.0,False,False,True,https://www.stripes.com/theaters/asia_pacific/2026-09-09/north-korea-seoul-defense-dialogue-22795429.html
2026-09-09,2026-09-09,True,PRK,threat,NORTH KOREA,PRK,SEOUL,KOR,130,13,3,-4.4,6,26.4,True,False,False,https://www.dailynews.co.th/news/6174498/
2026-09-09,2026-09-09,True,PRK,threat,PYONGYANG,PRK,SEOUL,KOR,046,04,1,7.0,1,-7.0,False,False,False,https://asianews.network/seoul-urges-renewed-us-north-korea-talks-backed-by-strong-deterrence/
2026-09-09,2026-09-09,True,PRK,threat,DPRK,PRK,SOUTH KOREA,KOR,062,06,2,7.4,6,-44.4,False,False,False,http://www.bignewsnetwork.com/news/279296698/the-us-south-korea-japan-wargames-offer-a-glimpse-of-washington-real-plan-for-asia
2026-09-09,2026-09-09,True,RUS,threat,RUSSIAN,RUS,SEOUL,KOR,012,01,1,-0.4,4,1.6,False,False,False,https://iz.ru/2164014/vladimir-sevriuk-anastasiia-kostina/yuzhnaya-koreya-nakachivaet-vooruzheniyami-vostochnyj-flang-nato
2026-09-09,2026-09-09,True,RUS,threat,RUSSIAN,RUS,SEOUL,KOR,012,01,1,-0.4,4,1.6,False,False,False,https://iz.ru/2164014/vladimir-sevriuk-anastasiia-kostina/yuzhnaya-koreya-nakachivaet-vooruzheniyami-vostochnyj-flang-nato
2026-09-09,2026-09-09,True,RUS,threat,RUSSIA,RUS,SOUTH KOREA,KOR,050,05,1,3.5,2,-7.0,False,False,False,https://informer.rs/planeta/vesti/1149181/dmitrij-medvedev-rusija-severna-koreja
2026-09-09,2026-09-09,True,RUS,threat,RUSSIA,RUS,SOUTH KOREA,KOR,050,05,1,3.5,2,-7.0,False,False,False,https://informer.rs/planeta/vesti/1149181/dmitrij-medvedev-rusija-severna-koreja
2026-09-09,2026-09-09,True,RUS,threat,RUSSIA,RUS,SEOUL,KOR,051,05,1,3.4,2,-6.8,False,False,True,https://www.defensenews.com/global/asia-pacific/2026/09/09/south-korea-supercharges-defense-budget-to-record-levels/
2026-09-09,2026-09-09,True,RUS,threat,KHABAROVSK,RUS,SEOUL,KOR,0874,08,2,10.0,6,-60.0,False,False,False,https://www.eastrussia.ru/material/kartoshka-s-pozolotoy-pyan-se-s-tomlyenymi-shchyechkami-chem-udivlyali-na-gastronomicheskom-festival/
2026-09-09,2026-09-09,True,RUS,threat,KHABAROVSK,RUS,SEOUL,KOR,0874,08,2,10.0,2,-20.0,False,False,False,https://www.eastrussia.ru/material/kartoshka-s-pozolotoy-pyan-se-s-tomlyenymi-shchyechkami-chem-udivlyali-na-gastronomicheskom-festival/
2026-09-09,2026-09-09,True,RUS,threat,RUSSIA,RUS,SOUTH KOREA,KOR,050,05,1,3.5,3,-10.5,False,False,False,https://informer.rs/planeta/vesti/1149181/dmitrij-medvedev-rusija-severna-koreja
2026-09-09,2026-09-09,True,RUS,threat,RUSSIA,RUS,SOUTH KOREA,KOR,080,08,2,5.0,4,-20.0,False,False,False,https://naslovi.net/2026-09-09/bbc-news/rusiju-i-severnu-koreju-od-sada-povezuje-i-drumski-most/42328722
2026-09-09,2026-09-09,True,RUS,threat,RUSSIA,RUS,SOUTH KOREA,KOR,010,01,1,0.0,2,-0.0,False,False,False,https://news.mail.ru/politics/72289698/
2026-09-09,2026-09-09,True,RUS,threat,RUSSIA,RUS,SOUTH KOREA,KOR,0874,08,2,10.0,1,-10.0,False,False,False,https://ura.news/articles/1053125572
2026-09-09,2026-09-09,True,RUS,threat,RUSSIA,RUS,SOUTH KOREA,KOR,070,07,2,7.0,5,-35.0,False,False,False,https://sputnikportal.rs/20260909/putin-i-si-cestitali-kim-dzong-unu-dan-drzavnosti-severne-koreje-1203203664.html
2026-09-09,2026-09-09,True,RUS,threat,RUSSIA,RUS,SOUTH KOREA,KOR,070,07,2,7.0,1,-7.0,False,False,False,https://sputnikportal.rs/20260909/putin-i-si-cestitali-kim-dzong-unu-dan-drzavnosti-severne-koreje-1203203664.html
2026-09-09,2026-09-09,True,RUS,threat,RUSSIA,RUS,SOUTH KOREA,KOR,010,01,1,0.0,4,-0.0,False,False,False,https://news.mail.ru/politics/72289698/
2026-09-09,2026-09-09,True,RUS,threat,RUSSIA,RUS,SOUTH KOREA,KOR,020,02,1,3.0,2,-6.0,False,False,False,https://www.dailynayadiganta.com/international/europe/LSylyPens1Ba
2026-09-09,2026-09-09,True,RUS,threat,RUSSIA,RUS,SOUTH KOREA,KOR,050,05,1,3.5,3,-10.5,False,False,False,https://www.novosti.rs/planeta/svet/1646675/medvedev-otkrio-sta-rusija-severna-koreja-spremaju-zapadu-ovo-nece-svideti
2026-09-09,2026-09-09,True,RUS,threat,RUSSIA,RUS,SOUTH KOREA,KOR,020,02,1,3.0,6,-18.0,False,False,False,https://www.dailynayadiganta.com/international/europe/LSylyPens1Ba
2026-09-09,2026-09-09,True,RUS,threat,RUSSIA,RUS,SOUTH KOREA,KOR,057,05,1,8.0,2,-16.0,False,False,False,https://www.energylivenews.com/2026/09/09/new-nuclear-alliance-is-formed-between-three-major-countries/
2026-09-09,2026-09-09,True,RUS,threat,RUSSIA,RUS,SEOUL,KOR,100,10,3,-5.0,1,5.0,False,False,False,https://www.defensenews.com/global/asia-pacific/2026/09/09/south-korea-supercharges-defense-budget-to-record-levels/
2026-09-09,2026-09-09,True,RUS,threat,KHABAROVSK,RUS,SEOUL,KOR,0874,08,2,10.0,2,-20.0,False,False,False,https://www.eastrussia.ru/material/kartoshka-s-pozolotoy-pyan-se-s-tomlyenymi-shchyechkami-chem-udivlyali-na-gastronomicheskom-festival/
2026-09-09,2026-09-09,True,RUS,threat,RUSSIA,RUS,SOUTH KOREA,KOR,050,05,1,3.5,3,-10.5,False,False,False,https://www.novosti.rs/planeta/svet/1646675/medvedev-otkrio-sta-rusija-severna-koreja-spremaju-zapadu-ovo-nece-svideti
2026-09-09,2026-09-09,True,RUS,threat,RUSSIA,RUS,SEOUL,KOR,100,10,3,-5.0,1,5.0,False,False,False,https://www.defensenews.com/global/asia-pacific/2026/09/09/south-korea-supercharges-defense-budget-to-record-levels/
2026-09-09,2026-09-09,True,RUS,threat,RUSSIA,RUS,SOUTH KOREA,KOR,050,05,1,3.5,5,-17.5,False,False,False,https://informer.rs/planeta/vesti/1149181/dmitrij-medvedev-rusija-severna-koreja
2026-09-09,2026-09-09,True,RUS,threat,RUSSIA,RUS,SOUTH KOREA,KOR,080,08,2,5.0,2,-10.0,False,False,False,https://naslovi.net/2026-09-09/bbc-news/rusiju-i-severnu-koreju-od-sada-povezuje-i-drumski-most/42328722
2026-09-09,2026-09-09,True,RUS,threat,RUSSIA,RUS,SOUTH KOREA,KOR,0874,08,2,10.0,5,-50.0,False,False,False,https://ura.news/articles/1053125572
2026-09-09,2026-09-09,True,USA,threat,WASHINGTON,USA,SEOUL,KOR,173,17,4,-5.0,10,50.0,False,False,False,https://www.hispantv.com/noticias/coreas/660131/surcoreanos-dicen-no-guerra-ilegal-eeuu
2026-09-09,2026-09-09,True,USA,threat,UNITED STATES,USA,SOUTH KOREA,KOR,010,01,1,0.0,4,-0.0,False,False,False,https://www.koreaherald.com/article/10868114
2026-09-09,2026-09-09,True,USA,threat,THE US,USA,SOUTH KOREA,KOR,030,03,1,4.0,2,-8.0,False,False,False,https://www.koreaherald.com/article/10868114
2026-09-09,2026-09-09,True,USA,threat,WASHINGTON,USA,SOUTH KOREA,KOR,043,04,1,2.8,1,-2.8,False,False,True,https://www.koreaherald.com/article/10868116
2026-09-09,2026-09-09,True,USA,threat,WASHINGTON,USA,SOUTH KOREA,KOR,010,01,1,0.0,4,-0.0,False,False,False,https://www.koreaherald.com/article/10868114
2026-09-09,2026-09-09,True,USA,threat,UNITED STATES,USA,SEOUL,KOR,100,10,3,-5.0,5,25.0,False,False,False,https://www.koreaherald.com/article/10868114
2026-09-09,2026-09-09,True,USA,threat,THE US,USA,SOUTH KOREA,KOR,062,06,2,7.4,2,-14.8,False,False,False,http://www.northkoreatimes.com/news/279296698/the-us-south-korea-japan-wargames-offer-a-glimpse-of-washington-real-plan-for-asia
2026-09-09,2026-09-09,True,USA,threat,UNITED STATES,USA,SOUTH KOREA,KOR,020,02,1,3.0,4,-12.0,False,False,False,https://www.polygon.com/brian-tyree-henry-bass-machina-interview/
2026-09-09,2026-09-09,True,USA,threat,NASHVILLE,USA,SOUTH KOREA,KOR,043,04,1,2.8,4,-11.2,False,False,False,https://dailyastorian.com/2026/09/09/9-11-stories-from-clatsop-county-readers/
2026-09-09,2026-09-09,True,USA,threat,UNITED STATES,USA,SOUTH KOREA,KOR,010,01,1,0.0,8,-0.0,False,False,False,https://www.etoday.co.kr/news/view/2623222
2026-09-09,2026-09-09,True,USA,threat,UNITED STATES,USA,SOUTH KOREA,KOR,010,01,1,0.0,2,-0.0,False,False,False,https://www.etoday.co.kr/news/view/2623222
2026-09-09,2026-09-09,True,USA,threat,MOTOROLA,USA,SAMSUNG,KOR,111,11,3,-2.0,10,20.0,False,False,False,https://www.meioemensagem.com.br/marketing/concorrentes-zombam-da-apple-apos-iphone-duo
2026-09-09,2026-09-09,True,USA,threat,GOOGLE,USA,SAMSUNG,KOR,042,04,1,1.9,10,-19.0,False,False,False,https://www.ibtimes.com.au/apple-unveils-first-foldable-iphone-duo-1875232
2026-09-09,2026-09-09,True,USA,threat,GOOGLE,USA,SAMSUNG,KOR,084,08,2,7.0,5,-35.0,False,False,False,https://www.ibtimes.com.au/apple-unveils-first-foldable-iphone-duo-1875232
2026-09-09,2026-09-09,True,USA,threat,NVIDIA,USA,SAMSUNG,KOR,043,04,1,2.8,5,-14.0,False,False,False,https://www.ibtimes.co.uk/uk-companies-canada-gateway-north-america-1818710
2026-09-09,2026-09-09,True,USA,threat,A US,USA,SOUTH KOREA,KOR,040,04,1,1.0,8,-8.0,False,False,False,https://www.kmib.co.kr/article/view.asp?arcid=9000010624&code=11121100&sid1=pol
2026-09-09,2026-09-09,True,USA,threat,THE US,USA,REPUBLIC OF KOREA,KOR,0312,03,1,5.2,2,-10.4,False,False,False,http://eng.chinamil.com.cn/2025xb/O_251451/16484661.html
2026-09-09,2026-09-09,True,USA,threat,UNITED STATES,USA,SOUTH KOREA,KOR,030,03,1,4.0,1,-4.0,False,False,False,https://www.energylivenews.com/2026/09/09/new-nuclear-alliance-is-formed-between-three-major-countries/
2026-09-09,2026-09-09,True,USA,threat,GUAM,USA,SOUTH KOREA,KOR,042,04,1,1.9,2,-3.8,False,False,False,https://guam.stripes.com/travel/guam-taught-me-military-spouse.html
2026-09-09,2026-09-09,True,USA,threat,UNITED STATES,USA,SOUTH KOREA,KOR,046,04,1,7.0,2,-14.0,False,False,False,https://www.koreaherald.com/article/10867864
2026-09-09,2026-09-09,True,USA,threat,UNITED STATES,USA,SOUTH KOREA,KOR,057,05,1,8.0,2,-16.0,False,False,False,https://www.etoday.co.kr/news/view/2623545
2026-09-09,2026-09-09,True,USA,threat,UNITED STATES,USA,SOUTH KOREA,KOR,040,04,1,1.0,10,-10.0,False,False,False,https://www.etoday.co.kr/news/view/2623545
2026-09-09,2026-09-09,True,USA,threat,UNITED STATES,USA,SOUTH KOREA,KOR,057,05,1,8.0,8,-64.0,False,False,False,https://www.etoday.co.kr/news/view/2623545
2026-09-09,2026-09-09,True,USA,threat,GUAM,USA,SOUTH KOREA,KOR,042,04,1,1.9,8,-15.2,False,False,False,https://guam.stripes.com/travel/guam-taught-me-military-spouse.html
2026-09-09,2026-09-09,True,USA,threat,THE US,USA,REPUBLIC OF KOREA,KOR,0312,03,1,5.2,8,-41.6,False,False,False,http://eng.chinamil.com.cn/2025xb/O_251451/16484661.html
2026-09-09,2026-09-09,True,USA,threat,LOS ANGELES,USA,SOUTH KOREA,KOR,111,11,3,-2.0,2,4.0,False,False,False,http://www.prnewswire.com/news-releases/vt-cosmetics-joins-target-beauty-studio-bringing-microneedling-inspired-scalp-care-to-target-guests-nationwide-302870476.html
2026-09-09,2026-09-09,True,USA,threat,THE US,USA,SOUTH KOREA,KOR,0311,03,1,5.2,10,-52.0,False,False,False,https://www.australiandefence.com.au/news/news/wild-card-bids-for-austal-usa
2026-09-09,2026-09-09,True,USA,threat,UNITED STATES,USA,SOUTH KOREA,KOR,057,05,1,8.0,3,-24.0,False,False,False,https://www.energylivenews.com/2026/09/09/new-nuclear-alliance-is-formed-between-three-major-countries/
2026-09-09,2026-09-09,True,USA,threat,UNITED STATES,USA,SOUTH KOREA,KOR,010,01,1,0.0,3,-0.0,False,False,False,https://www.dailykos.com/stories/2026/9/9/800093979/elections/his-model-was-built-to-detect-voter-fraud-now-its-testing-the-limits-of-election-trust/
2026-09-09,2026-09-09,True,USA,threat,UNITED STATES,USA,SOUTH KOREA,KOR,043,04,1,2.8,3,-8.4,False,False,False,https://www.dailykos.com/stories/2026/9/9/800093979/elections/his-model-was-built-to-detect-voter-fraud-now-its-testing-the-limits-of-election-trust/
2026-09-09,2026-09-09,True,USA,threat,UNITED STATES,USA,SOUTH KOREA,KOR,030,03,1,4.0,4,-16.0,False,False,False,https://www.energylivenews.com/2026/09/09/new-nuclear-alliance-is-formed-between-three-major-countries/
2026-09-09,2026-09-09,True,USA,threat,THE US,USA,SOUTH KOREA,KOR,0234,02,1,3.4,10,-34.0,False,False,False,https://www.koreaherald.com/article/10867864
2026-09-09,2026-09-09,True,USA,threat,THE US,USA,SOUTH KOREA,KOR,051,05,1,3.4,2,-6.8,False,False,False,https://www.koreaherald.com/article/10867864
2026-09-09,2026-09-09,True,USA,threat,THE US,USA,SEOUL,KOR,020,02,1,3.0,2,-6.0,True,False,True,https://www.koreaherald.com/article/10867864
2026-09-09,2026-09-09,True,USA,threat,THE US,USA,SOUTH KOREA,KOR,043,04,1,2.8,4,-11.2,False,False,False,https://www.newsway.co.kr/news/view?ud=2026090911220129658
2026-09-09,2026-09-09,True,USA,threat,THE US,USA,SOUTH KOREA,KOR,043,04,1,2.8,4,-11.2,False,False,False,https://www.newsway.co.kr/news/view?ud=2026090911220129658
2026-09-09,2026-09-09,True,USA,threat,THE US,USA,SOUTH KOREA,KOR,057,05,1,8.0,10,-80.0,False,False,False,https://www.hani.co.kr/arti/english_edition/e_international/1277024.html
2026-09-09,2026-09-09,True,USA,threat,UNITED STATES,USA,SEOUL,KOR,139,13,3,-7.0,2,14.0,False,False,False,https://news.bg/int-politics/yuzhna-koreya-i-frantsiya-obsadiha-ormuzkiya-protok.html
2026-09-09,2026-09-09,True,USA,threat,THE US,USA,SOUTH KOREA,KOR,062,06,2,7.4,6,-44.4,False,False,False,http://www.bignewsnetwork.com/news/279296698/the-us-south-korea-japan-wargames-offer-a-glimpse-of-washington-real-plan-for-asia
2026-09-09,2026-09-09,True,USA,threat,UNITED STATES,USA,SOUTH KOREA,KOR,046,04,1,7.0,6,-42.0,False,False,False,https://www.koreaherald.com/article/10867864
2026-09-09,2026-09-09,True,USA,threat,UNITED STATES,USA,SEOUL,KOR,139,13,3,-7.0,8,56.0,False,False,False,https://news.bg/int-politics/yuzhna-koreya-i-frantsiya-obsadiha-ormuzkiya-protok.html
2026-09-09,2026-09-09,True,USA,threat,UNITED STATES,USA,SEOUL,KOR,046,04,1,7.0,6,-42.0,False,False,False,https://zdnet.co.kr/view/?no=20260909145417
2026-09-09,2026-09-09,True,USA,threat,UNITED STATES,USA,SEOUL,KOR,046,04,1,7.0,4,-28.0,False,False,False,https://zdnet.co.kr/view/?no=20260909145417
2026-09-09,2026-09-09,True,USA,threat,UNITED STATES,USA,SOUTH KOREA,KOR,192,19,4,-9.5,2,19.0,False,False,False,https://www.ktre.com/2026/09/09/us-south-korea-announce-new-cooperation-identify-korean-war-powmia-service-members/
2026-09-09,2026-09-09,True,USA,threat,UNITED STATES,USA,SOUTH KOREA,KOR,192,19,4,-9.5,2,19.0,False,False,False,https://www.ktre.com/2026/09/09/us-south-korea-announce-new-cooperation-identify-korean-war-powmia-service-members/
2026-09-09,2026-09-09,True,USA,threat,THE US,USA,SOUTH KOREA,KOR,086,08,2,9.0,2,-18.0,False,False,False,https://www.koreaherald.com/article/10867864
2026-09-09,2026-09-09,True,USA,threat,UNITED STATES,USA,SEOUL,KOR,046,04,1,7.0,20,-140.0,False,False,False,https://www.edaily.co.kr/News/Read?newsId=04237766645578480&mediaCodeNo=257
2026-09-09,2026-09-09,True,USA,threat,UNITED STATES,USA,SOUTH KOREA,KOR,046,04,1,7.0,2,-14.0,False,False,False,https://www.koreaherald.com/article/10867864
2026-09-10,2026-09-10,True,CHN,threat,CHINA,CHN,SOUTH KOREAN,KOR,010,01,1,0.0,10,-0.0,True,False,True,https://www.zerohedge.com/geopolitical/south-koreans-rally-against-hormuz-deployment-front-us-embassy
2026-09-10,2026-09-10,True,CHN,threat,CHINA,CHN,SEOUL,KOR,120,12,3,-4.0,2,8.0,False,False,False,https://www.philstar.com/headlines/2026/09/11/2555534/china-fires-flares-pcg-aircraft
2026-09-10,2026-09-10,True,CHN,threat,CHINA,CHN,SOUTH KOREA,KOR,061,06,2,6.4,1,-6.4,False,True,False,https://bworldonline.com/corporate/2026/09/11/776160/dmpl-opens-creditor-talks-as-restructuring-advances/
2026-09-10,2026-09-10,True,CHN,threat,CHINESE,CHN,SEOUL,KOR,042,04,1,1.9,1,-1.9,False,False,False,https://timesofoman.com/article/176749-china-philippines-trade-barbs-over-south-china-sea-claims
2026-09-10,2026-09-10,True,CHN,threat,CHINESE,CHN,REPUBLIC OF KOREA,KOR,043,04,1,2.8,3,-8.4,False,False,False,https://redstate.com/streiff/2026/09/09/china-slips-propaganda-note-to-philippines-defense-chief-he-reads-it-aloud-and-torches-beijing-n2206719
2026-09-10,2026-09-10,True,CHN,threat,CHINA,CHN,SEOUL,KOR,010,01,1,0.0,2,-0.0,False,False,False,https://www.philstar.com/headlines/2026/09/11/2555534/china-fires-flares-pcg-aircraft
2026-09-10,2026-09-10,True,CHN,threat,CHINESE,CHN,SEOUL,KOR,125,12,3,-5.0,2,10.0,False,False,False,https://www.philstar.com/headlines/2026/09/10/2555344/china-hits-back-teodoro-after-he-rejects-note-south-china-sea
2026-09-10,2026-09-10,True,CHN,threat,CHINA,CHN,SOUTH KOREA,KOR,050,05,1,3.5,1,-3.5,False,False,False,https://asianews.network/nepal-floods-two-weeks-on-families-wait-for-dna-answers/
2026-09-10,2026-09-10,True,CHN,threat,CHINA,CHN,SOUTH KOREA,KOR,060,06,2,6.0,1,-6.0,False,False,False,https://asianews.network/nepal-floods-two-weeks-on-families-wait-for-dna-answers/
2026-09-10,2026-09-10,True,CHN,threat,CHINA,CHN,SEOUL,KOR,120,12,3,-4.0,8,32.0,False,False,False,https://www.philstar.com/headlines/2026/09/11/2555534/china-fires-flares-pcg-aircraft
2026-09-10,2026-09-10,True,CHN,threat,CHINA,CHN,REPUBLIC OF KOREA,KOR,042,04,1,1.9,4,-7.6,False,False,False,http://thepeninsulaqatar.com/article/31/08/2026/xi-advances-a-shared-future-with-chinas-neighbours
2026-09-10,2026-09-10,True,CHN,threat,CHINA,CHN,SOUTH KOREA,KOR,060,06,2,6.0,1,-6.0,False,False,False,https://asianews.network/nepal-floods-two-weeks-on-families-wait-for-dna-answers/
2026-09-10,2026-09-10,True,CHN,threat,CHINA,CHN,SOUTH KOREA,KOR,050,05,1,3.5,1,-3.5,False,False,False,https://asianews.network/nepal-floods-two-weeks-on-families-wait-for-dna-answers/
2026-09-10,2026-09-10,True,CHN,threat,CHINA,CHN,SOUTH KOREA,KOR,061,06,2,6.4,4,-25.6,False,True,False,https://bworldonline.com/corporate/2026/09/11/776160/dmpl-opens-creditor-talks-as-restructuring-advances/
2026-09-10,2026-09-10,True,CHN,threat,CHINA,CHN,REPUBLIC OF KOREA,KOR,042,04,1,1.9,3,-5.7,False,False,False,http://thepeninsulaqatar.com/article/31/08/2026/xi-advances-a-shared-future-with-chinas-neighbours
2026-09-10,2026-09-10,True,CHN,threat,SHANGHAI,CHN,BUSAN,KOR,042,04,1,1.9,4,-7.6,False,False,False,https://www.hellenicshippingnews.com/busan-and-liverpool-deepen-port-city-ties/
2026-09-10,2026-09-10,True,CHN,threat,SHANGHAI,CHN,BUSAN,KOR,042,04,1,1.9,1,-1.9,False,False,False,https://www.hellenicshippingnews.com/busan-and-liverpool-deepen-port-city-ties/
2026-09-10,2026-09-10,True,CHN,threat,CHINESE,CHN,SEOUL,KOR,042,04,1,1.9,6,-11.4,False,False,False,https://timesofoman.com/article/176749-china-philippines-trade-barbs-over-south-china-sea-claims
2026-09-10,2026-09-10,True,CHN,threat,CHINESE,CHN,SEOUL,KOR,042,04,1,1.9,1,-1.9,False,False,False,https://timesofoman.com/article/176749-china-philippines-trade-barbs-over-south-china-sea-claims
2026-09-10,2026-09-10,True,CHN,threat,CHINESE,CHN,SEOUL,KOR,125,12,3,-5.0,2,10.0,False,False,False,https://www.philstar.com/headlines/2026/09/10/2555344/china-hits-back-teodoro-after-he-rejects-note-south-china-sea
2026-09-10,2026-09-10,True,CHN,threat,CHINESE,CHN,SEOUL,KOR,125,12,3,-5.0,3,15.0,False,False,True,https://www.philstar.com/headlines/2026/09/10/2555344/china-hits-back-teodoro-after-he-rejects-note-south-china-sea
2026-09-10,2026-09-10,True,CHN,threat,CHINESE,CHN,REPUBLIC OF KOREA,KOR,043,04,1,2.8,7,-19.6,False,False,False,https://redstate.com/streiff/2026/09/09/china-slips-propaganda-note-to-philippines-defense-chief-he-reads-it-aloud-and-torches-beijing-n2206719
2026-09-10,2026-09-10,True,CHN,threat,CHINA,CHN,SEOUL,KOR,010,01,1,0.0,8,-0.0,False,False,False,https://www.philstar.com/headlines/2026/09/11/2555534/china-fires-flares-pcg-aircraft
2026-09-10,2026-09-10,True,JPN,threat,JAPANESE,JPN,SOUTH KOREAN,KOR,040,04,1,1.0,8,-8.0,False,False,False,https://www.shephardmedia.com/news/naval-warfare/south-korea-japan-and-turkey-vie-for-us-industrial-access/
2026-09-10,2026-09-10,True,JPN,threat,JAPAN,JPN,SOUTH KOREA,KOR,040,04,1,1.0,2,-2.0,False,False,False,https://www.shephardmedia.com/news/naval-warfare/south-korea-japan-and-turkey-vie-for-us-industrial-access/
2026-09-10,2026-09-10,True,JPN,threat,JAPAN,JPN,SOUTH KOREA,KOR,061,06,2,6.4,2,-12.8,False,True,False,https://avondhupress.ie/joe-moore-to-lead-e2-1-billion-north-american-market-for-bord-bia/
2026-09-10,2026-09-10,True,JPN,threat,JAPAN,JPN,SOUTH KOREAN,KOR,150,15,4,-7.2,2,14.4,False,False,False,http://www.thejakartapost.com/opinion/2026/09/10/the-donald-trump-shock-in-east-asia
2026-09-10,2026-09-10,True,JPN,threat,JAPAN,JPN,SOUTH KOREAN,KOR,150,15,4,-7.2,2,14.4,False,False,False,http://www.thejakartapost.com/opinion/2026/09/10/the-donald-trump-shock-in-east-asia
2026-09-10,2026-09-10,True,JPN,threat,JAPAN,JPN,SOUTH KOREA,KOR,020,02,1,3.0,2,-6.0,False,False,False,https://www.ohmynews.com/NWS_Web/View/at_pg.aspx?CNTN_CD=A0003266235&PAGE_CD=N0002&BLCK_NO=&CMPT_CD=M0147
2026-09-10,2026-09-10,True,JPN,threat,JAPAN,JPN,SOUTH KOREA,KOR,043,04,1,2.8,2,-5.6,False,False,False,https://breakingdefense.com/2026/09/how-japan-south-korea-are-building-up-naval-capabilities-for-china-threat/
2026-09-10,2026-09-10,True,JPN,threat,JAPAN,JPN,SOUTH KOREA,KOR,061,06,2,6.4,2,-12.8,False,True,False,https://avondhupress.ie/joe-moore-to-lead-e2-1-billion-north-american-market-for-bord-bia/
2026-09-10,2026-09-10,True,JPN,threat,JAPAN,JPN,SOUTH KOREA,KOR,043,04,1,2.8,8,-22.4,False,False,False,https://breakingdefense.com/2026/09/how-japan-south-korea-are-building-up-naval-capabilities-for-china-threat/
2026-09-10,2026-09-10,True,JPN,threat,JAPAN,JPN,SOUTH KOREA,KOR,010,01,1,0.0,4,-0.0,False,False,False,https://www.timesrepublican.com/news/todays-news/2026/09/naig-wants-to-shift-culture-leave-agriculture-better/
2026-09-10,2026-09-10,True,JPN,threat,JAPAN,JPN,SOUTH KOREA,KOR,036,03,1,4.0,2,-8.0,False,False,False,https://www.timesrepublican.com/news/todays-news/2026/09/naig-wants-to-shift-culture-leave-agriculture-better/
2026-09-10,2026-09-10,True,JPN,threat,JAPAN,JPN,SOUTH KOREA,KOR,061,06,2,6.4,6,-38.4,False,True,False,https://avondhupress.ie/joe-moore-to-lead-e2-1-billion-north-american-market-for-bord-bia/
2026-09-10,2026-09-10,True,JPN,threat,JAPAN,JPN,SEOUL,KOR,036,03,1,4.0,8,-32.0,False,False,False,https://globalvoices.org/2026/09/10/south-korean-civil-society-says-no-to-military-deployment-to-hormuz/
2026-09-10,2026-09-10,True,JPN,threat,JAPANESE,JPN,SEOUL,KOR,042,04,1,1.9,2,-3.8,False,False,False,https://biz.heraldcorp.com/article/10868580
2026-09-10,2026-09-10,True,JPN,threat,JAPANESE,JPN,SEOUL,KOR,042,04,1,1.9,8,-15.2,False,False,True,https://biz.heraldcorp.com/article/10868580
2026-09-10,2026-09-10,True,JPN,threat,JAPANESE,JPN,SOUTH KOREA,KOR,090,09,2,-2.0,6,12.0,False,False,False,https://www.soompi.com/article/1869437wpp/park-jinyoung-closes-the-distance-with-kim-you-jung-in-new-drama-100-days-of-deception-poster
2026-09-10,2026-09-10,True,JPN,threat,JAPAN,JPN,SEOUL,KOR,036,03,1,4.0,2,-8.0,False,False,False,https://globalvoices.org/2026/09/10/south-korean-civil-society-says-no-to-military-deployment-to-hormuz/
2026-09-10,2026-09-10,True,JPN,threat,TOKYO,JPN,SEOUL,KOR,043,04,1,2.8,8,-22.4,False,False,False,https://airlinerworld.com/tway-air-becomes-trinity-airways/
2026-09-10,2026-09-10,True,JPN,threat,KYUSHU,JPN,SOUTH KOREA,KOR,040,04,1,1.0,6,-6.0,False,False,False,https://www.busan.com/view/busan/view.php?code=2026070900124585010
2026-09-10,2026-09-10,True,JPN,threat,JAPAN,JPN,SOUTH KOREA,KOR,020,02,1,3.0,2,-6.0,False,False,False,https://www.ohmynews.com/NWS_Web/View/at_pg.aspx?CNTN_CD=A0003266235&PAGE_CD=N0002&CMPT_CD=M0117
2026-09-10,2026-09-10,True,JPN,threat,JAPAN,JPN,SOUTH KOREA,KOR,010,01,1,0.0,1,-0.0,False,False,False,https://www.timesrepublican.com/news/todays-news/2026/09/naig-wants-to-shift-culture-leave-agriculture-better/
2026-09-10,2026-09-10,True,JPN,threat,JAPAN,JPN,SOUTH KOREA,KOR,036,03,1,4.0,8,-32.0,False,False,False,https://www.timesrepublican.com/news/todays-news/2026/09/naig-wants-to-shift-culture-leave-agriculture-better/
2026-09-10,2026-09-10,True,USA,response,SEOUL,KOR,UNITED STATES,USA,043,04,1,2.8,1,-2.8,False,False,False,http://thedialog.org/vatican-news/pope-leos-first-world-youth-day-draws-growing-interest-from-u-s-pilgrims/
2026-09-10,2026-09-10,True,USA,response,SOUTH KOREA,KOR,UNITED STATES,USA,040,04,1,1.0,1,-1.0,False,False,True,https://www.stripes.com/history/2026-09-10/gold-star-spouse-army-veteran-9-11-22809847.html
2026-09-10,2026-09-10,True,USA,response,SOUTH KOREA,KOR,UNITED STATES,USA,042,04,1,1.9,1,-1.9,False,False,True,https://www.stripes.com/history/2026-09-10/gold-star-spouse-army-veteran-9-11-22809847.html
2026-09-10,2026-09-10,True,JPN,response,SOUTH KOREA,KOR,JAPANESE,JPN,172,17,4,-5.0,10,50.0,False,False,False,https://www.undercurrentnews.com/2026/09/10/south-korea-to-ban-sales-of-japanese-female-opilio-undersized-chinese-swimming-crab/
2026-09-10,2026-09-10,True,USA,response,SOUTH KOREA,KOR,THE US,USA,030,03,1,4.0,4,-16.0,False,False,False,https://www.koreaherald.com/article/10869585
2026-09-10,2026-09-10,True,USA,response,SEOUL,KOR,THE US,USA,030,03,1,4.0,2,-8.0,False,False,False,https://www.koreaherald.com/article/10869585
2026-09-10,2026-09-10,True,USA,response,SOUTH KOREA,KOR,THE US,USA,030,03,1,4.0,4,-16.0,False,False,False,https://www.koreaherald.com/article/10869585
2026-09-10,2026-09-10,True,CHN,response,SOUTH KOREA,KOR,CHINA,CHN,061,06,2,6.4,6,-38.4,False,True,False,https://www.dailymail.com/news/article-16121365/Moment-Zombie-knife-importer-clutches-huge-wad-cash.html
2026-09-10,2026-09-10,True,CHN,response,SOUTH KOREA,KOR,CHINA,CHN,061,06,2,6.4,4,-25.6,False,True,False,https://www.dailymail.com/news/article-16121365/Moment-Zombie-knife-importer-clutches-huge-wad-cash.html
2026-09-10,2026-09-10,True,USA,response,SOUTH KOREA,KOR,NETFLIX,USA,030,03,1,4.0,4,-16.0,False,False,False,https://screenrant.com/mousetrap-netflix-series-foreign-tv-shows-era/
2026-09-10,2026-09-10,True,USA,response,SOUTH KOREA,KOR,UNITED STATES,USA,061,06,2,6.4,2,-12.8,False,True,False,https://www.thecoastguard.ca/wheat-futures-fall-as-canadian-stocks-rise-and-global-supply-outlook-shifts/
2026-09-10,2026-09-10,True,CHN,response,SOUTH KOREA,KOR,CHINA,CHN,021,02,1,3.4,4,-13.6,False,False,False,https://www.boredpanda.com/apple-turns-into-a-mockery-after-launching-foldable-iphone-duo/
2026-09-10,2026-09-10,True,CHN,response,SOUTH KOREA,KOR,CHINA,CHN,021,02,1,3.4,4,-13.6,False,False,False,https://www.boredpanda.com/apple-turns-into-a-mockery-after-launching-foldable-iphone-duo/
2026-09-10,2026-09-10,True,USA,response,SOUTH KOREA,KOR,MOTOROLA,USA,021,02,1,3.4,4,-13.6,False,False,False,https://www.boredpanda.com/apple-turns-into-a-mockery-after-launching-foldable-iphone-duo/
2026-09-10,2026-09-10,True,USA,response,SOUTH KOREA,KOR,MOTOROLA,USA,021,02,1,3.4,4,-13.6,False,False,False,https://www.boredpanda.com/apple-turns-into-a-mockery-after-launching-foldable-iphone-duo/
2026-09-10,2026-09-10,True,CHN,response,SOUTH KOREA,KOR,CHINA,CHN,021,02,1,3.4,12,-40.8,False,False,False,https://www.boredpanda.com/apple-turns-into-a-mockery-after-launching-foldable-iphone-duo/
2026-09-10,2026-09-10,True,USA,response,SOUTH KOREA,KOR,MOTOROLA,USA,021,02,1,3.4,12,-40.8,False,False,False,https://www.boredpanda.com/apple-turns-into-a-mockery-after-launching-foldable-iphone-duo/
2026-09-10,2026-09-10,True,JPN,response,SOUTH KOREA,KOR,JAPAN,JPN,040,04,1,1.0,2,-2.0,False,False,False,https://www.shephardmedia.com/news/naval-warfare/south-korea-japan-and-turkey-vie-for-us-industrial-access/
2026-09-10,2026-09-10,True,JPN,response,SOUTH KOREAN,KOR,JAPANESE,JPN,040,04,1,1.0,8,-8.0,False,False,False,https://www.shephardmedia.com/news/naval-warfare/south-korea-japan-and-turkey-vie-for-us-industrial-access/
2026-09-10,2026-09-10,True,JPN,response,SOUTH KOREA,KOR,JAPAN,JPN,014,01,1,0.0,10,-0.0,False,False,False,https://www.voakorea.com/a/s-korean-fact-finding-team-on-the-hormuz-returns-home-091026/8196469.html
2026-09-10,2026-09-10,True,JPN,response,INCHEON,KOR,JAPAN,JPN,020,02,1,3.0,10,-30.0,False,False,False,https://womannews.net/detail.php?number=454906&thread=22r05r04%20style=
2026-09-10,2026-09-10,True,PRK,response,GYEONGBUK,KOR,GYEONGSANG,PRK,040,04,1,1.0,10,-10.0,False,False,False,https://biz.heraldcorp.com/article/10868729
2026-09-10,2026-09-10,True,USA,response,SEOUL,KOR,GOOGLE,USA,010,01,1,0.0,5,-0.0,False,False,False,https://www.hngn.com/articles/273163/20260909/chrome-patches-7th-exploited-zero-day-2026-second-week.htm
2026-09-10,2026-09-10,True,USA,response,SOUTH KOREA,KOR,FIRST STATE,USA,043,04,1,2.8,4,-11.2,False,False,True,https://www.infodefensa.com/texto-diario/mostrar/6007333/autonomia-defensa-cooperacion-industrial-experiencia-industria-defensa-surcoreana-nuevas-posibilidades-cooperacion-america-latina
2026-09-10,2026-09-10,True,RUS,response,BUSAN,KOR,RUSSIA,RUS,090,09,2,-2.0,2,4.0,False,False,False,https://www.newspim.com/news/view/20260910000939
2026-09-10,2026-09-10,True,CHN,response,SEOUL,KOR,CHINA,CHN,111,11,3,-2.0,1,2.0,False,False,False,https://ianslive.in/i-am-not-an-actor-philippines-defence-secretary-rejects-chinas-theatrics-allegations-after-viral-remarks--20260910174548
2026-09-10,2026-09-10,True,CHN,response,SEOUL,KOR,CHINESE,CHN,043,04,1,2.8,1,-2.8,False,False,False,https://timesofoman.com/article/176749-china-philippines-trade-barbs-over-south-china-sea-claims
2026-09-10,2026-09-10,True,CHN,response,SEOUL,KOR,CHINA,CHN,0874,08,2,10.0,1,-10.0,False,False,False,https://ianslive.in/i-am-not-an-actor-philippines-defence-secretary-rejects-chinas-theatrics-allegations-after-viral-remarks--20260910174548
2026-09-10,2026-09-10,True,CHN,response,SEOUL,KOR,CHINA,CHN,111,11,3,-2.0,1,2.0,False,False,False,https://ianslive.in/i-am-not-an-actor-philippines-defence-secretary-rejects-chinas-theatrics-allegations-after-viral-remarks--20260910174548
2026-09-10,2026-09-10,True,CHN,response,SEOUL,KOR,CHINESE,CHN,043,04,1,2.8,6,-16.8,False,False,False,https://timesofoman.com/article/176749-china-philippines-trade-barbs-over-south-china-sea-claims
2026-09-10,2026-09-10,True,CHN,response,SEOUL,KOR,CHINA,CHN,020,02,1,3.0,10,-30.0,False,False,False,https://timesofoman.com/article/176749-china-philippines-trade-barbs-over-south-china-sea-claims
2026-09-10,2026-09-10,True,CHN,response,SEOUL,KOR,CHINESE,CHN,043,04,1,2.8,1,-2.8,False,False,False,https://timesofoman.com/article/176749-china-philippines-trade-barbs-over-south-china-sea-claims
2026-09-10,2026-09-10,True,CHN,response,REPUBLIC OF KOREA,KOR,CHINESE,CHN,042,04,1,1.9,10,-19.0,False,False,False,https://redstate.com/streiff/2026/09/09/china-slips-propaganda-note-to-philippines-defense-chief-he-reads-it-aloud-and-torches-beijing-n2206719
2026-09-10,2026-09-10,True,CHN,response,SEOUL,KOR,CHINA,CHN,111,11,3,-2.0,1,2.0,False,False,False,https://www.prokerala.com/news/articles/a1810764.html
2026-09-10,2026-09-10,True,CHN,response,SEOUL,KOR,CHINA,CHN,0874,08,2,10.0,1,-10.0,False,False,False,https://ianslive.in/i-am-not-an-actor-philippines-defence-secretary-rejects-chinas-theatrics-allegations-after-viral-remarks--20260910174548
2026-09-10,2026-09-10,True,CHN,response,BUSAN,KOR,SHANGHAI,CHN,043,04,1,2.8,4,-11.2,False,False,False,https://www.hellenicshippingnews.com/busan-and-liverpool-deepen-port-city-ties/
2026-09-10,2026-09-10,True,CHN,response,REPUBLIC OF KOREA,KOR,CHINA,CHN,043,04,1,2.8,4,-11.2,False,False,False,http://thepeninsulaqatar.com/article/31/08/2026/xi-advances-a-shared-future-with-chinas-neighbours
2026-09-10,2026-09-10,True,PRK,response,SOUTH KOREA,KOR,NORTH KOREA,PRK,020,02,1,3.0,2,-6.0,False,False,False,https://www.koreaherald.com/article/10859165
2026-09-10,2026-09-10,True,PRK,response,SOUTH KOREA,KOR,NORTH KOREA,PRK,090,09,2,-2.0,2,4.0,False,False,False,https://www.koreaherald.com/article/10859165
2026-09-10,2026-09-10,True,JPN,response,SEOUL,KOR,JAPAN,JPN,036,03,1,4.0,2,-8.0,False,False,False,https://globalvoices.org/2026/09/10/south-korean-civil-society-says-no-to-military-deployment-to-hormuz/
2026-09-10,2026-09-10,True,USA,response,SOUTH KOREA,KOR,THE US,USA,072,07,2,8.3,2,-16.6,False,False,False,https://asianews.network/is-sending-officials-to-uae-a-sign-seoul-is-leaning-towards-hormuz-deployment/
2026-09-10,2026-09-10,True,JPN,response,SEOUL,KOR,JAPANESE,JPN,043,04,1,2.8,2,-5.6,False,False,False,https://biz.heraldcorp.com/article/10868580
2026-09-10,2026-09-10,True,JPN,response,SEOUL,KOR,JAPANESE,JPN,043,04,1,2.8,8,-22.4,False,False,True,https://biz.heraldcorp.com/article/10868580
2026-09-10,2026-09-10,True,JPN,response,JEONBUK,KOR,JAPAN,JPN,010,01,1,0.0,2,-0.0,False,False,False,https://www.newspim.com/news/view/20260909001122
2026-09-10,2026-09-10,True,USA,response,SOUTH KOREA,KOR,UNITED STATES,USA,042,04,1,1.9,2,-3.8,False,False,False,https://www.aol.com/articles/deadline-suewallst-reminds-bloom-energy-140900000.html
2026-09-10,2026-09-10,True,USA,response,SAMSUNG,KOR,THE US,USA,174,17,4,-5.0,10,50.0,False,False,False,https://www.huffingtonpost.kr:443/article/260380
2026-09-10,2026-09-10,True,JPN,response,SOUTH KOREA,KOR,JAPAN,JPN,042,04,1,1.9,2,-3.8,False,False,False,https://breakingdefense.com/2026/09/how-japan-south-korea-are-building-up-naval-capabilities-for-china-threat/
2026-09-10,2026-09-10,True,JPN,response,SOUTH KOREA,KOR,JAPAN,JPN,042,04,1,1.9,6,-11.4,False,False,False,https://breakingdefense.com/2026/09/how-japan-south-korea-are-building-up-naval-capabilities-for-china-threat/
2026-09-10,2026-09-10,True,JPN,response,SEOUL,KOR,JAPAN,JPN,010,01,1,0.0,1,-0.0,False,False,False,https://www.koreaherald.com/article/10869367
2026-09-10,2026-09-10,True,PRK,response,BUSAN,KOR,NORTH KOREAN,PRK,090,09,2,-2.0,10,20.0,False,False,False,https://www.koreaherald.com/article/10869097
2026-09-10,2026-09-10,True,PRK,response,SOUTH KOREAN,KOR,NORTH KOREAN,PRK,090,09,2,-2.0,1,2.0,False,False,False,https://www.stripes.com/theaters/asia_pacific/2026-09-10/north-korea-dmz-border-crossings-construction-22805996.html
2026-09-10,2026-09-10,True,PRK,response,SOUTH KOREA,KOR,NORTH KOREAN,PRK,090,09,2,-2.0,1,2.0,True,False,False,https://www.stripes.com/theaters/asia_pacific/2026-09-10/north-korea-dmz-border-crossings-construction-22805996.html
2026-09-10,2026-09-10,True,PRK,response,SOUTH KOREAN,KOR,NORTH KOREAN,PRK,090,09,2,-2.0,6,12.0,True,False,False,https://www.stripes.com/theaters/asia_pacific/2026-09-10/north-korea-dmz-border-crossings-construction-22805996.html
2026-09-10,2026-09-10,True,PRK,response,SOUTH KOREA,KOR,NORTH KOREA,PRK,090,09,2,-2.0,2,4.0,False,False,False,https://www.koreaherald.com/article/10859165
2026-09-10,2026-09-10,True,PRK,response,SOUTH KOREA,KOR,NORTH KOREA,PRK,046,04,1,7.0,5,-35.0,False,False,False,https://www.prokerala.com/news/articles/a1810710.html
2026-09-10,2026-09-10,True,PRK,response,SEOUL,KOR,PYONGYANG,PRK,050,05,1,3.5,6,-21.0,False,False,False,https://asianews.network/is-sending-officials-to-uae-a-sign-seoul-is-leaning-towards-hormuz-deployment/
2026-09-10,2026-09-10,True,PRK,response,SOUTH KOREAN,KOR,PYONGYANG,PRK,010,01,1,0.0,2,-0.0,False,False,False,https://www.koreaherald.com/article/10859165
2026-09-10,2026-09-10,True,PRK,response,SOUTH KOREA,KOR,NORTH KOREA,PRK,020,02,1,3.0,2,-6.0,False,False,False,https://www.koreaherald.com/article/10859165
2026-09-10,2026-09-10,True,PRK,response,SOUTH KOREA,KOR,NORTH KOREA,PRK,090,09,2,-2.0,4,8.0,False,False,False,https://www.koreaherald.com/article/10859165
2026-09-10,2026-09-10,True,PRK,response,SOUTH KOREAN,KOR,PYONGYANG,PRK,181,18,4,-9.0,2,18.0,False,False,False,https://www.koreaherald.com/article/10859165
2026-09-10,2026-09-10,True,PRK,response,SOUTH KOREAN,KOR,PYONGYANG,PRK,181,18,4,-9.0,6,54.0,False,False,False,https://www.koreaherald.com/article/10859165
2026-09-10,2026-09-10,True,PRK,response,SOUTH KOREAN,KOR,PYONGYANG,PRK,010,01,1,0.0,6,-0.0,False,False,False,https://www.koreaherald.com/article/10859165
2026-09-10,2026-09-10,True,PRK,response,SEOUL,KOR,PYONGYANG,PRK,0332,03,1,5.2,6,-31.2,False,False,False,https://www.kyivpost.com/post/84153
2026-09-10,2026-09-10,True,PRK,response,SEOUL,KOR,PYONGYANG,PRK,070,07,2,7.0,6,-42.0,False,False,False,https://www.kyivpost.com/post/84153
2026-09-10,2026-09-10,True,PRK,response,SEOUL,KOR,NORTH KOREA,PRK,072,07,2,8.3,1,-8.3,False,False,False,https://www.kyivpost.com/post/84153
2026-09-10,2026-09-10,True,USA,response,SOUTH KOREA,KOR,UNITED STATES,USA,046,04,1,7.0,2,-14.0,False,False,False,https://asianews.network/is-sending-officials-to-uae-a-sign-seoul-is-leaning-towards-hormuz-deployment/
2026-09-10,2026-09-10,True,PRK,response,SOUTH KOREA,KOR,NORTH KOREA,PRK,0871,08,2,9.0,2,-18.0,False,False,False,https://www.actualno.com/asia/kim-chen-un-pohvali-vojnicite-uchastvashti-vyv-vojnata-v-ukrajna-news_2637713.html
2026-09-10,2026-09-10,True,PRK,response,SOUTH KOREA,KOR,PYONGYANG,PRK,150,15,4,-7.2,8,57.6,False,False,False,https://www.actualno.com/asia/kim-chen-un-pohvali-vojnicite-uchastvashti-vyv-vojnata-v-ukrajna-news_2637713.html
2026-09-10,2026-09-10,True,PRK,response,SOUTH KOREA,KOR,NORTH KOREA,PRK,150,15,4,-7.2,2,14.4,False,False,False,https://www.actualno.com/asia/kim-chen-un-pohvali-vojnicite-uchastvashti-vyv-vojnata-v-ukrajna-news_2637713.html
2026-09-10,2026-09-10,True,PRK,response,SOUTH KOREAN,KOR,NORTH KOREAN,PRK,090,09,2,-2.0,1,2.0,False,False,False,https://www.stripes.com/theaters/asia_pacific/2026-09-10/north-korea-dmz-border-crossings-construction-22805996.html
2026-09-10,2026-09-10,True,PRK,response,SOUTH KOREA,KOR,NORTH KOREAN,PRK,090,09,2,-2.0,1,2.0,True,False,False,https://www.stripes.com/theaters/asia_pacific/2026-09-10/north-korea-dmz-border-crossings-construction-22805996.html
2026-09-10,2026-09-10,True,RUS,response,SOUTH KOREA,KOR,RUSSIAN,RUS,051,05,1,3.4,1,-3.4,False,False,False,https://news.mail.ru/politics/72301676/
2026-09-10,2026-09-10,True,JPN,response,SOUTH KOREA,KOR,JAPAN,JPN,036,03,1,4.0,8,-32.0,False,False,False,https://www.timesrepublican.com/news/todays-news/2026/09/naig-wants-to-shift-culture-leave-agriculture-better/
2026-09-10,2026-09-10,True,PRK,response,SOUTH KOREA,KOR,NORTH KOREA,PRK,043,04,1,2.8,2,-5.6,False,False,False,https://focus.ua/uk/world/767237-naroshchuye-virobnictvo-pivnichna-koreya-pobuduvala-noviy-ob-yekt-zi-zbagachennya-uranu-magate-foto
2026-09-10,2026-09-10,True,CHN,response,REPUBLIC OF KOREA,KOR,CHINA,CHN,043,04,1,2.8,3,-8.4,False,False,False,http://thepeninsulaqatar.com/article/31/08/2026/xi-advances-a-shared-future-with-chinas-neighbours
2026-09-10,2026-09-10,True,USA,response,SOUTH KOREA,KOR,UNITED STATES,USA,042,04,1,1.9,2,-3.8,False,False,False,https://www.fashiontimes.com/hoyeon-jung-covers-another-magazines-25th-anniversary-issue-shot-roe-ethridge-14901
2026-09-10,2026-09-10,True,USA,response,SOUTH KOREA,KOR,AMERICAN,USA,192,19,4,-9.5,2,19.0,False,False,False,https://www.infodefensa.com/texto-diario/mostrar/6007333/autonomia-defensa-cooperacion-industrial-experiencia-industria-defensa-surcoreana-nuevas-posibilidades-cooperacion-america-latina
2026-09-10,2026-09-10,True,USA,response,SOUTH KOREA,KOR,FIRST STATE,USA,043,04,1,2.8,6,-16.8,False,False,True,https://www.infodefensa.com/texto-diario/mostrar/6007333/autonomia-defensa-cooperacion-industrial-experiencia-industria-defensa-surcoreana-nuevas-posibilidades-cooperacion-america-latina
2026-09-10,2026-09-10,True,USA,response,SOUTH KOREA,KOR,UNITED STATES,USA,010,01,1,0.0,1,-0.0,False,False,False,https://www.yourdemocracy.net.au/drupal/node/55976
2026-09-10,2026-09-10,True,PRK,response,SOUTH KOREA,KOR,NORTH KOREA,PRK,042,04,1,1.9,1,-1.9,False,False,False,https://gazeta.ua/ru/articles/world-life/_kndr-postroila-novyj-ob-ekt-po-obogascheniyu-urana/1258375
2026-09-10,2026-09-10,True,PRK,response,SOUTH KOREA,KOR,NORTH KOREA,PRK,0871,08,2,9.0,1,-9.0,False,False,False,https://www.vesti.bg/sviat/kim-chen-un-otdade-pochit-na-voennosluzheshtite-si-veroiatno-srazhavashti-se-za-rusiia-6269829
2026-09-10,2026-09-10,True,JPN,response,SEOUL,KOR,TOKYO,JPN,042,04,1,1.9,4,-7.6,False,False,False,https://airlinerworld.com/tway-air-becomes-trinity-airways/
2026-09-10,2026-09-10,True,PRK,response,ULSAN,KOR,GYEONGSANG,PRK,090,09,2,-2.0,10,20.0,False,False,False,https://www.munhwa.com:443/article/11615906
2026-09-10,2026-09-10,True,CHN,response,BUSAN,KOR,SHANGHAI,CHN,043,04,1,2.8,1,-2.8,False,False,False,https://www.hellenicshippingnews.com/busan-and-liverpool-deepen-port-city-ties/
2026-09-10,2026-09-10,True,USA,response,SOUTH KOREA,KOR,REUTERS,USA,013,01,1,0.4,3,-1.2,False,False,False,https://www.dealstreetasia.com/stories/blackstone-buys-majority-stake-in-logistics-park-in-s-korea-push-494839
2026-09-10,2026-09-10,True,USA,response,SOUTH KOREA,KOR,REUTERS,USA,013,01,1,0.4,1,-0.4,False,False,False,https://www.dealstreetasia.com/stories/blackstone-buys-majority-stake-in-logistics-park-in-s-korea-push-494839
2026-09-10,2026-09-10,True,PRK,response,SEOUL,KOR,NORTH KOREA,PRK,046,04,1,7.0,5,-35.0,False,False,False,https://www.prokerala.com/news/articles/a1810710.html
2026-09-10,2026-09-10,True,JPN,response,SEOUL,KOR,JAPAN,JPN,010,01,1,0.0,1,-0.0,False,False,False,https://www.koreaherald.com/article/10869367
2026-09-10,2026-09-10,True,USA,response,SEOUL,KOR,THE US,USA,040,04,1,1.0,20,-20.0,False,False,False,https://zdnet.co.kr/view/?no=20260910152106
2026-09-10,2026-09-10,True,JPN,response,SEOUL,KOR,JAPAN,JPN,036,03,1,4.0,8,-32.0,False,False,False,https://globalvoices.org/2026/09/10/south-korean-civil-society-says-no-to-military-deployment-to-hormuz/
2026-09-10,2026-09-10,True,JPN,response,SOUTH KOREA,KOR,JAPAN,JPN,010,01,1,0.0,2,-0.0,False,False,False,https://www.hani.co.kr/arti/english_edition/e_national/1277230.html
2026-09-10,2026-09-10,True,USA,response,SEOUL,KOR,THE US,USA,0311,03,1,5.2,10,-52.0,False,False,False,https://www.hani.co.kr/arti/english_edition/e_national/1277230.html
2026-09-10,2026-09-10,True,USA,response,SEOUL,KOR,UNITED STATES,USA,040,04,1,1.0,4,-4.0,False,False,False,https://biz.heraldcorp.com/article/10868942
2026-09-10,2026-09-10,True,PRK,response,SOUTH KOREA,KOR,DPRK,PRK,051,05,1,3.4,8,-27.2,False,False,False,https://ria.ru/20260910/kndr-2116710930.html
2026-09-10,2026-09-10,True,PRK,response,SOUTH KOREA,KOR,NORTH KOREA,PRK,090,09,2,-2.0,1,2.0,False,False,False,https://www.koreaherald.com/article/10859165
2026-09-10,2026-09-10,True,PRK,response,SEOUL,KOR,NORTH KOREA,PRK,0332,03,1,5.2,4,-20.8,False,False,False,https://www.kyivpost.com/post/84153
2026-09-10,2026-09-10,True,PRK,response,SEOUL,KOR,NORTH KOREA,PRK,070,07,2,7.0,4,-28.0,False,False,False,https://www.kyivpost.com/post/84153
2026-09-10,2026-09-10,True,PRK,response,SEOUL,KOR,NORTH KOREA,PRK,017,01,1,0.0,2,-0.0,False,False,False,https://www.thestar.com.my/aseanplus/aseanplus-news/2026/09/10/north-korea-leader-salutes-039overseas039-troops
2026-09-10,2026-09-10,True,CHN,response,SOUTH KOREA,KOR,CHINESE,CHN,173,17,4,-5.0,6,30.0,False,False,False,https://www.thestar.com.my/aseanplus/aseanplus-news/2026/09/10/chinese-student-sentenced-to-18-months-jail-in-south-korea-for-creating-1100-deepfakes-of-colleagues
2026-09-10,2026-09-10,True,USA,response,SEOUL,KOR,WASHINGTON,USA,046,04,1,7.0,10,-70.0,False,False,False,https://www.sbctv.gr/2026/09/%CE%B4%CE%B9%CE%BC%CE%B5%CF%81%CE%B5%CE%B9%CF%82-%CF%83%CF%85%CE%BD%CE%BF%CE%BC%CE%B9%CE%BB%CE%B9%CE%B5%CF%82/
2026-09-10,2026-09-10,True,USA,response,SEOUL,KOR,WASHINGTON,USA,040,04,1,1.0,2,-2.0,False,False,False,https://www.koreatimes.co.kr/southkorea/20260910/korean-team-for-strait-of-hormuz-assessment-returns-from-uae
2026-09-10,2026-09-10,True,JPN,response,SEOUL,KOR,TOKYO,JPN,042,04,1,1.9,4,-7.6,False,False,False,https://airlinerworld.com/tway-air-becomes-trinity-airways/
2026-09-10,2026-09-10,True,JPN,response,SOUTH KOREA,KOR,KYUSHU,JPN,040,04,1,1.0,6,-6.0,False,False,False,https://www.busan.com/view/busan/view.php?code=2026070900124585010
2026-09-10,2026-09-10,True,PRK,response,SOUTH KOREA,KOR,NORTH KOREA,PRK,090,09,2,-2.0,2,4.0,False,False,False,https://www.koreaherald.com/article/10859165
2026-09-10,2026-09-10,True,RUS,response,SOUTH KOREA,KOR,RUSSIA,RUS,043,04,1,2.8,1,-2.8,False,False,False,http://thepeninsulaqatar.com/article/31/08/2026/xi-advances-a-shared-future-with-chinas-neighbours
2026-09-10,2026-09-10,True,RUS,response,SOUTH KOREA,KOR,RUSSIA,RUS,043,04,1,2.8,1,-2.8,False,False,False,http://thepeninsulaqatar.com/article/31/08/2026/xi-advances-a-shared-future-with-chinas-neighbours
2026-09-10,2026-09-10,True,CHN,response,SEOUL,KOR,CHINA,CHN,0874,08,2,10.0,1,-10.0,False,False,False,https://www.prokerala.com/news/articles/a1810764.html
2026-09-10,2026-09-10,True,CHN,response,SEOUL,KOR,CHINA,CHN,111,11,3,-2.0,1,2.0,False,False,False,https://www.prokerala.com/news/articles/a1810764.html
2026-09-10,2026-09-10,True,RUS,response,SOUTH KOREA,KOR,RUSSIA,RUS,043,04,1,2.8,3,-8.4,False,False,False,http://thepeninsulaqatar.com/article/31/08/2026/xi-advances-a-shared-future-with-chinas-neighbours
2026-09-10,2026-09-10,True,PRK,response,SOUTH KOREA,KOR,NORTH KOREA,PRK,0871,08,2,9.0,2,-18.0,False,False,False,https://dnes.dir.bg/svyat/kim-chen-un-pohvali-komandirite-i-voynitsite-uchastvali-vav-voennite-operatsii-v-chuzhbina
2026-09-10,2026-09-10,True,PRK,response,SOUTH KOREA,KOR,PYONGYANG,PRK,150,15,4,-7.2,8,57.6,False,False,False,https://dnes.dir.bg/svyat/kim-chen-un-pohvali-komandirite-i-voynitsite-uchastvali-vav-voennite-operatsii-v-chuzhbina
2026-09-10,2026-09-10,True,RUS,response,SEOUL,KOR,MOSCOW,RUS,036,03,1,4.0,8,-32.0,False,False,False,https://argumenti.ru/society/yuzhnaya-koreya-pomogaet-ukraine-tretimi-rukami-1008551
2026-09-10,2026-09-10,True,PRK,response,SEOUL,KOR,NORTH KOREA,PRK,072,07,2,8.3,1,-8.3,False,False,False,https://www.kyivpost.com/post/84153
2026-09-10,2026-09-10,True,RUS,response,SEOUL,KOR,MOSCOW,RUS,060,06,2,6.0,2,-12.0,False,False,False,https://www.thestar.com.my/aseanplus/aseanplus-news/2026/09/10/north-korea-leader-salutes-039overseas039-troops
2026-09-10,2026-09-10,True,RUS,response,SOUTH KOREA,KOR,RUSSIA,RUS,051,05,1,3.4,3,-10.2,False,False,False,https://news.mail.ru/politics/72301676/
2026-09-10,2026-09-10,True,RUS,response,SOUTH KOREA,KOR,RUSSIA,RUS,051,05,1,3.4,2,-6.8,False,False,False,https://news.mail.ru/politics/72301676/
2026-09-10,2026-09-10,True,JPN,response,SOUTH KOREA,KOR,JAPAN,JPN,042,04,1,1.9,2,-3.8,False,False,False,https://breakingdefense.com/2026/09/how-japan-south-korea-are-building-up-naval-capabilities-for-china-threat/
2026-09-10,2026-09-10,True,PRK,response,SOUTH KOREAN,KOR,PYONGYANG,PRK,010,01,1,0.0,2,-0.0,False,False,False,https://www.koreaherald.com/article/10859165
2026-09-10,2026-09-10,True,PRK,response,SOUTH KOREAN,KOR,PYONGYANG,PRK,181,18,4,-9.0,2,18.0,False,False,False,https://www.koreaherald.com/article/10859165
2026-09-10,2026-09-10,True,CHN,response,SAMSUNG,KOR,CHINESE,CHN,111,11,3,-2.0,3,6.0,False,False,False,http://www.prnewswire.com/news-releases/iphone-duo-expected-to-capture-nearly-25-of-foldable-smartphone-market-in-2026-as-apples-first-foldable-drives-supply-chain-upgrades-says-trendforce-302875458.html
2026-09-10,2026-09-10,True,USA,response,SEOUL,KOR,UNITED STATES,USA,193,19,4,-10.0,60,600.0,False,False,False,https://www.edaily.co.kr/News/Read?newsId=04680566645578808&mediaCodeNo=257
2026-09-10,2026-09-10,True,USA,response,SEOUL,KOR,UNITED STATES,USA,040,04,1,1.0,6,-6.0,False,False,False,https://biz.heraldcorp.com/article/10868942
2026-09-10,2026-09-10,True,USA,response,SOUTH KOREA,KOR,UNITED STATES,USA,040,04,1,1.0,4,-4.0,False,False,False,https://www.prokerala.com/news/articles/a1810710.html
2026-09-10,2026-09-10,True,USA,response,SOUTH KOREA,KOR,UNITED STATES,USA,051,05,1,3.4,8,-27.2,False,False,False,https://www.edaily.co.kr/News/Read?newsId=05061046645578808&mediaCodeNo=257
2026-09-10,2026-09-10,True,USA,response,SOUTH KOREA,KOR,UNITED STATES,USA,071,07,2,7.4,10,-74.0,False,True,False,https://www.edaily.co.kr/News/Read?newsId=05061046645578808&mediaCodeNo=257
2026-09-10,2026-09-10,True,USA,response,SOUTH KOREA,KOR,UNITED STATES,USA,192,19,4,-9.5,5,47.5,False,False,False,https://www.infodefensa.com/texto-diario/mostrar/6007333/autonomia-defensa-cooperacion-industrial-experiencia-industria-defensa-surcoreana-nuevas-posibilidades-cooperacion-america-latina
2026-09-10,2026-09-10,True,USA,response,SOUTH KOREA,KOR,UNITED STATES,USA,051,05,1,3.4,2,-6.8,False,False,False,https://www.edaily.co.kr/News/Read?newsId=05061046645578808&mediaCodeNo=257
2026-09-10,2026-09-10,True,USA,response,HYUNDAI,KOR,THE US,USA,051,05,1,3.4,10,-34.0,False,False,False,https://carbuzz.com/next-hyundai-elantra-hybrid-rivals-prius-fuel-economy-september-2026/
2026-09-10,2026-09-10,True,USA,response,HYUNDAI,KOR,THE US,USA,071,07,2,7.4,10,-74.0,False,True,False,https://newsway.co.kr/news/view?ud=2026091011152808733
2026-09-10,2026-09-10,True,PRK,response,SOUTH KOREAN,KOR,NORTH KOREAN,PRK,190,19,4,-10.0,2,20.0,False,False,False,https://www.guampdn.com/news/guam-andersen-afb-included-in-simulated-north-korean-nuclear-strike-scenario/article_2da412c8-fac0-4ba5-bfe6-c35e49c499b6.html
2026-09-10,2026-09-10,True,USA,response,SOUTH KOREA,KOR,UNITED STATES,USA,046,04,1,7.0,2,-14.0,False,False,False,https://asianews.network/is-sending-officials-to-uae-a-sign-seoul-is-leaning-towards-hormuz-deployment/
2026-09-10,2026-09-10,True,PRK,response,SOUTH KOREA,KOR,NORTH KOREA,PRK,050,05,1,3.5,3,-10.5,False,False,False,https://asianews.network/is-sending-officials-to-uae-a-sign-seoul-is-leaning-towards-hormuz-deployment/
2026-09-10,2026-09-10,True,USA,response,SOUTH KOREA,KOR,UNITED STATES,USA,046,04,1,7.0,6,-42.0,False,False,False,https://asianews.network/is-sending-officials-to-uae-a-sign-seoul-is-leaning-towards-hormuz-deployment/
2026-09-10,2026-09-10,True,USA,response,SEOUL,KOR,WASHINGTON,USA,040,04,1,1.0,7,-7.0,False,False,False,https://www.eurasiareview.com/10092026-south-koreas-security-choices-amid-the-north-korean-threat-beyond-dependence-and-the-bomb-analysis/
2026-09-10,2026-09-10,True,USA,response,SOUTH KOREA,KOR,UNITED STATES,USA,040,04,1,1.0,3,-3.0,False,False,False,https://www.eurasiareview.com/10092026-south-koreas-security-choices-amid-the-north-korean-threat-beyond-dependence-and-the-bomb-analysis/
2026-09-10,2026-09-10,True,USA,response,SOUTH KOREA,KOR,AMERICAN,USA,0311,03,1,5.2,5,-26.0,False,False,False,https://www.hindustantimes.com/world-news/south-korea-nears-agreement-on-billions-in-u-s-investments-a-win-for-trump-101789026660540.html
2026-09-10,2026-09-10,True,USA,response,SOUTH KOREA,KOR,UNITED STATES,USA,040,04,1,1.0,1,-1.0,False,False,False,https://www.eurasiareview.com/10092026-south-koreas-security-choices-amid-the-north-korean-threat-beyond-dependence-and-the-bomb-analysis/
2026-09-10,2026-09-10,True,USA,response,SOUTH KOREA,KOR,UNITED STATES,USA,010,01,1,0.0,3,-0.0,False,False,False,https://www.yourdemocracy.net.au/drupal/node/55976
2026-09-10,2026-09-10,True,PRK,response,SEOUL,KOR,NORTH KOREA,PRK,050,05,1,3.5,1,-3.5,False,False,False,https://asianews.network/is-sending-officials-to-uae-a-sign-seoul-is-leaning-towards-hormuz-deployment/
2026-09-10,2026-09-10,True,USA,response,SOUTH KOREA,KOR,UNITED STATES,USA,010,01,1,0.0,1,-0.0,False,False,False,https://www.yourdemocracy.net.au/drupal/node/55976
2026-09-10,2026-09-10,True,USA,response,SOUTH KOREA,KOR,UNITED STATES,USA,010,01,1,0.0,8,-0.0,False,False,True,https://www.1in.am/3756907.html
2026-09-10,2026-09-10,True,USA,response,SOUTH KOREA,KOR,UNITED STATES,USA,010,01,1,0.0,2,-0.0,False,False,True,https://www.1in.am/3756907.html
2026-09-10,2026-09-10,True,USA,response,SOUTH KOREA,KOR,UNITED STATES,USA,042,04,1,1.9,2,-3.8,False,False,False,https://www.aol.com/articles/deadline-suewallst-reminds-bloom-energy-140900000.html
2026-09-10,2026-09-10,True,USA,response,SOUTH KOREA,KOR,UNITED STATES,USA,042,04,1,1.9,6,-11.4,False,False,False,https://www.aol.com/articles/deadline-suewallst-reminds-bloom-energy-140900000.html
2026-09-10,2026-09-10,True,USA,response,SOUTH KOREA,KOR,UNITED STATES,USA,046,04,1,7.0,6,-42.0,False,False,False,https://world.kbs.co.kr/service/news_view.htm?lang=f&Seq_Code=96314
2026-09-10,2026-09-10,True,USA,response,SOUTH KOREA,KOR,UNITED STATES,USA,046,04,1,7.0,2,-14.0,False,False,False,https://world.kbs.co.kr/service/news_view.htm?lang=f&Seq_Code=96314
2026-09-10,2026-09-10,True,JPN,response,SOUTH KOREA,KOR,JAPAN,JPN,036,03,1,4.0,2,-8.0,False,False,False,https://www.timesrepublican.com/news/todays-news/2026/09/naig-wants-to-shift-culture-leave-agriculture-better/
2026-09-10,2026-09-10,True,USA,response,DAEJEON,KOR,CHICAGO,USA,043,04,1,2.8,8,-22.4,False,False,False,https://www.thereminder.ca/a-brain-implant-in-korea-received-orders-from-the-u-s-10596-km-away-what-can-it-really-do/
2026-09-10,2026-09-10,True,USA,response,SEOUL,KOR,UNITED STATES,USA,043,04,1,2.8,5,-14.0,False,False,False,https://www.cathstan.org/us-world/us-pilgrims-are-already-gearing-up-for-world-youth-day-2027-in-south-korea
2026-09-10,2026-09-10,True,RUS,response,REPUBLIC OF KOREA,KOR,RUSSIA,RUS,061,06,2,6.4,10,-64.0,False,True,False,https://news.tuoitre.vn/vietnam-spends-over-4bn-on-meat-fishery-imports-in-eight-months-103260910211738884.htm
2026-09-10,2026-09-10,True,PRK,threat,GYEONGSANG,PRK,SOUTH KOREA,KOR,010,01,1,0.0,8,-0.0,False,False,False,http://www.koreatimes.com/article/20260910/1629163
2026-09-10,2026-09-10,True,PRK,threat,GYEONGSANG,PRK,GYEONGBUK,KOR,040,04,1,1.0,10,-10.0,False,False,False,https://biz.heraldcorp.com/article/10868729
2026-09-10,2026-09-10,True,PRK,threat,NORTH KOREA,PRK,SOUTH KOREA,KOR,120,12,3,-4.0,2,8.0,False,False,False,https://focus.ua/uk/world/767237-naroshchuye-virobnictvo-pivnichna-koreya-pobuduvala-noviy-ob-yekt-zi-zbagachennya-uranu-magate-foto
2026-09-10,2026-09-10,True,PRK,threat,NORTH KOREA,PRK,SOUTH KOREA,KOR,046,04,1,7.0,1,-7.0,False,False,False,https://www.prokerala.com/news/articles/a1810710.html
2026-09-10,2026-09-10,True,PRK,threat,DPRK,PRK,SOUTH KOREA,KOR,120,12,3,-4.0,6,24.0,False,False,False,https://gazeta.ua/ru/articles/world-life/_kndr-postroila-novyj-ob-ekt-po-obogascheniyu-urana/1258375
2026-09-10,2026-09-10,True,PRK,threat,NORTH KOREA,PRK,SOUTH KOREA,KOR,120,12,3,-4.0,4,16.0,False,False,False,https://www.dialog.ua/world/magate-predupredilo-chto-severnaya-koreya-uvelichila-svoi-vozmozhnosti-po-obogashcheniyu.html
2026-09-10,2026-09-10,True,PRK,threat,NORTH KOREA,PRK,SOUTH KOREA,KOR,042,04,1,1.9,2,-3.8,False,False,False,https://focus.ua/uk/world/767237-naroshchuye-virobnictvo-pivnichna-koreya-pobuduvala-noviy-ob-yekt-zi-zbagachennya-uranu-magate-foto
2026-09-10,2026-09-10,True,PRK,threat,NORTH KOREA,PRK,SOUTH KOREA,KOR,043,04,1,2.8,1,-2.8,False,False,False,https://gazeta.ua/ru/articles/world-life/_kndr-postroila-novyj-ob-ekt-po-obogascheniyu-urana/1258375
2026-09-10,2026-09-10,True,PRK,threat,NORTH KOREA,PRK,SOUTH KOREA,KOR,046,04,1,7.0,5,-35.0,False,False,False,https://www.prokerala.com/news/articles/a1810710.html
2026-09-10,2026-09-10,True,PRK,threat,NORTH KOREA,PRK,SEOUL,KOR,046,04,1,7.0,4,-28.0,False,False,False,https://www.prokerala.com/news/articles/a1810710.html
2026-09-10,2026-09-10,True,PRK,threat,NORTH KOREA,PRK,SOUTH KOREA,KOR,194,19,4,-10.0,2,20.0,False,False,False,https://www.guampdn.com/news/guam-andersen-afb-included-in-simulated-north-korean-nuclear-strike-scenario/article_2da412c8-fac0-4ba5-bfe6-c35e49c499b6.html
2026-09-10,2026-09-10,True,PRK,threat,NORTH KOREA,PRK,SOUTH KOREA,KOR,190,19,4,-10.0,2,20.0,True,False,False,https://www.guampdn.com/news/guam-andersen-afb-included-in-simulated-north-korean-nuclear-strike-scenario/article_2da412c8-fac0-4ba5-bfe6-c35e49c499b6.html
2026-09-10,2026-09-10,True,PRK,threat,NORTH KOREA,PRK,SOUTH KOREA,KOR,194,19,4,-10.0,1,10.0,False,False,False,https://www.guampdn.com/news/guam-andersen-afb-included-in-simulated-north-korean-nuclear-strike-scenario/article_2da412c8-fac0-4ba5-bfe6-c35e49c499b6.html
2026-09-10,2026-09-10,True,PRK,threat,NORTH KOREA,PRK,SOUTH KOREA,KOR,190,19,4,-10.0,6,60.0,True,False,False,https://www.guampdn.com/news/guam-andersen-afb-included-in-simulated-north-korean-nuclear-strike-scenario/article_2da412c8-fac0-4ba5-bfe6-c35e49c499b6.html
2026-09-10,2026-09-10,True,RUS,threat,RUSSIAN,RUS,SOUTH KOREAN,KOR,090,09,2,-2.0,6,12.0,False,False,False,https://www.politika.rs/scc/clanak/784635/ruski-arktik-lng-2-trazi-milijardu-dolara-od-juznokorejskog-brodograditelja
2026-09-10,2026-09-10,True,RUS,threat,RUSSIA,RUS,SOUTH KOREA,KOR,090,09,2,-2.0,2,4.0,False,False,False,https://www.politika.rs/scc/clanak/784635/ruski-arktik-lng-2-trazi-milijardu-dolara-od-juznokorejskog-brodograditelja
2026-09-10,2026-09-10,True,RUS,threat,RUSSIA,RUS,SOUTH KOREA,KOR,090,09,2,-2.0,2,4.0,False,False,False,https://www.politika.rs/scc/clanak/784635/ruski-arktik-lng-2-trazi-milijardu-dolara-od-juznokorejskog-brodograditelja
2026-09-10,2026-09-10,True,RUS,threat,RUSSIAN,RUS,SOUTH KOREAN,KOR,090,09,2,-2.0,6,12.0,False,False,False,https://www.politika.rs/scc/clanak/784635/ruski-arktik-lng-2-trazi-milijardu-dolara-od-juznokorejskog-brodograditelja
2026-09-10,2026-09-10,True,RUS,threat,RUSSIAN,RUS,SOUTH KOREAN,KOR,090,09,2,-2.0,2,4.0,False,False,False,https://www.politika.rs/scc/clanak/784635/ruski-arktik-lng-2-trazi-milijardu-dolara-od-juznokorejskog-brodograditelja
2026-09-10,2026-09-10,True,RUS,threat,RUSSIA,RUS,SOUTH KOREA,KOR,080,08,2,5.0,4,-20.0,False,False,False,https://24tv.ua/ru/soldaty-kndr-na-vojne-protiv-ukrainy-kim-chen-yn-poblagodaril-voennyh-nahodjashhihsja-za-rubezhom_n3139289
2026-09-10,2026-09-10,True,RUS,threat,RUSSIA,RUS,SOUTH KOREA,KOR,042,04,1,1.9,3,-5.7,False,False,False,http://thepeninsulaqatar.com/article/31/08/2026/xi-advances-a-shared-future-with-chinas-neighbours
2026-09-10,2026-09-10,True,RUS,threat,RUSSIA,RUS,SEOUL,KOR,012,01,1,-0.4,8,3.2,False,False,False,https://argumenti.ru/society/yuzhnaya-koreya-pomogaet-ukraine-tretimi-rukami-1008551
2026-09-10,2026-09-10,True,RUS,threat,RUSSIA,RUS,SOUTH KOREA,KOR,070,07,2,7.0,2,-14.0,False,False,False,https://whbl.com/2026/09/09/north-koreas-kim-thanks-troops-on-overseas-operations-on-founding-anniversary/
2026-09-10,2026-09-10,True,RUS,threat,RUSSIA,RUS,SOUTH KOREA,KOR,042,04,1,1.9,1,-1.9,False,False,False,http://thepeninsulaqatar.com/article/31/08/2026/xi-advances-a-shared-future-with-chinas-neighbours
2026-09-10,2026-09-10,True,RUS,threat,RUSSIA,RUS,SOUTH KOREA,KOR,042,04,1,1.9,1,-1.9,False,False,False,http://thepeninsulaqatar.com/article/31/08/2026/xi-advances-a-shared-future-with-chinas-neighbours
2026-09-10,2026-09-10,True,RUS,threat,RUSSIA,RUS,SOUTH KOREA,KOR,080,08,2,5.0,2,-10.0,False,False,False,https://24tv.ua/ru/soldaty-kndr-na-vojne-protiv-ukrainy-kim-chen-yn-poblagodaril-voennyh-nahodjashhihsja-za-rubezhom_n3139289
2026-09-10,2026-09-10,True,USA,threat,UNITED STATES,USA,SEOUL,KOR,042,04,1,1.9,1,-1.9,False,False,False,http://thedialog.org/vatican-news/pope-leos-first-world-youth-day-draws-growing-interest-from-u-s-pilgrims/
2026-09-10,2026-09-10,True,USA,threat,UNITED STATES,USA,SEOUL,KOR,042,04,1,1.9,1,-1.9,False,False,False,http://thedialog.org/vatican-news/pope-leos-first-world-youth-day-draws-growing-interest-from-u-s-pilgrims/
2026-09-10,2026-09-10,True,USA,threat,UNITED STATES,USA,SOUTH KOREA,KOR,040,04,1,1.0,1,-1.0,False,False,True,https://www.stripes.com/history/2026-09-10/gold-star-spouse-army-veteran-9-11-22809847.html
2026-09-10,2026-09-10,True,USA,threat,UNITED STATES,USA,SOUTH KOREA,KOR,043,04,1,2.8,1,-2.8,False,False,True,https://www.stripes.com/history/2026-09-10/gold-star-spouse-army-veteran-9-11-22809847.html
2026-09-10,2026-09-10,True,USA,threat,GOOGLE,USA,SAMSUNG,KOR,010,01,1,0.0,10,-0.0,False,False,False,https://www.androidcentral.com/gaming/virtual-reality/samsung-mightve-started-racing-ahead-to-android-xr-glasses-with-a-color-display
2026-09-10,2026-09-10,True,USA,threat,GOOGLE,USA,SAMSUNG,KOR,030,03,1,4.0,10,-40.0,False,False,False,https://memeburn.com/best-android-phone/
2026-09-10,2026-09-10,True,USA,threat,MOTOROLA,USA,SAMSUNG,KOR,051,05,1,3.4,10,-34.0,False,False,False,https://www.howtogeek.com/stopped-paying-for-these-4-android-features-that-shouldve-been-free/
2026-09-10,2026-09-10,True,USA,threat,THE US,USA,SAMSUNG,KOR,190,19,4,-10.0,5,50.0,False,False,False,https://www.androidpolice.com/motorola-provides-a-quick-glimpse-of-its-wide-foldable/
2026-09-10,2026-09-10,True,USA,threat,UNITED STATES,USA,SOUTH KOREA,KOR,043,04,1,2.8,2,-5.6,False,False,False,https://www.aol.com/articles/deadline-suewallst-reminds-bloom-energy-140900000.html
2026-09-10,2026-09-10,True,USA,threat,UNITED STATES,USA,SOUTH KOREA,KOR,046,04,1,7.0,2,-14.0,False,False,False,https://asianews.network/is-sending-officials-to-uae-a-sign-seoul-is-leaning-towards-hormuz-deployment/
2026-09-10,2026-09-10,True,USA,threat,UNITED STATES,USA,SOUTH KOREA,KOR,043,04,1,2.8,6,-16.8,False,False,False,https://www.aol.com/articles/deadline-suewallst-reminds-bloom-energy-140900000.html
2026-09-10,2026-09-10,True,USA,threat,THE US,USA,SOUTH KOREA,KOR,080,08,2,5.0,1,-5.0,False,False,False,https://www.aol.co.uk/articles/north-korea-built-uranium-facility-050846000.html
2026-09-10,2026-09-10,True,USA,threat,UNITED STATES,USA,SOUTH KOREA,KOR,043,04,1,2.8,1,-2.8,False,False,False,https://www.fashiontimes.com/hoyeon-jung-covers-another-magazines-25th-anniversary-issue-shot-roe-ethridge-14901
2026-09-10,2026-09-10,True,USA,threat,FIRST STATE,USA,SOUTH KOREA,KOR,042,04,1,1.9,4,-7.6,False,False,True,https://www.infodefensa.com/texto-diario/mostrar/6007333/autonomia-defensa-cooperacion-industrial-experiencia-industria-defensa-surcoreana-nuevas-posibilidades-cooperacion-america-latina
2026-09-10,2026-09-10,True,USA,threat,UNITED STATES,USA,SOUTH KOREA,KOR,043,04,1,2.8,1,-2.8,False,False,False,https://www.fashiontimes.com/hoyeon-jung-covers-another-magazines-25th-anniversary-issue-shot-roe-ethridge-14901
2026-09-10,2026-09-10,True,USA,threat,UNITED STATES,USA,SOUTH KOREA,KOR,111,11,3,-2.0,2,4.0,False,False,False,https://www.fnnews.com/news/202609101626084652
2026-09-10,2026-09-10,True,USA,threat,UNITED STATES,USA,SOUTH KOREA,KOR,111,11,3,-2.0,2,4.0,False,False,False,https://www.fnnews.com/news/202609101626084652
2026-09-10,2026-09-10,True,USA,threat,THE US,USA,SEOUL,KOR,040,04,1,1.0,20,-20.0,False,False,False,https://zdnet.co.kr/view/?no=20260910152106
2026-09-10,2026-09-10,True,USA,threat,THE US,USA,SOUTH KOREA,KOR,0234,02,1,3.4,10,-34.0,False,False,False,https://asianews.network/is-sending-officials-to-uae-a-sign-seoul-is-leaning-towards-hormuz-deployment/
2026-09-10,2026-09-10,True,USA,threat,THE US,USA,SOUTH KOREA,KOR,051,05,1,3.4,2,-6.8,False,False,False,https://asianews.network/is-sending-officials-to-uae-a-sign-seoul-is-leaning-towards-hormuz-deployment/
2026-09-10,2026-09-10,True,USA,threat,THE US,USA,SEOUL,KOR,020,02,1,3.0,2,-6.0,True,False,True,https://asianews.network/is-sending-officials-to-uae-a-sign-seoul-is-leaning-towards-hormuz-deployment/
2026-09-10,2026-09-10,True,USA,threat,UNITED STATES,USA,SEOUL,KOR,040,04,1,1.0,4,-4.0,False,False,False,https://biz.heraldcorp.com/article/10868942
2026-09-10,2026-09-10,True,USA,threat,UNITED STATES,USA,SOUTH KOREA,KOR,020,02,1,3.0,10,-30.0,False,False,False,https://www.edaily.co.kr/News/Read?newsId=03768726645578808&mediaCodeNo=257
2026-09-10,2026-09-10,True,USA,threat,UNITED STATES,USA,SEOUL,KOR,042,04,1,1.9,1,-1.9,False,False,False,https://www.cathstan.org/us-world/us-pilgrims-are-already-gearing-up-for-world-youth-day-2027-in-south-korea
2026-09-10,2026-09-10,True,USA,threat,UNITED STATES,USA,SOUTH KOREA,KOR,046,04,1,7.0,2,-14.0,False,False,False,https://www.sbctv.gr/2026/09/%CE%B4%CE%B9%CE%BC%CE%B5%CF%81%CE%B5%CE%B9%CF%82-%CF%83%CF%85%CE%BD%CE%BF%CE%BC%CE%B9%CE%BB%CE%B9%CE%B5%CF%82/
2026-09-10,2026-09-10,True,USA,threat,UNITED STATES,USA,SEOUL,KOR,042,04,1,1.9,2,-3.8,False,False,False,https://www.cathstan.org/us-world/us-pilgrims-are-already-gearing-up-for-world-youth-day-2027-in-south-korea
2026-09-10,2026-09-10,True,USA,threat,UNITED STATES,USA,SOUTH KOREA,KOR,046,04,1,7.0,6,-42.0,False,False,False,https://asianews.network/is-sending-officials-to-uae-a-sign-seoul-is-leaning-towards-hormuz-deployment/
2026-09-10,2026-09-10,True,USA,threat,WASHINGTON,USA,SEOUL,KOR,040,04,1,1.0,7,-7.0,False,False,False,https://www.eurasiareview.com/10092026-south-koreas-security-choices-amid-the-north-korean-threat-beyond-dependence-and-the-bomb-analysis/
2026-09-10,2026-09-10,True,USA,threat,UNITED STATES,USA,SOUTH KOREA,KOR,040,04,1,1.0,3,-3.0,False,False,False,https://www.eurasiareview.com/10092026-south-koreas-security-choices-amid-the-north-korean-threat-beyond-dependence-and-the-bomb-analysis/
2026-09-10,2026-09-10,True,USA,threat,UNITED STATES,USA,SOUTH KOREA,KOR,051,05,1,3.4,2,-6.8,False,False,False,https://www.koreatimes.co.kr/southkorea/politics/20260910/korea-seeks-to-expand-us-naval-cooperation-from-mro-to-shipbuilding
2026-09-10,2026-09-10,True,USA,threat,UNITED STATES,USA,SOUTH KOREA,KOR,051,05,1,3.4,4,-13.6,False,False,False,https://www.koreatimes.co.kr/southkorea/politics/20260910/korea-seeks-to-expand-us-naval-cooperation-from-mro-to-shipbuilding
2026-09-10,2026-09-10,True,USA,threat,WASHINGTON,USA,SEOUL,KOR,046,04,1,7.0,8,-56.0,False,False,False,https://www.sbctv.gr/2026/09/%CE%B4%CE%B9%CE%BC%CE%B5%CF%81%CE%B5%CE%B9%CF%82-%CF%83%CF%85%CE%BD%CE%BF%CE%BC%CE%B9%CE%BB%CE%B9%CE%B5%CF%82/
2026-09-10,2026-09-10,True,USA,threat,UNITED STATES,USA,SOUTH KOREA,KOR,046,04,1,7.0,6,-42.0,False,False,False,https://world.kbs.co.kr/service/news_view.htm?lang=f&Seq_Code=96314
2026-09-10,2026-09-10,True,USA,threat,UNITED STATES,USA,SOUTH KOREA,KOR,046,04,1,7.0,2,-14.0,False,False,False,https://world.kbs.co.kr/service/news_view.htm?lang=f&Seq_Code=96314
2026-09-10,2026-09-10,True,USA,threat,THE US,USA,SOUTH KOREA,KOR,086,08,2,9.0,2,-18.0,False,False,False,https://asianews.network/is-sending-officials-to-uae-a-sign-seoul-is-leaning-towards-hormuz-deployment/
2026-09-10,2026-09-10,True,USA,threat,UNITED STATES,USA,SEOUL,KOR,040,04,1,1.0,6,-6.0,False,False,False,https://biz.heraldcorp.com/article/10868942
2026-09-10,2026-09-10,True,USA,threat,UNITED STATES,USA,SOUTH KOREA,KOR,040,04,1,1.0,4,-4.0,False,False,False,https://www.prokerala.com/news/articles/a1810710.html
2026-09-10,2026-09-10,True,USA,threat,CHICAGO,USA,DAEJEON,KOR,042,04,1,1.9,8,-15.2,False,False,False,https://www.thereminder.ca/a-brain-implant-in-korea-received-orders-from-the-u-s-10596-km-away-what-can-it-really-do/
2026-09-10,2026-09-10,True,USA,threat,UNITED STATES,USA,SOUTH KOREA,KOR,043,04,1,2.8,2,-5.6,False,False,False,https://www.aol.com/articles/deadline-suewallst-reminds-bloom-energy-140900000.html
2026-09-10,2026-09-10,True,USA,threat,UNITED STATES,USA,SOUTH KOREA,KOR,111,11,3,-2.0,10,20.0,False,False,False,https://www.edaily.co.kr/News/Read?newsId=03339046645578808&mediaCodeNo=257
2026-09-10,2026-09-10,True,USA,threat,FIRST STATE,USA,SOUTH KOREA,KOR,042,04,1,1.9,6,-11.4,False,False,True,https://www.infodefensa.com/texto-diario/mostrar/6007333/autonomia-defensa-cooperacion-industrial-experiencia-industria-defensa-surcoreana-nuevas-posibilidades-cooperacion-america-latina
2026-09-10,2026-09-10,True,USA,threat,CALIFORNIA,USA,SOUTH KOREA,KOR,020,02,1,3.0,10,-30.0,False,False,False,https://www.edaily.co.kr/News/Read?newsId=05120086645578808&mediaCodeNo=257
2026-09-10,2026-09-10,True,USA,threat,UNITED STATES,USA,SOUTH KOREA,KOR,046,04,1,7.0,2,-14.0,False,False,False,https://asianews.network/is-sending-officials-to-uae-a-sign-seoul-is-leaning-towards-hormuz-deployment/
2026-09-10,2026-09-10,True,USA,threat,UNITED STATES,USA,SOUTH KOREA,KOR,040,04,1,1.0,1,-1.0,False,False,False,https://www.eurasiareview.com/10092026-south-koreas-security-choices-amid-the-north-korean-threat-beyond-dependence-and-the-bomb-analysis/
2026-09-10,2026-09-10,True,USA,threat,UNITED STATES,USA,SOUTH KOREA,KOR,051,05,1,3.4,2,-6.8,False,False,False,https://www.koreatimes.co.kr/southkorea/politics/20260910/korea-seeks-to-expand-us-naval-cooperation-from-mro-to-shipbuilding
2026-09-10,2026-09-10,True,USA,threat,UNITED STATES,USA,SEOUL,KOR,042,04,1,1.9,2,-3.8,False,False,False,https://www.cathstan.org/us-world/us-pilgrims-are-already-gearing-up-for-world-youth-day-2027-in-south-korea
2026-09-11,2026-09-11,True,CHN,threat,BEIJING,CHN,SEOUL,KOR,042,04,1,1.9,6,-11.4,False,False,False,https://www.scmp.com/news/china/diplomacy/article/3367242/ai-fight-shadows-final-preparations-xi-jinpings-white-house-visit
2026-09-11,2026-09-11,True,CHN,threat,CHINESE,CHN,BUSAN,KOR,040,04,1,1.0,2,-2.0,False,False,False,https://www.latimes.com/politics/story/2026-09-11/its-going-to-be-fine-trump-rebuffs-rising-alarm-over-ai-dangers-sparking-outcry
2026-09-11,2026-09-11,True,CHN,threat,CHINESE,CHN,BUSAN,KOR,040,04,1,1.0,6,-6.0,False,False,False,https://www.latimes.com/politics/story/2026-09-11/its-going-to-be-fine-trump-rebuffs-rising-alarm-over-ai-dangers-sparking-outcry
2026-09-11,2026-09-11,True,CHN,threat,CHINESE,CHN,BUSAN,KOR,040,04,1,1.0,2,-2.0,False,False,False,https://www.latimes.com/politics/story/2026-09-11/its-going-to-be-fine-trump-rebuffs-rising-alarm-over-ai-dangers-sparking-outcry
2026-09-11,2026-09-11,True,CHN,threat,CHINESE,CHN,GYEONGGI,KOR,192,19,4,-9.5,7,66.5,False,False,False,https://www.koreatimes.co.kr/economy/20260911/foreign-victims-shut-out-of-koreas-jeonse-fraud-relief-efforts
2026-09-11,2026-09-11,True,JPN,threat,JAPAN,JPN,SOUTH KOREA,KOR,030,03,1,4.0,1,-4.0,False,False,False,https://nuclear-news.net/2026/09/11/2-c-new-nuclear-alliance-is-formed-between-three-major-countries/
2026-09-11,2026-09-11,True,JPN,threat,JAPAN,JPN,SOUTH KOREA,KOR,057,05,1,8.0,1,-8.0,False,False,False,https://nuclear-news.net/2026/09/11/2-c-new-nuclear-alliance-is-formed-between-three-major-countries/
2026-09-11,2026-09-11,True,JPN,threat,JAPAN,JPN,BUSAN,KOR,042,04,1,1.9,10,-19.0,False,False,False,http://www.knnews.co.kr/news/articleView.php?idxno=1550665
2026-09-11,2026-09-11,True,JPN,threat,JAPAN,JPN,BUSAN,KOR,043,04,1,2.8,2,-5.6,False,False,False,http://www.knnews.co.kr/news/articleView.php?idxno=1550665
2026-09-11,2026-09-11,True,JPN,threat,JAPAN,JPN,BUSAN,KOR,042,04,1,1.9,6,-11.4,False,False,False,http://www.knnews.co.kr/news/articleView.php?idxno=1550665
2026-09-11,2026-09-11,True,JPN,threat,JAPAN,JPN,SOUTH KOREA,KOR,043,04,1,2.8,10,-28.0,False,False,False,https://www.edaily.co.kr/News/Read?newsId=03637526645579136&mediaCodeNo=257
2026-09-11,2026-09-11,True,JPN,threat,JAPAN,JPN,SOUTH KOREA,KOR,030,03,1,4.0,4,-16.0,False,False,False,https://nuclear-news.net/2026/09/11/2-c-new-nuclear-alliance-is-formed-between-three-major-countries/
2026-09-11,2026-09-11,True,JPN,threat,JAPAN,JPN,SOUTH KOREA,KOR,057,05,1,8.0,2,-16.0,False,False,False,https://nuclear-news.net/2026/09/11/2-c-new-nuclear-alliance-is-formed-between-three-major-countries/
2026-09-11,2026-09-11,True,JPN,threat,JAPANESE,JPN,SOUTH KOREA,KOR,090,09,2,-2.0,6,12.0,False,False,False,https://www.soompi.com/article/1869599wpp/watch-kim-you-jung-makes-a-false-love-confession-to-got7s-park-jinyoung-in-100-days-of-deception-teaser
2026-09-11,2026-09-11,True,JPN,threat,JAPAN,JPN,SOUTH KOREA,KOR,020,02,1,3.0,2,-6.0,False,False,False,https://www.ohmynews.com/NWS_Web/View/at_pg.aspx?CNTN_CD=A0003266235&PAGE_CD=N0002&CMPT_CD=M0136
2026-09-11,2026-09-11,True,RUS,response,SOUTH KOREAN,KOR,RUSSIAN,RUS,120,12,3,-4.0,8,32.0,False,False,False,https://www.businessinsurance.com/hanwha-ocean-faces-1b-claim-over-canceled-lng-tanker-contracts/
2026-09-11,2026-09-11,True,RUS,response,SOUTH KOREAN,KOR,RUSSIAN,RUS,120,12,3,-4.0,2,8.0,False,False,False,https://www.businessinsurance.com/hanwha-ocean-faces-1b-claim-over-canceled-lng-tanker-contracts/
2026-09-11,2026-09-11,True,RUS,response,SOUTH KOREAN,KOR,RUSSIAN,RUS,010,01,1,0.0,4,-0.0,False,False,False,https://www.businessinsurance.com/hanwha-ocean-faces-1b-claim-over-canceled-lng-tanker-contracts/
2026-09-11,2026-09-11,True,RUS,response,SOUTH KOREAN,KOR,RUSSIA,RUS,010,01,1,0.0,1,-0.0,False,False,False,https://www.businessinsurance.com/hanwha-ocean-faces-1b-claim-over-canceled-lng-tanker-contracts/
2026-09-11,2026-09-11,True,USA,response,SAMSUNG,KOR,NEW YORK,USA,084,08,2,7.0,10,-70.0,False,False,False,https://www.androidpolice.com/apple-prepares-to-steal-the-foldable-revolution-that-samsung-started/
2026-09-11,2026-09-11,True,USA,response,SOUTH KOREA,KOR,REUTERS,USA,040,04,1,1.0,2,-2.0,False,False,False,https://www.al-monitor.com/originals/2026/09/south-korean-iranian-foreign-ministers-discuss-strait-hormuz-seoul-says
2026-09-11,2026-09-11,True,CHN,response,SOUTH KOREA,KOR,CHINA,CHN,020,02,1,3.0,1,-3.0,False,False,False,http://www.bignewsnetwork.com/news/279301398/why-india-and-china-are-talking-again
2026-09-11,2026-09-11,True,CHN,response,SOUTH KOREA,KOR,CHINA,CHN,020,02,1,3.0,1,-3.0,False,False,False,http://www.bignewsnetwork.com/news/279301398/why-india-and-china-are-talking-again
2026-09-11,2026-09-11,True,CHN,response,SOUTH KOREA,KOR,CHINA,CHN,020,02,1,3.0,3,-9.0,False,False,False,http://www.bignewsnetwork.com/news/279301398/why-india-and-china-are-talking-again
2026-09-11,2026-09-11,True,USA,response,SOUTH KOREA,KOR,UNITED STATES,USA,040,04,1,1.0,2,-2.0,False,False,False,https://lansingcitypulse.com/9-11-memorial-in-lansing-brings-tom-barrett-will-lawrence-and-abdul-el-sayed-to-lansing/
2026-09-11,2026-09-11,True,CHN,response,SEOUL,KOR,BEIJING,CHN,043,04,1,2.8,6,-16.8,False,False,False,https://www.scmp.com/news/china/diplomacy/article/3367242/ai-fight-shadows-final-preparations-xi-jinpings-white-house-visit
2026-09-11,2026-09-11,True,CHN,response,BUSAN,KOR,CHINESE,CHN,040,04,1,1.0,6,-6.0,False,False,False,https://www.latimes.com/politics/story/2026-09-11/its-going-to-be-fine-trump-rebuffs-rising-alarm-over-ai-dangers-sparking-outcry
2026-09-11,2026-09-11,True,CHN,response,BUSAN,KOR,CHINESE,CHN,040,04,1,1.0,2,-2.0,False,False,False,https://www.latimes.com/politics/story/2026-09-11/its-going-to-be-fine-trump-rebuffs-rising-alarm-over-ai-dangers-sparking-outcry
2026-09-11,2026-09-11,True,CHN,response,BUSAN,KOR,CHINESE,CHN,040,04,1,1.0,2,-2.0,False,False,False,https://www.latimes.com/politics/story/2026-09-11/its-going-to-be-fine-trump-rebuffs-rising-alarm-over-ai-dangers-sparking-outcry
2026-09-11,2026-09-11,True,PRK,response,SOUTH KOREA,KOR,PYONGYANG,PRK,062,06,2,7.4,1,-7.4,False,False,False,https://www.channelnewsasia.com/east-asia/north-korea-launches-unidentified-projectile-east-sea-6379606
2026-09-11,2026-09-11,True,PRK,response,SOUTH KOREA,KOR,NORTH KOREA,PRK,194,19,4,-10.0,4,40.0,False,False,False,https://www.channelnewsasia.com/east-asia/north-korea-launches-unidentified-projectile-east-sea-6379606
2026-09-11,2026-09-11,True,PRK,response,SOUTH KOREA,KOR,PYONGYANG,PRK,062,06,2,7.4,1,-7.4,False,False,False,https://www.channelnewsasia.com/east-asia/north-korea-launches-unidentified-projectile-east-sea-6379606
2026-09-11,2026-09-11,True,USA,response,SOUTH KOREA,KOR,UNITED STATES,USA,122,12,3,-4.0,2,8.0,False,False,False,https://www.voakorea.com/a/8197070.html
2026-09-11,2026-09-11,True,USA,response,SAMSUNG,KOR,GOOGLE,USA,010,01,1,0.0,10,-0.0,False,False,False,https://www.techrepublic.com/article/news-google-android-update-180-security-flaws/
2026-09-11,2026-09-11,True,USA,response,SAMSUNG,KOR,GOOGLE,USA,084,08,2,7.0,10,-70.0,False,False,False,https://www.techrepublic.com/article/news-google-android-update-180-security-flaws/
2026-09-11,2026-09-11,True,USA,response,SAMSUNG,KOR,GOOGLE,USA,051,05,1,3.4,10,-34.0,False,False,False,https://www.t3.com/home-living/travel/samsung-galaxy-smarttag-3-appears-online-ahead-of-official-launch-still-no-sign-of-apple-support-though
2026-09-11,2026-09-11,True,CHN,response,SOUTH KOREA,KOR,CHINA,CHN,010,01,1,0.0,16,-0.0,False,False,False,https://www.hani.co.kr/arti/english_edition/e_international/1277423.html
2026-09-11,2026-09-11,True,CHN,response,HYUNDAI,KOR,CHINESE,CHN,111,11,3,-2.0,8,16.0,False,False,False,https://www.haberler.com/otomobil/cinli-otomobil-ureticileri-avrupa-da-hizla-buyuyor-20229247-haberi/
2026-09-11,2026-09-11,True,CHN,response,SOUTH KOREA,KOR,CHANGSHA,CHN,010,01,1,0.0,2,-0.0,False,False,False,http://inews24.com/view/2004873
2026-09-11,2026-09-11,True,CHN,response,SOUTH KOREA,KOR,CHINA,CHN,125,12,3,-5.0,8,40.0,False,False,False,https://www.globalsecurity.org/military/library/news/2026/09/mil-260909-globaltimes01.htm
2026-09-11,2026-09-11,True,USA,response,SEOUL,KOR,THE US,USA,030,03,1,4.0,2,-8.0,False,False,False,https://asianews.network/korean-troops-for-the-iran-war/
2026-09-11,2026-09-11,True,USA,response,SOUTH KOREA,KOR,THE US,USA,030,03,1,4.0,6,-24.0,False,False,False,https://asianews.network/korean-troops-for-the-iran-war/
2026-09-11,2026-09-11,True,JPN,response,SOUTH KOREA,KOR,JAPAN,JPN,042,04,1,1.9,10,-19.0,False,False,False,https://www.edaily.co.kr/News/Read?newsId=03637526645579136&mediaCodeNo=257
2026-09-11,2026-09-11,True,JPN,response,SOUTH KOREA,KOR,JAPAN,JPN,030,03,1,4.0,4,-16.0,False,False,False,https://nuclear-news.net/2026/09/11/2-c-new-nuclear-alliance-is-formed-between-three-major-countries/
2026-09-11,2026-09-11,True,JPN,response,SOUTH KOREA,KOR,JAPAN,JPN,057,05,1,8.0,2,-16.0,False,False,False,https://nuclear-news.net/2026/09/11/2-c-new-nuclear-alliance-is-formed-between-three-major-countries/
2026-09-11,2026-09-11,True,JPN,response,SOUTH KOREA,KOR,JAPAN,JPN,020,02,1,3.0,8,-24.0,False,False,False,https://theconversation.com/hormuz-crisis-has-forced-japan-into-rethinking-and-domesticating-its-energy-security-needs-290770
2026-09-11,2026-09-11,True,JPN,response,BUSAN,KOR,JAPAN,JPN,042,04,1,1.9,2,-3.8,False,False,False,http://www.knnews.co.kr/news/articleView.php?idxno=1550665
2026-09-11,2026-09-11,True,JPN,response,BUSAN,KOR,JAPAN,JPN,043,04,1,2.8,16,-44.8,False,False,False,http://www.knnews.co.kr/news/articleView.php?idxno=1550665
2026-09-11,2026-09-11,True,JPN,response,SEOUL,KOR,JAPAN,JPN,010,01,1,0.0,1,-0.0,False,False,False,https://asianews.network/seoul-says-social-consensus-needed-before-deployment-following-us-request/
2026-09-11,2026-09-11,True,USA,response,SOUTH KOREA,KOR,WASHINGTON,USA,020,02,1,3.0,2,-6.0,False,False,False,https://asianews.network/seoul-says-social-consensus-needed-before-deployment-following-us-request/
2026-09-11,2026-09-11,True,JPN,response,SEOUL,KOR,JAPAN,JPN,010,01,1,0.0,1,-0.0,False,False,False,https://asianews.network/seoul-says-social-consensus-needed-before-deployment-following-us-request/
2026-09-11,2026-09-11,True,USA,response,SOUTH KOREA,KOR,WASHINGTON,USA,020,02,1,3.0,2,-6.0,False,False,False,https://asianews.network/seoul-says-social-consensus-needed-before-deployment-following-us-request/
2026-09-11,2026-09-11,True,PRK,response,SOUTH KOREA,KOR,NORTH KOREA,PRK,043,04,1,2.8,10,-28.0,False,False,False,https://vaartha.com/international/south-korea-nis-report-on-kim-jong-un-son-and-successor-daughter-kim-ju-ae/775839/
2026-09-11,2026-09-11,True,PRK,response,SOUTH KOREA,KOR,NORTH KOREA,PRK,040,04,1,1.0,6,-6.0,False,False,False,https://argumenti.ru/society/ssha-i-yuzhnaya-koreya-obsuzhdayut-ugrozu-severokoreyskogo-yadernogo-oruzhiya-1008677
2026-09-11,2026-09-11,True,PRK,response,SEOUL,KOR,NORTH KOREA,PRK,040,04,1,1.0,5,-5.0,False,False,False,https://sana.sy/en/international/2341988/
2026-09-11,2026-09-11,True,PRK,response,SOUTH KOREA,KOR,NORTH KOREA,PRK,110,11,3,-2.0,4,8.0,False,False,False,https://sana.sy/en/international/2341988/
2026-09-11,2026-09-11,True,PRK,response,SOUTH KOREA,KOR,NORTH KOREA,PRK,110,11,3,-2.0,1,2.0,False,False,False,https://sana.sy/en/international/2341988/
2026-09-11,2026-09-11,True,USA,response,SOUTH KOREA,KOR,UNITED STATES,USA,010,01,1,0.0,2,-0.0,False,False,False,https://www.pressian.com/pages/articles/2026091016123891425
2026-09-11,2026-09-11,True,USA,response,SOUTH KOREA,KOR,THE US,USA,036,03,1,4.0,4,-16.0,False,False,True,https://news.kbs.co.kr/news/pc/view/view.do?ncd=8661305
2026-09-11,2026-09-11,True,USA,response,SOUTH KOREA,KOR,UNITED STATES,USA,100,10,3,-5.0,2,10.0,False,False,False,https://watchingamerica.com/2026/09/11/facing-us-pressure-to-build-semiconductor-plants-korea-must-negotiate-strategically/
2026-09-11,2026-09-11,True,PRK,response,SOUTH KOREA,KOR,NORTH KOREA,PRK,190,19,4,-10.0,4,40.0,False,False,False,https://www.unian.ua/world/viyna-v-ukrajini-stala-poligonom-dlya-kndr-ekspert-pro-nebezpechniy-alyans-13496844.html
2026-09-11,2026-09-11,True,USA,response,SOUTH KOREA,KOR,AMERICAN,USA,112,11,3,-2.0,1,2.0,False,False,False,https://www.dailykos.com/stories/2026/9/11/800094072/elections/a-warning-from-korea/
2026-09-11,2026-09-11,True,USA,response,SOUTH KOREA,KOR,THE US,USA,1723,17,4,-5.0,2,10.0,False,False,False,http://kr.xinhuanet.com/20260911/17303fb776a540afab2ee44f12a7a543/c.html
2026-09-11,2026-09-11,True,USA,response,SOUTH KOREA,KOR,THE US,USA,1723,17,4,-5.0,8,40.0,False,False,False,http://kr.xinhuanet.com/20260911/17303fb776a540afab2ee44f12a7a543/c.html
2026-09-11,2026-09-11,True,USA,response,SOUTH KOREA,KOR,AMERICAN,USA,0311,03,1,5.2,1,-5.2,False,False,False,https://www.koreaherald.com/article/10870604
2026-09-11,2026-09-11,True,USA,response,SOUTH KOREA,KOR,AMERICAN,USA,0311,03,1,5.2,1,-5.2,False,False,True,https://www.koreaherald.com/article/10870604
2026-09-11,2026-09-11,True,RUS,response,SOUTH KOREA,KOR,RUSSIA,RUS,020,02,1,3.0,2,-6.0,False,False,False,https://www.kommersant.ru/doc/8941461
2026-09-11,2026-09-11,True,USA,response,SOUTH KOREA,KOR,UNITED STATES,USA,010,01,1,0.0,2,-0.0,False,False,False,https://www.ohmynews.com/NWS_Web/View/at_pg.aspx?CNTN_CD=A0003266591&PAGE_CD=N0002&CMPT_CD=M0112
2026-09-11,2026-09-11,True,USA,response,SOUTH KOREAN,KOR,REUTERS,USA,040,04,1,1.0,2,-2.0,False,False,False,https://www.middleeasteye.net/live-blog/live-blog-update/araghchi-discusses-regional-situation-saudi-south-korean-counterparts-0
2026-09-11,2026-09-11,True,PRK,response,SOUTH KOREA,KOR,NORTH KOREAN,PRK,010,01,1,0.0,10,-0.0,False,False,False,https://www.nknews.org/2026/09/us-south-korea-agree-to-strengthen-information-sharing-on-north-korean-wmds/
2026-09-11,2026-09-11,True,USA,response,SOUTH KOREA,KOR,THE US,USA,030,03,1,4.0,2,-8.0,False,False,False,https://asianews.network/korean-troops-for-the-iran-war/
2026-09-11,2026-09-11,True,USA,response,SOUTH KOREA,KOR,THE US,USA,020,02,1,3.0,4,-12.0,False,False,False,https://www.dw.com/en/why-north-koreas-kim-jong-un-doesnt-need-a-us-deal/a-79227854
2026-09-11,2026-09-11,True,JPN,response,SOUTH KOREA,KOR,JAPAN,JPN,020,02,1,3.0,2,-6.0,False,False,False,https://theconversation.com/hormuz-crisis-has-forced-japan-into-rethinking-and-domesticating-its-energy-security-needs-290770
2026-09-11,2026-09-11,True,PRK,response,SOUTH KOREA,KOR,NORTH KOREA,PRK,040,04,1,1.0,4,-4.0,False,False,False,https://argumenti.ru/society/ssha-i-yuzhnaya-koreya-obsuzhdayut-ugrozu-severokoreyskogo-yadernogo-oruzhiya-1008677
2026-09-11,2026-09-11,True,CHN,response,SOUTH KOREA,KOR,CHANGSHA,CHN,010,01,1,0.0,2,-0.0,False,False,False,http://inews24.com/view/2004873
2026-09-11,2026-09-11,True,RUS,response,SOUTH KOREA,KOR,RUSSIA,RUS,120,12,3,-4.0,4,16.0,False,False,False,https://www.unian.net/world/voyna-v-ukraine-stala-poligonom-dlya-kndr-ekspert-ob-opasnom-alyanse-13496841.html
2026-09-11,2026-09-11,True,USA,response,SOUTH KOREA,KOR,UNITED STATES,USA,036,03,1,4.0,1,-4.0,False,False,False,https://www.koreatimes.co.kr/entertainment/20260911/tom-cruise-to-return-to-korea-oct-2-for-13th-visit
2026-09-11,2026-09-11,True,USA,response,SOUTH KOREA,KOR,UNITED STATES,USA,043,04,1,2.8,2,-5.6,False,False,False,https://www.koreatimes.co.kr/entertainment/20260911/tom-cruise-to-return-to-korea-oct-2-for-13th-visit
2026-09-11,2026-09-11,True,USA,response,SEOUL,KOR,UNITED STATES,USA,014,01,1,0.0,1,-0.0,False,False,False,https://www.koreatimes.co.kr/southkorea/politics/20260911/pm-stresses-profitability-of-350-bil-us-investment-pledge-rejects-discrimination-claims-against-coupang
2026-09-11,2026-09-11,True,RUS,response,SOUTH KOREA,KOR,RUSSIA,RUS,057,05,1,8.0,2,-16.0,False,False,False,https://nuclear-news.net/2026/09/11/2-c-new-nuclear-alliance-is-formed-between-three-major-countries/
2026-09-11,2026-09-11,True,RUS,response,SOUTH KOREA,KOR,RUSSIA,RUS,020,02,1,3.0,6,-18.0,False,False,False,https://www.kommersant.ru/doc/8941461
2026-09-11,2026-09-11,True,RUS,response,SOUTH KOREA,KOR,RUSSIA,RUS,051,05,1,3.4,4,-13.6,False,False,True,https://argumenti.ru/society/ssha-i-yuzhnaya-koreya-obsuzhdayut-ugrozu-severokoreyskogo-yadernogo-oruzhiya-1008677
2026-09-11,2026-09-11,True,USA,response,SEOUL,KOR,AMERICAN,USA,0874,08,2,10.0,2,-20.0,False,False,False,https://www.t3.com/active/outerwear/gramicci-x-thisisneverthat-vol-3-0926
2026-09-11,2026-09-11,True,USA,response,SOUTH KOREA,KOR,UNITED STATES,USA,043,04,1,2.8,1,-2.8,False,False,False,https://www.cardplayer.com/poker-news/1745528-kiat-lee-wins-jeju-mystery-bounty-for-fourth-triton-title
2026-09-11,2026-09-11,True,USA,response,SOUTH KOREA,KOR,UNITED STATES,USA,043,04,1,2.8,1,-2.8,False,False,False,https://www.cardplayer.com/poker-news/1745528-kiat-lee-wins-jeju-mystery-bounty-for-fourth-triton-title
2026-09-11,2026-09-11,True,USA,response,SOUTH KOREA,KOR,UNITED STATES,USA,010,01,1,0.0,4,-0.0,False,False,False,https://www.ohmynews.com/NWS_Web/View/at_pg.aspx?CNTN_CD=A0003266591&PAGE_CD=N0002&CMPT_CD=M0112
2026-09-11,2026-09-11,True,JPN,response,SOUTH KOREA,KOR,JAPAN,JPN,030,03,1,4.0,1,-4.0,False,False,False,https://nuclear-news.net/2026/09/11/2-c-new-nuclear-alliance-is-formed-between-three-major-countries/
2026-09-11,2026-09-11,True,USA,response,SOUTH KOREA,KOR,UNITED STATES,USA,030,03,1,4.0,1,-4.0,False,False,False,https://nuclear-news.net/2026/09/11/2-c-new-nuclear-alliance-is-formed-between-three-major-countries/
2026-09-11,2026-09-11,True,JPN,response,SOUTH KOREA,KOR,JAPAN,JPN,057,05,1,8.0,1,-8.0,False,False,False,https://nuclear-news.net/2026/09/11/2-c-new-nuclear-alliance-is-formed-between-three-major-countries/
2026-09-11,2026-09-11,True,USA,response,SOUTH KOREA,KOR,UNITED STATES,USA,057,05,1,8.0,1,-8.0,False,False,False,https://nuclear-news.net/2026/09/11/2-c-new-nuclear-alliance-is-formed-between-three-major-countries/
2026-09-11,2026-09-11,True,USA,response,REPUBLIC OF KOREA,KOR,UNITED STATES,USA,010,01,1,0.0,8,-0.0,False,False,False,https://www.pressian.com/pages/articles/2026091016123891425
2026-09-11,2026-09-11,True,USA,response,SOUTH KOREA,KOR,UNITED STATES,USA,030,03,1,4.0,4,-16.0,False,False,False,https://nuclear-news.net/2026/09/11/2-c-new-nuclear-alliance-is-formed-between-three-major-countries/
2026-09-11,2026-09-11,True,USA,response,SOUTH KOREA,KOR,UNITED STATES,USA,057,05,1,8.0,2,-16.0,False,False,False,https://nuclear-news.net/2026/09/11/2-c-new-nuclear-alliance-is-formed-between-three-major-countries/
2026-09-11,2026-09-11,True,USA,response,SOUTH KOREA,KOR,UNITED STATES,USA,100,10,3,-5.0,8,40.0,False,False,False,https://watchingamerica.com/2026/09/11/facing-us-pressure-to-build-semiconductor-plants-korea-must-negotiate-strategically/
2026-09-11,2026-09-11,True,USA,response,SAMSUNG,KOR,UNITED STATES,USA,051,05,1,3.4,2,-6.8,False,False,False,https://memeburn.com/best-foldable-phone/
2026-09-11,2026-09-11,True,USA,response,SAMSUNG,KOR,UNITED STATES,USA,110,11,3,-2.0,1,2.0,False,False,False,https://memeburn.com/best-foldable-phone/
2026-09-11,2026-09-11,True,USA,response,SEOUL,KOR,UNITED STATES,USA,014,01,1,0.0,3,-0.0,False,False,False,https://www.koreatimes.co.kr/southkorea/politics/20260911/pm-stresses-profitability-of-350-bil-us-investment-pledge-rejects-discrimination-claims-against-coupang
2026-09-11,2026-09-11,True,USA,response,SOUTH KOREA,KOR,UNITED STATES,USA,036,03,1,4.0,3,-12.0,False,False,False,https://www.koreatimes.co.kr/entertainment/20260911/tom-cruise-to-return-to-korea-oct-2-for-13th-visit
2026-09-11,2026-09-11,True,USA,response,SOUTH KOREA,KOR,UNITED STATES,USA,043,04,1,2.8,6,-16.8,False,False,False,https://www.koreatimes.co.kr/entertainment/20260911/tom-cruise-to-return-to-korea-oct-2-for-13th-visit
2026-09-11,2026-09-11,True,USA,response,SEOUL,KOR,UNITED STATES,USA,042,04,1,1.9,2,-3.8,False,False,True,https://www.koreatimes.co.kr/southkorea/politics/20260911/pm-stresses-profitability-of-350-bil-us-investment-pledge-rejects-discrimination-claims-against-coupang
2026-09-11,2026-09-11,True,USA,response,SOUTH KOREA,KOR,AMERICAN,USA,112,11,3,-2.0,1,2.0,False,False,False,https://www.dailykos.com/stories/2026/9/11/800094072/elections/a-warning-from-korea/
2026-09-11,2026-09-11,True,USA,response,SOUTH KOREA,KOR,AMERICAN,USA,112,11,3,-2.0,6,12.0,False,False,False,https://www.dailykos.com/stories/2026/9/11/800094072/elections/a-warning-from-korea/
2026-09-11,2026-09-11,True,USA,response,SEOUL,KOR,NEW YORK,USA,043,04,1,2.8,10,-28.0,False,False,False,https://www.koreaherald.com/article/10870963
2026-09-11,2026-09-11,True,USA,response,SOUTH KOREA,KOR,UNITED STATES,USA,014,01,1,0.0,1,-0.0,False,False,False,https://www.koreatimes.co.kr/southkorea/politics/20260911/pm-stresses-profitability-of-350-bil-us-investment-pledge-rejects-discrimination-claims-against-coupang
2026-09-11,2026-09-11,True,PRK,threat,PYONGYANG,PRK,SOUTH KOREA,KOR,111,11,3,-2.0,1,2.0,False,False,False,https://www.channelnewsasia.com/east-asia/north-korea-launches-unidentified-projectile-east-sea-6379606
2026-09-11,2026-09-11,True,PRK,threat,PYONGYANG,PRK,SOUTH KOREA,KOR,062,06,2,7.4,1,-7.4,False,False,False,https://www.channelnewsasia.com/east-asia/north-korea-launches-unidentified-projectile-east-sea-6379606
2026-09-11,2026-09-11,True,PRK,threat,NORTH KOREAN,PRK,SOUTH KOREA,KOR,030,03,1,4.0,1,-4.0,False,False,False,https://www.channelnewsasia.com/east-asia/north-korea-launches-unidentified-projectile-east-sea-6379606
2026-09-11,2026-09-11,True,PRK,threat,PYONGYANG,PRK,SOUTH KOREA,KOR,062,06,2,7.4,1,-7.4,False,False,False,https://www.channelnewsasia.com/east-asia/north-korea-launches-unidentified-projectile-east-sea-6379606
2026-09-11,2026-09-11,True,PRK,threat,PYONGYANG,PRK,SOUTH KOREA,KOR,111,11,3,-2.0,1,2.0,False,False,False,https://www.channelnewsasia.com/east-asia/north-korea-launches-unidentified-projectile-east-sea-6379606
2026-09-11,2026-09-11,True,PRK,threat,NORTH KOREA,PRK,SOUTH KOREA,KOR,111,11,3,-2.0,2,4.0,False,False,False,https://www.channelnewsasia.com/east-asia/north-korea-launches-unidentified-projectile-east-sea-6379606
2026-09-11,2026-09-11,True,PRK,threat,NORTH KOREAN,PRK,SOUTH KOREA,KOR,030,03,1,4.0,1,-4.0,False,False,False,https://www.channelnewsasia.com/east-asia/north-korea-launches-unidentified-projectile-east-sea-6379606
2026-09-11,2026-09-11,True,PRK,threat,PYONGYANG,PRK,SOUTH KOREA,KOR,111,11,3,-2.0,4,8.0,False,False,False,https://www.channelnewsasia.com/east-asia/north-korea-launches-unidentified-projectile-east-sea-6379606
2026-09-11,2026-09-11,True,PRK,threat,NORTH KOREA,PRK,SOUTH KOREA,KOR,194,19,4,-10.0,2,20.0,False,False,False,https://www.channelnewsasia.com/east-asia/north-korea-launches-unidentified-projectile-east-sea-6379606
2026-09-11,2026-09-11,True,PRK,threat,NORTH KOREA,PRK,SOUTH KOREA,KOR,194,19,4,-10.0,8,80.0,False,False,False,https://www.taipeitimes.com/News/world/archives/2026/09/13/2003864197
2026-09-11,2026-09-11,True,PRK,threat,NORTH KOREA,PRK,SOUTH KOREA,KOR,194,19,4,-10.0,2,20.0,False,False,False,https://www.taipeitimes.com/News/world/archives/2026/09/13/2003864197
2026-09-11,2026-09-11,True,PRK,threat,NORTH KOREA,PRK,SOUTH KOREA,KOR,110,11,3,-2.0,1,2.0,False,False,False,https://www.dw.com/en/why-north-koreas-kim-jong-un-doesnt-need-a-us-deal/a-79227854
2026-09-11,2026-09-11,True,PRK,threat,NORTH KOREA,PRK,SOUTH KOREA,KOR,042,04,1,1.9,10,-19.0,False,False,False,https://vaartha.com/international/south-korea-nis-report-on-kim-jong-un-son-and-successor-daughter-kim-ju-ae/775839/
2026-09-11,2026-09-11,True,PRK,threat,NORTH KOREA,PRK,SOUTH KOREAN,KOR,1124,11,3,-2.0,10,20.0,False,False,True,https://thediplomat.com/2026/09/what-role-does-denuclearization-have-in-north-korea-us-dialogue-today/
2026-09-11,2026-09-11,True,PRK,threat,DPRK,PRK,SOUTH KOREA,KOR,080,08,2,5.0,6,-30.0,False,False,False,https://life.ru/p/ot-plyazha-do-gor-kuda-poehat-v-kndr-i-kakie-pravila-nelzya-narushat-turistam
2026-09-11,2026-09-11,True,PRK,threat,NORTH KOREA,PRK,SOUTH KOREA,KOR,190,19,4,-10.0,4,40.0,False,False,False,https://www.unian.ua/world/viyna-v-ukrajini-stala-poligonom-dlya-kndr-ekspert-pro-nebezpechniy-alyans-13496844.html
2026-09-11,2026-09-11,True,PRK,threat,NORTH KOREA,PRK,SOUTH KOREA,KOR,040,04,1,1.0,6,-6.0,False,False,False,https://sana.sy/en/international/2341988/
2026-09-11,2026-09-11,True,PRK,threat,NORTH KOREA,PRK,SEOUL,KOR,040,04,1,1.0,4,-4.0,False,False,False,https://sana.sy/en/international/2341988/
2026-09-11,2026-09-11,True,PRK,threat,NORTH KOREA,PRK,SOUTH KOREA,KOR,020,02,1,3.0,2,-6.0,False,False,False,https://www.dw.com/en/why-north-koreas-kim-jong-un-doesnt-need-a-us-deal/a-79227854
2026-09-11,2026-09-11,True,PRK,threat,NORTH KOREA,PRK,SOUTH KOREA,KOR,110,11,3,-2.0,1,2.0,False,False,False,https://www.dw.com/en/why-north-koreas-kim-jong-un-doesnt-need-a-us-deal/a-79227854
2026-09-11,2026-09-11,True,PRK,threat,NORTH KOREA,PRK,SOUTH KOREA,KOR,040,04,1,1.0,10,-10.0,False,False,False,https://argumenti.ru/society/ssha-i-yuzhnaya-koreya-obsuzhdayut-ugrozu-severokoreyskogo-yadernogo-oruzhiya-1008677
2026-09-11,2026-09-11,True,PRK,threat,NORTH KOREA,PRK,SOUTH KOREA,KOR,050,05,1,3.5,6,-21.0,False,False,False,https://www.ohmynews.com/NWS_Web/View/at_pg.aspx?CNTN_CD=A0003266591&PAGE_CD=N0002&CMPT_CD=M0112
2026-09-11,2026-09-11,True,PRK,threat,NORTH KOREA,PRK,SOUTH KOREA,KOR,050,05,1,3.5,2,-7.0,False,False,False,https://www.ohmynews.com/NWS_Web/View/at_pg.aspx?CNTN_CD=A0003266591&PAGE_CD=N0002&CMPT_CD=M0112
2026-09-11,2026-09-11,True,RUS,threat,MOSCOW,RUS,SOUTH KOREA,KOR,061,06,2,6.4,3,-19.2,False,True,False,https://www.breitbart.com/europe/2026/09/11/revenge-strikes-russia-targets-ukrainian-gas-stations-with-drones33665897/
2026-09-11,2026-09-11,True,RUS,threat,MOSCOW,RUS,SOUTH KOREA,KOR,061,06,2,6.4,2,-12.8,False,True,False,https://rtcg.me/vijesti/ukrajina/881760/nacelnik-generalstaba-britanske-vojske-u-ukrajini-poginulo-vise-od-pola-miliona-ruskih-vojnika.html
2026-09-11,2026-09-11,True,RUS,threat,RUSSIA,RUS,SOUTH KOREA,KOR,057,05,1,8.0,2,-16.0,False,False,False,https://nuclear-news.net/2026/09/11/2-c-new-nuclear-alliance-is-formed-between-three-major-countries/
2026-09-11,2026-09-11,True,RUS,threat,RUSSIA,RUS,SOUTH KOREA,KOR,020,02,1,3.0,10,-30.0,False,False,False,https://www.focus.de/politik/ausland/der-treibstoffmangel-durch-ukrainische-drohnenangriffe-zwingt-russland-dazu-oel-aus-suedkorea-aegypten-und-indien-zu-importieren_951ce1a9-a77f-4493-992e-bbe437a9c6d7.html
2026-09-11,2026-09-11,True,USA,threat,A US,USA,SOUTH KOREA,KOR,020,02,1,3.0,10,-30.0,False,False,True,https://www.1in.am/3757309.html
2026-09-11,2026-09-11,True,USA,threat,A US,USA,SOUTH KOREA,KOR,060,06,2,6.0,10,-60.0,False,False,True,https://www.1in.am/3757309.html
2026-09-11,2026-09-11,True,USA,threat,REUTERS,USA,SOUTH KOREA,KOR,040,04,1,1.0,2,-2.0,False,False,False,https://www.al-monitor.com/originals/2026/09/south-korean-iranian-foreign-ministers-discuss-strait-hormuz-seoul-says
2026-09-11,2026-09-11,True,USA,threat,UNITED STATES,USA,SOUTH KOREA,KOR,040,04,1,1.0,1,-1.0,False,False,False,https://lansingcitypulse.com/9-11-memorial-in-lansing-brings-tom-barrett-will-lawrence-and-abdul-el-sayed-to-lansing/
2026-09-11,2026-09-11,True,USA,threat,UNITED STATES,USA,SOUTH KOREA,KOR,040,04,1,1.0,1,-1.0,False,False,False,https://lansingcitypulse.com/9-11-memorial-in-lansing-brings-tom-barrett-will-lawrence-and-abdul-el-sayed-to-lansing/
2026-09-11,2026-09-11,True,USA,threat,THE US,USA,SOUTH KOREA,KOR,010,01,1,0.0,8,-0.0,False,False,False,https://www.insight.co.kr/news/573004
2026-09-11,2026-09-11,True,USA,threat,UNITED STATES,USA,SOUTH KOREA,KOR,087,08,2,9.0,8,-72.0,False,False,False,https://www.pressian.com/pages/articles/2026091114171687605
2026-09-11,2026-09-11,True,USA,threat,UNITED STATES,USA,SOUTH KOREA,KOR,087,08,2,9.0,2,-18.0,False,False,False,https://www.pressian.com/pages/articles/2026091114171687605
2026-09-11,2026-09-11,True,USA,threat,UNITED STATES,USA,SOUTH KOREA,KOR,030,03,1,4.0,1,-4.0,False,False,False,https://nuclear-news.net/2026/09/11/2-c-new-nuclear-alliance-is-formed-between-three-major-countries/
2026-09-11,2026-09-11,True,USA,threat,UNITED STATES,USA,SOUTH KOREA,KOR,057,05,1,8.0,1,-8.0,False,False,False,https://nuclear-news.net/2026/09/11/2-c-new-nuclear-alliance-is-formed-between-three-major-countries/
2026-09-11,2026-09-11,True,USA,threat,NEW YORK,USA,SEOUL,KOR,042,04,1,1.9,10,-19.0,False,False,False,https://www.koreaherald.com/article/10870963
2026-09-11,2026-09-11,True,USA,threat,THE US,USA,SOUTH KOREA,KOR,010,01,1,0.0,8,-0.0,False,False,False,https://www.hani.co.kr/arti/international/america/1277314.html
2026-09-11,2026-09-11,True,USA,threat,THE US,USA,SOUTH KOREA,KOR,010,01,1,0.0,2,-0.0,False,False,False,https://www.hani.co.kr/arti/international/america/1277314.html
2026-09-11,2026-09-11,True,USA,threat,THE US,USA,SOUTH KOREA,KOR,036,03,1,4.0,4,-16.0,False,False,True,https://news.kbs.co.kr/news/pc/view/view.do?ncd=8661305
2026-09-11,2026-09-11,True,USA,threat,UNITED STATES,USA,SOUTH KOREA,KOR,020,02,1,3.0,2,-6.0,False,False,False,https://www.fnnews.com/news/202609111524503893
2026-09-11,2026-09-11,True,USA,threat,UNITED STATES,USA,SOUTH KOREA,KOR,020,02,1,3.0,4,-12.0,False,False,False,https://www.fnnews.com/news/202609111524503893
2026-09-11,2026-09-11,True,USA,threat,UNITED STATES,USA,SOUTH KOREA,KOR,030,03,1,4.0,4,-16.0,False,False,False,https://nuclear-news.net/2026/09/11/2-c-new-nuclear-alliance-is-formed-between-three-major-countries/
2026-09-11,2026-09-11,True,USA,threat,UNITED STATES,USA,SOUTH KOREA,KOR,057,05,1,8.0,2,-16.0,False,False,False,https://nuclear-news.net/2026/09/11/2-c-new-nuclear-alliance-is-formed-between-three-major-countries/
2026-09-11,2026-09-11,True,USA,threat,UNITED STATES,USA,SOUTH KOREA,KOR,042,04,1,1.9,1,-1.9,False,False,False,https://www.cardplayer.com/poker-news/1745528-kiat-lee-wins-jeju-mystery-bounty-for-fourth-triton-title
2026-09-11,2026-09-11,True,USA,threat,UNITED STATES,USA,SOUTH KOREA,KOR,042,04,1,1.9,1,-1.9,False,False,False,https://www.cardplayer.com/poker-news/1745528-kiat-lee-wins-jeju-mystery-bounty-for-fourth-triton-title
2026-09-11,2026-09-11,True,USA,threat,AMERICAN,USA,SOUTH KOREA,KOR,0311,03,1,5.2,1,-5.2,False,False,True,https://www.koreaherald.com/article/10870604
2026-09-11,2026-09-11,True,USA,threat,UNITED STATES,USA,SOUTH KOREA,KOR,042,04,1,1.9,1,-1.9,False,False,False,https://www.koreatimes.co.kr/entertainment/20260911/tom-cruise-to-return-to-korea-oct-2-for-13th-visit
2026-09-11,2026-09-11,True,USA,threat,REUTERS,USA,SOUTH KOREAN,KOR,040,04,1,1.0,2,-2.0,False,False,False,https://www.middleeasteye.net/live-blog/live-blog-update/araghchi-discusses-regional-situation-saudi-south-korean-counterparts-0
2026-09-11,2026-09-11,True,USA,threat,UNITED STATES,USA,SOUTH KOREA,KOR,036,03,1,4.0,3,-12.0,False,False,False,https://www.koreatimes.co.kr/entertainment/20260911/tom-cruise-to-return-to-korea-oct-2-for-13th-visit
2026-09-11,2026-09-11,True,USA,threat,UNITED STATES,USA,SOUTH KOREA,KOR,042,04,1,1.9,5,-9.5,False,False,False,https://www.koreatimes.co.kr/entertainment/20260911/tom-cruise-to-return-to-korea-oct-2-for-13th-visit
2026-09-11,2026-09-11,True,USA,threat,UNITED STATES,USA,SEOUL,KOR,043,04,1,2.8,2,-5.6,False,False,True,https://www.koreatimes.co.kr/southkorea/politics/20260911/pm-stresses-profitability-of-350-bil-us-investment-pledge-rejects-discrimination-claims-against-coupang
2026-09-11,2026-09-11,True,USA,threat,UNITED STATES,USA,SOUTH KOREA,KOR,051,05,1,3.4,10,-34.0,False,False,False,https://www.fnnews.com/news/202609111106203305
2026-09-11,2026-09-11,True,USA,threat,THE US,USA,SOUTH KOREA,KOR,010,01,1,0.0,2,-0.0,False,False,False,https://www.insight.co.kr/news/573004
2026-09-11,2026-09-11,True,USA,threat,AMERICAN,USA,SOUTH KOREA,KOR,0311,03,1,5.2,1,-5.2,False,False,False,https://www.koreaherald.com/article/10870604
2026-09-11,2026-09-11,True,USA,threat,UNITED STATES,USA,SOUTH KOREA,KOR,036,03,1,4.0,1,-4.0,False,False,False,https://www.koreatimes.co.kr/entertainment/20260911/tom-cruise-to-return-to-korea-oct-2-for-13th-visit
2026-09-11,2026-09-11,True,USA,threat,UNITED STATES,USA,SOUTH KOREA,KOR,042,04,1,1.9,2,-3.8,False,False,False,https://www.koreatimes.co.kr/entertainment/20260911/tom-cruise-to-return-to-korea-oct-2-for-13th-visit
2026-09-12,2026-09-12,True,CHN,threat,CHINA,CHN,SOUTH KOREA,KOR,043,04,1,2.8,1,-2.8,False,False,False,https://world.kbs.co.kr/service/news_view.htm?lang=e&Seq_Code=204204
2026-09-12,2026-09-12,True,CHN,threat,CHINA,CHN,GWANGJU,KOR,042,04,1,1.9,2,-3.8,False,False,False,https://www.koreatimes.co.kr/lifestyle/arts-theater/20260912/taiwan-china-row-at-gwangju-biennale-could-have-been-avoided
2026-09-12,2026-09-12,True,CHN,threat,CHINA,CHN,SOUTH KOREA,KOR,040,04,1,1.0,4,-4.0,False,False,False,https://biz.heraldcorp.com/article/10871186
2026-09-12,2026-09-12,True,CHN,threat,CHINA,CHN,SOUTH KOREA,KOR,050,05,1,3.5,2,-7.0,False,False,False,https://navbharattimes.indiatimes.com/world/nepal/nepal-flood-rescue-operation-balen-shah-balance-disaster-management-india-china/articleshow/134119686.cms
2026-09-12,2026-09-12,True,CHN,threat,CHINA,CHN,SOUTH KOREA,KOR,050,05,1,3.5,8,-28.0,False,False,False,https://navbharattimes.indiatimes.com/world/nepal/nepal-flood-rescue-operation-balen-shah-balance-disaster-management-india-china/articleshow/134119686.cms
2026-09-12,2026-09-12,True,CHN,threat,CHINA,CHN,SOUTH KOREA,KOR,043,04,1,2.8,2,-5.6,False,False,False,https://world.kbs.co.kr/service/news_view.htm?lang=e&Seq_Code=204204
2026-09-12,2026-09-12,True,CHN,threat,CHINA,CHN,SOUTH KOREA,KOR,043,04,1,2.8,5,-14.0,False,False,False,https://world.kbs.co.kr/service/news_view.htm?lang=e&Seq_Code=204204
2026-09-12,2026-09-12,True,CHN,threat,CHINA,CHN,SOUTH KOREA,KOR,043,04,1,2.8,1,-2.8,False,False,False,https://world.kbs.co.kr/service/news_view.htm?lang=e&Seq_Code=204204
2026-09-12,2026-09-12,True,CHN,threat,BEIJING,CHN,SEOUL,KOR,040,04,1,1.0,16,-16.0,False,False,False,https://biz.heraldcorp.com/article/10871186
2026-09-12,2026-09-12,True,CHN,threat,CHINESE,CHN,SEOUL,KOR,042,04,1,1.9,1,-1.9,False,False,False,https://www.koreatimes.co.kr/world/20260913/from-drinks-to-cars-chinese-brands-take-over-southeast-asia
2026-09-12,2026-09-12,True,CHN,threat,CHINESE,CHN,SEOUL,KOR,042,04,1,1.9,1,-1.9,False,False,False,https://www.koreatimes.co.kr/world/20260913/from-drinks-to-cars-chinese-brands-take-over-southeast-asia
2026-09-12,2026-09-12,True,JPN,threat,TOYOTA,JPN,HYUNDAI,KOR,020,02,1,3.0,5,-15.0,False,False,False,https://www.aol.com/articles/trump-says-ok-china-building-005025000.html
2026-09-12,2026-09-12,True,JPN,threat,JAPAN,JPN,SOUTH KOREA,KOR,040,04,1,1.0,5,-5.0,False,False,False,https://edition.cnn.com/2026/09/12/business/asia-loneliness-economy-intl-hnk-dst
2026-09-12,2026-09-12,True,JPN,threat,JAPAN,JPN,SOUTH KOREA,KOR,020,02,1,3.0,4,-12.0,False,False,False,https://www.wikitree.co.kr/articles/1159039
2026-09-12,2026-09-12,True,JPN,threat,JAPAN,JPN,SOUTH KOREA,KOR,020,02,1,3.0,2,-6.0,False,False,False,https://www.wikitree.co.kr/articles/1159039
2026-09-12,2026-09-12,True,JPN,threat,JAPAN,JPN,SEOUL,KOR,030,03,1,4.0,1,-4.0,False,False,False,https://www.straitstimes.com/asia/east-asia/north-korea-launches-unidentified-projectile-toward-east-sea
2026-09-12,2026-09-12,True,JPN,threat,JAPAN,JPN,SOUTH KOREA,KOR,010,01,1,0.0,2,-0.0,False,False,False,https://www.vesti.ru/ns/yonhap-kndr-zapustila-rakety-v-storonu-yaponskogo-morya
2026-09-12,2026-09-12,True,JPN,threat,JAPAN,JPN,SOUTH KOREA,KOR,020,02,1,3.0,2,-6.0,False,False,False,https://www.wikitree.co.kr/articles/1159039
2026-09-12,2026-09-12,True,JPN,threat,JAPAN,JPN,SOUTH KOREA,KOR,112,11,3,-2.0,6,12.0,False,False,False,https://www.wcvb.com/article/north-korea-launches-missiles/73694606
2026-09-12,2026-09-12,True,JPN,threat,JAPAN,JPN,SOUTH KOREA,KOR,010,01,1,0.0,4,-0.0,False,False,False,https://www.vesti.ru/ns/yonhap-kndr-zapustila-rakety-v-storonu-yaponskogo-morya
2026-09-12,2026-09-12,True,JPN,threat,JAPAN,JPN,SOUTH KOREA,KOR,062,06,2,7.4,4,-29.6,False,False,False,https://en.tempo.co/read/2119423/north-korea-fires-ballistic-missile-following-us-japan-south-korea-military-drills
2026-09-12,2026-09-12,True,JPN,threat,JAPAN,JPN,SOUTH KOREA,KOR,062,06,2,7.4,1,-7.4,False,False,False,https://en.tempo.co/read/2119423/north-korea-fires-ballistic-missile-following-us-japan-south-korea-military-drills
2026-09-12,2026-09-12,True,JPN,threat,JAPAN,JPN,SOUTH KOREA,KOR,150,15,4,-7.2,6,43.2,False,False,False,https://www.cas.sk/spravy/rakety-zo-severnej-korey-leteli-k-vychodnemu-moru-usa-je-v-pohotovosti-ide-o-velku-hrozbu
2026-09-12,2026-09-12,True,JPN,threat,JAPAN,JPN,SEOUL,KOR,030,03,1,4.0,1,-4.0,False,False,False,https://www.straitstimes.com/asia/east-asia/north-korea-launches-unidentified-projectile-toward-east-sea
2026-09-12,2026-09-12,True,JPN,threat,JAPAN,JPN,SOUTH KOREA,KOR,040,04,1,1.0,1,-1.0,False,False,False,https://www.e-flux.com/announcements/6788099/art-and-concept-in-the-asian-context
2026-09-12,2026-09-12,True,JPN,threat,JAPAN,JPN,SOUTH KOREA,KOR,040,04,1,1.0,5,-5.0,False,False,False,https://www.e-flux.com/announcements/6788099/art-and-concept-in-the-asian-context
2026-09-12,2026-09-12,True,JPN,threat,JAPAN,JPN,SOUTH KOREA,KOR,194,19,4,-10.0,2,20.0,False,False,False,https://www.rp.pl/przeglad-wydarzen-z-nocy/art45130571-putin-ostrzega-europe-przed-wojna-korea-polnocna-znow-wystrzelila-pociski
2026-09-12,2026-09-12,True,JPN,threat,JAPAN,JPN,SOUTH KOREA,KOR,020,02,1,3.0,2,-6.0,False,False,False,https://www.wikitree.co.kr/articles/1159039
2026-09-12,2026-09-12,True,JPN,threat,JAPAN,JPN,SOUTH KOREA,KOR,042,04,1,1.9,1,-1.9,False,False,False,https://english.hani.co.kr/arti/english_edition/e_international/915036.html
2026-09-12,2026-09-12,True,JPN,threat,JAPAN,JPN,SOUTH KOREA,KOR,042,04,1,1.9,1,-1.9,False,False,False,https://english.hani.co.kr/arti/english_edition/e_international/915036.html
2026-09-12,2026-09-12,True,CHN,response,SOUTH KOREA,KOR,CHINA,CHN,042,04,1,1.9,3,-5.7,False,False,False,https://world.kbs.co.kr/service/news_view.htm?lang=e&Seq_Code=204204
2026-09-12,2026-09-12,True,CHN,response,SOUTH KOREA,KOR,CHINA,CHN,042,04,1,1.9,1,-1.9,False,False,False,https://world.kbs.co.kr/service/news_view.htm?lang=e&Seq_Code=204204
2026-09-12,2026-09-12,True,CHN,response,GWANGJU,KOR,CHINA,CHN,043,04,1,2.8,2,-5.6,False,False,False,https://www.koreatimes.co.kr/lifestyle/arts-theater/20260912/taiwan-china-row-at-gwangju-biennale-could-have-been-avoided
2026-09-12,2026-09-12,True,JPN,response,SOUTH KOREA,KOR,JAPAN,JPN,040,04,1,1.0,6,-6.0,False,False,False,https://www.e-flux.com/announcements/6788099/art-and-concept-in-the-asian-context
2026-09-12,2026-09-12,True,CHN,response,SOUTH KOREA,KOR,CHINA,CHN,042,04,1,1.9,4,-7.6,False,False,False,https://world.kbs.co.kr/service/news_view.htm?lang=e&Seq_Code=204204
2026-09-12,2026-09-12,True,USA,response,SOUTH KOREA,KOR,UNITED STATES,USA,010,01,1,0.0,8,-0.0,False,False,False,https://news.kbs.co.kr/news/pc/view/view.do?ncd=8661721
2026-09-12,2026-09-12,True,JPN,response,SOUTH KOREA,KOR,JAPAN,JPN,040,04,1,1.0,1,-1.0,False,False,False,https://edition.cnn.com/2026/09/12/business/asia-loneliness-economy-intl-hnk-dst
2026-09-12,2026-09-12,True,CHN,response,SOUTH KOREA,KOR,CHINA,CHN,020,02,1,3.0,1,-3.0,False,False,False,http://www.middleeaststar.com/news/279301398/why-india-and-china-are-talking-again
2026-09-12,2026-09-12,True,CHN,response,SEOUL,KOR,BEIJING,CHN,040,04,1,1.0,20,-20.0,False,False,False,https://biz.heraldcorp.com/article/10871186
2026-09-12,2026-09-12,True,CHN,response,SOUTH KOREA,KOR,CHINA,CHN,020,02,1,3.0,1,-3.0,False,False,False,http://www.middleeaststar.com/news/279301398/why-india-and-china-are-talking-again
2026-09-12,2026-09-12,True,CHN,response,SOUTH KOREA,KOR,CHINA,CHN,020,02,1,3.0,3,-9.0,False,False,False,http://www.middleeaststar.com/news/279301398/why-india-and-china-are-talking-again
2026-09-12,2026-09-12,True,CHN,response,SOUTH KOREA,KOR,CHINA,CHN,050,05,1,3.5,8,-28.0,False,False,False,https://navbharattimes.indiatimes.com/world/nepal/nepal-flood-rescue-operation-balen-shah-balance-disaster-management-india-china/articleshow/134119686.cms
2026-09-12,2026-09-12,True,CHN,response,SOUTH KOREA,KOR,CHINA,CHN,050,05,1,3.5,2,-7.0,False,False,False,https://navbharattimes.indiatimes.com/world/nepal/nepal-flood-rescue-operation-balen-shah-balance-disaster-management-india-china/articleshow/134119686.cms
2026-09-12,2026-09-12,True,JPN,response,SOUTH KOREA,KOR,JAPAN,JPN,194,19,4,-10.0,10,100.0,False,False,False,https://www.aljazeera.com/news/2026/9/12/north-korea-fires-ballistic-missiles-off-eastern-coast-seoul-says
2026-09-12,2026-09-12,True,USA,response,SOUTH KOREA,KOR,THE US,USA,194,19,4,-10.0,10,100.0,False,False,False,https://www.aljazeera.com/news/2026/9/12/north-korea-fires-ballistic-missiles-off-eastern-coast-seoul-says
2026-09-12,2026-09-12,True,JPN,response,SEOUL,KOR,JAPAN,JPN,194,19,4,-10.0,6,60.0,False,False,False,https://www.bssnews.net/international/423607
2026-09-12,2026-09-12,True,JPN,response,SEOUL,KOR,JAPAN,JPN,194,19,4,-10.0,4,40.0,False,False,False,https://www.bssnews.net/international/423607
2026-09-12,2026-09-12,True,JPN,response,SEOUL,KOR,JAPAN,JPN,194,19,4,-10.0,2,20.0,True,False,False,https://www.bssnews.net/international/423607
2026-09-12,2026-09-12,True,JPN,response,SEOUL,KOR,JAPAN,JPN,112,11,3,-2.0,2,4.0,False,False,False,https://www.freepressjournal.in/world/north-korea-launches-ballistic-missiles-after-us-south-korea-and-japan-end-major-trilateral-military-drill
2026-09-12,2026-09-12,True,JPN,response,SOUTH KOREA,KOR,JAPAN,JPN,040,04,1,1.0,3,-3.0,False,False,False,https://edition.cnn.com/2026/09/12/business/asia-loneliness-economy-intl-hnk-dst
2026-09-12,2026-09-12,True,JPN,response,SOUTH KOREA,KOR,JAPAN,JPN,040,04,1,1.0,1,-1.0,False,False,False,https://edition.cnn.com/2026/09/12/business/asia-loneliness-economy-intl-hnk-dst
2026-09-12,2026-09-12,True,JPN,response,SOUTH KOREA,KOR,JAPAN,JPN,150,15,4,-7.2,16,115.2,False,False,False,https://www.aftonbladet.se/nyheter/a/Rr77qd/aftonbladet-direkt?pinnedEntry=1493477
2026-09-12,2026-09-12,True,JPN,response,SOUTH KOREA,KOR,JAPAN,JPN,062,06,2,7.4,4,-29.6,False,False,False,https://en.tempo.co/read/2119423/north-korea-fires-ballistic-missile-following-us-japan-south-korea-military-drills
2026-09-12,2026-09-12,True,JPN,response,SOUTH KOREA,KOR,JAPANESE,JPN,194,19,4,-10.0,8,80.0,False,False,False,https://wiadomosci.wp.pl/dzialo-sie-w-nocy-wypadek-kolejowy-we-francji-putin-grozi-europie-7328491805595808a
2026-09-12,2026-09-12,True,JPN,response,SEOUL,KOR,TOKYO,JPN,010,01,1,0.0,8,-0.0,False,False,False,https://world.kbs.co.kr/service/news_view.htm?lang=f&Seq_Code=96340
2026-09-12,2026-09-12,True,PRK,response,SEOUL,KOR,NORTH KOREA,PRK,190,19,4,-10.0,10,100.0,False,False,False,https://www.dailynews.co.th/news/6183425/
2026-09-12,2026-09-12,True,PRK,response,SEOUL,KOR,NORTH KOREA,PRK,194,19,4,-10.0,8,80.0,False,False,False,https://koran-jakarta.com/2026-09-12/korea-utara-kembali-tembakkan-rentetan-rudal-balistik-ke-laut-timur
2026-09-12,2026-09-12,True,PRK,response,SOUTH KOREA,KOR,NORTH KOREAN,PRK,036,03,1,4.0,10,-40.0,False,False,False,http://tidende.dk/ind-og-udland/udland/sydkorea-nordkorea-har-affyret-en-raekke-ballistiske-missiler/405412
2026-09-12,2026-09-12,True,PRK,response,SOUTH KOREAN,KOR,NORTH KOREA,PRK,020,02,1,3.0,2,-6.0,False,False,False,https://drimble.nl/buitenlands-nieuws/107971546/zuid-korea-meldt-afvuren-ballistische-raketten-richting-zee-door-noord-korea.html
2026-09-12,2026-09-12,True,PRK,response,SOUTH KOREA,KOR,NORTH KOREAN,PRK,020,02,1,3.0,10,-30.0,False,False,False,https://www.tu.no/nyhetsstudio/nord-korea-har-skutt-opp-flere-missiler/131451
2026-09-12,2026-09-12,True,PRK,response,SOUTH KOREAN,KOR,NORTH KOREA,PRK,020,02,1,3.0,4,-12.0,False,False,True,https://drimble.nl/buitenlands-nieuws/107971546/zuid-korea-meldt-afvuren-ballistische-raketten-richting-zee-door-noord-korea.html
2026-09-12,2026-09-12,True,PRK,response,S. KOREA,KOR,NORTH KOREA,PRK,040,04,1,1.0,10,-10.0,False,False,False,https://www.koreaherald.com/article/10871157
2026-09-12,2026-09-12,True,PRK,response,S. KOREA,KOR,NORTH KOREA,PRK,194,19,4,-10.0,10,100.0,False,False,False,https://www.koreaherald.com/article/10871157
2026-09-12,2026-09-12,True,PRK,response,SKOREA,KOR,NKOREA,PRK,194,19,4,-10.0,2,20.0,False,False,False,https://www.dailystar.co.uk/news/latest-news/north-korea-fires-ballistic-missiles-37654613
2026-09-12,2026-09-12,True,USA,response,SEOUL,KOR,THE US,USA,112,11,3,-2.0,3,6.0,False,False,False,https://www.freepressjournal.in/world/north-korea-launches-ballistic-missiles-after-us-south-korea-and-japan-end-major-trilateral-military-drill
2026-09-12,2026-09-12,True,PRK,response,SOUTH KOREA,KOR,NORTH KOREA,PRK,022,02,1,3.2,4,-12.8,False,False,False,https://www.livemint.com/news/world/north-korea-fires-short-ballistic-missiles-toward-east-sea-11789172277029.html
2026-09-12,2026-09-12,True,PRK,response,SOUTH KOREA,KOR,NORTH KOREA,PRK,025,02,1,-0.3,4,1.2,False,False,False,https://www.livemint.com/news/world/north-korea-fires-short-ballistic-missiles-toward-east-sea-11789172277029.html
2026-09-12,2026-09-12,True,PRK,response,SOUTH KOREA,KOR,NORTH KOREA,PRK,194,19,4,-10.0,10,100.0,False,False,False,https://www.koreaherald.com/article/10871157
2026-09-12,2026-09-12,True,PRK,response,SOUTH KOREA,KOR,NORTH KOREA,PRK,010,01,1,0.0,10,-0.0,True,False,False,https://www.nknews.org/2026/09/north-korea-fires-projectile-towards-east-sea-rok-military-2/
2026-09-12,2026-09-12,True,PRK,response,SOUTH KOREA,KOR,NORTH KOREA,PRK,042,04,1,1.9,7,-13.3,True,False,False,https://www.aljazeera.com/news/2026/9/12/north-korea-fires-ballistic-missiles-off-eastern-coast-seoul-says
2026-09-12,2026-09-12,True,PRK,response,SOUTH KOREA,KOR,NORTH KOREA,PRK,194,19,4,-10.0,10,100.0,True,False,False,https://www.aljazeera.com/news/2026/9/12/north-korea-fires-ballistic-missiles-off-eastern-coast-seoul-says
2026-09-12,2026-09-12,True,PRK,response,SOUTH KOREA,KOR,NORTH KOREA,PRK,042,04,1,1.9,2,-3.8,False,False,False,https://dominicanrepublicpost.com/north-korea-fires-ballistic-missiles-off-eastern-coast-seoul-says/
2026-09-12,2026-09-12,True,PRK,response,SOUTH KOREA,KOR,NORTH KOREAN,PRK,090,09,2,-2.0,12,24.0,True,False,False,https://www.examiner.com.au/story/9348813/north-korea-launches-ballistic-missiles-out-to-sea/
2026-09-12,2026-09-12,True,PRK,response,SOUTH KOREA,KOR,NORTH KOREA,PRK,090,09,2,-2.0,6,12.0,True,False,False,https://www.examiner.com.au/story/9348813/north-korea-launches-ballistic-missiles-out-to-sea/
2026-09-12,2026-09-12,True,PRK,response,SOUTH KOREA,KOR,NORTH KOREA,PRK,025,02,1,-0.3,8,2.4,False,False,False,https://www.dw.com/en/north-korea-fires-multiple-ballistic-missiles-day-after-trilateral-drills-end/a-79242070
2026-09-12,2026-09-12,True,PRK,response,SOUTH KOREA,KOR,NORTH KOREA,PRK,025,02,1,-0.3,2,0.6,False,False,False,https://www.dw.com/en/north-korea-fires-multiple-ballistic-missiles-day-after-trilateral-drills-end/a-79242070
2026-09-12,2026-09-12,True,PRK,response,SOUTH KOREA,KOR,NORTH KOREA,PRK,010,01,1,0.0,2,-0.0,True,False,False,https://www.dw.com/en/north-korea-fires-multiple-ballistic-missiles-day-after-trilateral-drills-end/a-79242070
2026-09-12,2026-09-12,True,PRK,response,S. KOREA,KOR,NORTH KOREA,PRK,046,04,1,7.0,10,-70.0,False,False,False,https://www.koreaherald.com/article/10871157
2026-09-12,2026-09-12,True,PRK,response,SOUTH KOREA,KOR,PYONGYANG,PRK,062,06,2,7.4,1,-7.4,False,False,False,https://www.channelnewsasia.com/east-asia/north-korea-launches-ballistic-missiles-east-sea-6379606
2026-09-12,2026-09-12,True,PRK,response,SOUTH KOREA,KOR,NORTH KOREAN,PRK,042,04,1,1.9,4,-7.6,False,False,False,https://www.publimetro.com.mx/noticias/2026/09/12/corea-del-norte-lanza-misiles-tras-ejercicios-freedom-edge/
2026-09-12,2026-09-12,True,PRK,response,SOUTH KOREA,KOR,PYONGYANG,PRK,062,06,2,7.4,1,-7.4,False,False,False,https://www.channelnewsasia.com/east-asia/north-korea-launches-ballistic-missiles-east-sea-6379606
2026-09-12,2026-09-12,True,PRK,response,SOUTH KOREA,KOR,NORTH KOREAN,PRK,194,19,4,-10.0,2,20.0,False,False,False,https://www.nzherald.co.nz/world/north-korea-fires-multiple-missiles-into-sea-of-japan-during-ballistic-test/RC4PMVJIRFDJZAPLWCMODAK5LE/
2026-09-12,2026-09-12,True,PRK,response,SOUTH KOREA,KOR,NORTH KOREAN,PRK,026,02,1,4.0,2,-8.0,False,False,False,https://www.nzherald.co.nz/world/north-korea-fires-multiple-missiles-into-sea-of-japan-during-ballistic-test/RC4PMVJIRFDJZAPLWCMODAK5LE/
2026-09-12,2026-09-12,True,PRK,response,SOUTH KOREA,KOR,NORTH KOREAN,PRK,036,03,1,4.0,2,-8.0,False,False,False,https://www.nzherald.co.nz/world/north-korea-fires-multiple-missiles-into-sea-of-japan-during-ballistic-test/RC4PMVJIRFDJZAPLWCMODAK5LE/
2026-09-12,2026-09-12,True,PRK,response,SOUTH KOREA,KOR,NORTH KOREAN,PRK,040,04,1,1.0,2,-2.0,False,False,False,https://www.nzherald.co.nz/world/north-korea-fires-multiple-missiles-into-sea-of-japan-during-ballistic-test/RC4PMVJIRFDJZAPLWCMODAK5LE/
2026-09-12,2026-09-12,True,PRK,response,SEOUL,KOR,NORTH KOREA,PRK,043,04,1,2.8,20,-56.0,False,False,False,https://www.sbctv.gr/2026/09/%CE%B5%CE%BA%CF%84%CE%BF%CE%BE%CE%B5%CF%85%CF%83%CE%B7-%CF%80%CF%85%CF%81%CE%B1%CF%85%CE%BB%CF%89%CE%BD/
2026-09-12,2026-09-12,True,PRK,response,SOUTH KOREA,KOR,PYONGYANG,PRK,080,08,2,5.0,2,-10.0,False,False,False,https://24-ore.com/fokus-koreja-e-veriut-leshon-raketa-pas-manovrave-ushtarake-mes-shba-se-korese-se-jugut-dhe-japonise/
2026-09-12,2026-09-12,True,PRK,response,KOREA SOUTH,KOR,PYONGYANG,PRK,080,08,2,5.0,6,-30.0,False,False,False,https://24-ore.com/fokus-koreja-e-veriut-leshon-raketa-pas-manovrave-ushtarake-mes-shba-se-korese-se-jugut-dhe-japonise/
2026-09-12,2026-09-12,True,PRK,response,SOUTH KOREA,KOR,NORTH KOREAN,PRK,026,02,1,4.0,1,-4.0,False,False,False,https://www.rte.ie/news/asia/2026/0912/1591259-korea-missile-asia/
2026-09-12,2026-09-12,True,PRK,response,SOUTH KOREA,KOR,NORTH KOREAN,PRK,036,03,1,4.0,1,-4.0,False,False,False,https://www.rte.ie/news/asia/2026/0912/1591259-korea-missile-asia/
2026-09-12,2026-09-12,True,PRK,response,SOUTH KOREA,KOR,NORTH KOREAN,PRK,040,04,1,1.0,1,-1.0,False,False,False,https://www.rte.ie/news/asia/2026/0912/1591259-korea-missile-asia/
2026-09-12,2026-09-12,True,PRK,response,SOUTH KOREA,KOR,NORTH KOREAN,PRK,194,19,4,-10.0,1,10.0,False,False,False,https://www.rte.ie/news/asia/2026/0912/1591259-korea-missile-asia/
2026-09-12,2026-09-12,True,PRK,response,SOUTH KOREA,KOR,NORTH KOREAN,PRK,042,04,1,1.9,6,-11.4,False,False,False,https://www.publimetro.com.mx/noticias/2026/09/12/corea-del-norte-lanza-misiles-tras-ejercicios-freedom-edge/
2026-09-12,2026-09-12,True,PRK,response,SOUTH KOREA,KOR,NORTH KOREA,PRK,080,08,2,5.0,10,-50.0,False,False,False,https://www.tt.com/artikel/30942102/nach-militaeruebung-nordkorea-feuert-erneut-raketen-ab
2026-09-12,2026-09-12,True,JPN,response,SOUTH KOREA,KOR,JAPAN,JPN,194,19,4,-10.0,4,40.0,False,False,False,https://www.gosc.pl/doc/9884517.Korea-Polnocna-znow-odpalila-rakiety-Test-po-cwiczeniach
2026-09-12,2026-09-12,True,PRK,response,SOUTH KOREA,KOR,NORTH KOREA,PRK,040,04,1,1.0,2,-2.0,False,False,False,https://www.tu.no/nyhetsstudio/nord-korea-har-skutt-opp-flere-missiler/131451
2026-09-12,2026-09-12,True,PRK,response,SOUTH KOREA,KOR,NORTH KOREAN,PRK,040,04,1,1.0,8,-8.0,False,False,False,https://www.tu.no/nyhetsstudio/nord-korea-har-skutt-opp-flere-missiler/131451
2026-09-12,2026-09-12,True,JPN,response,SOUTH KOREA,KOR,JAPANESE,JPN,194,19,4,-10.0,10,100.0,False,False,False,https://nos.nl/artikel/2630659-zuid-korea-meldt-afvuren-ballistische-raketten-richting-zee-door-noord-korea
2026-09-12,2026-09-12,True,PRK,response,SOUTH KOREAN,KOR,NORTH KOREA,PRK,020,02,1,3.0,2,-6.0,False,False,False,https://nos.nl/artikel/2630659-zuid-korea-meldt-afvuren-ballistische-raketten-richting-zee-door-noord-korea
2026-09-12,2026-09-12,True,PRK,response,SKOREA,KOR,NKOREA,PRK,194,19,4,-10.0,12,120.0,False,False,False,https://www.dailystar.co.uk/news/latest-news/north-korea-fires-ballistic-missiles-37654613
2026-09-12,2026-09-12,True,PRK,response,SOUTH KOREA,KOR,DPRK,PRK,112,11,3,-2.0,10,20.0,False,False,False,https://life.ru/p/kndr-zapustila-raketu-v-storonu-yaponskogo-morya
2026-09-12,2026-09-12,True,PRK,response,SOUTH KOREA,KOR,NORTH KOREA,PRK,020,02,1,3.0,2,-6.0,False,False,True,https://drimble.nl/buitenlands-nieuws/107971546/zuid-korea-meldt-afvuren-ballistische-raketten-richting-zee-door-noord-korea.html
2026-09-12,2026-09-12,True,JPN,response,SOUTH KOREA,KOR,JAPAN,JPN,062,06,2,7.4,1,-7.4,False,False,False,https://en.tempo.co/read/2119423/north-korea-fires-ballistic-missile-following-us-japan-south-korea-military-drills
2026-09-12,2026-09-12,True,USA,response,SOUTH KOREA,KOR,UNITED STATES,USA,190,19,4,-10.0,2,20.0,False,False,False,https://www.idnes.cz/zpravy/zahranicni/kldr-vypalila-projektil-cilem-bylo-more-vychodne-od-korejskeho-poloostrova.A260912_072158_zahranicni_tty
2026-09-12,2026-09-12,True,USA,response,SOUTH KOREA,KOR,UNITED STATES,USA,110,11,3,-2.0,1,2.0,False,False,False,https://www.edaily.co.kr/News/Read?newsId=01935206645579464&mediaCodeNo=257
2026-09-12,2026-09-12,True,USA,response,SOUTH KOREA,KOR,UNITED STATES,USA,111,11,3,-2.0,2,4.0,False,False,False,https://www.edaily.co.kr/News/Read?newsId=01935206645579464&mediaCodeNo=257
2026-09-12,2026-09-12,True,PRK,response,SOUTH KOREA,KOR,NORTH KOREA,PRK,022,02,1,3.2,1,-3.2,False,False,False,https://www.livemint.com/news/world/north-korea-fires-short-ballistic-missiles-toward-east-sea-11789172277029.html
2026-09-12,2026-09-12,True,PRK,response,SOUTH KOREA,KOR,NORTH KOREA,PRK,025,02,1,-0.3,1,0.3,False,False,False,https://www.livemint.com/news/world/north-korea-fires-short-ballistic-missiles-toward-east-sea-11789172277029.html
2026-09-12,2026-09-12,True,PRK,response,SEOUL,KOR,PYONGYANG,PRK,111,11,3,-2.0,8,16.0,False,False,False,https://www.shorouknews.com/news/view.aspx?cdate=12092026&id=8400607b-2b62-4a73-bad6-02365a4270b3
2026-09-12,2026-09-12,True,JPN,response,SOUTH KOREA,KOR,JAPAN,JPN,194,19,4,-10.0,4,40.0,False,False,False,https://www.nzherald.co.nz/world/north-korea-fires-multiple-missiles-into-sea-of-japan-during-ballistic-test/RC4PMVJIRFDJZAPLWCMODAK5LE/
2026-09-12,2026-09-12,True,JPN,response,SEOUL,KOR,JAPAN,JPN,010,01,1,0.0,1,-0.0,False,False,False,https://jowhar.com/seoul-reports-north-korea-launches-multiple-ballistic-missiles-in-new-test/
2026-09-12,2026-09-12,True,PRK,response,SOUTH KOREA,KOR,PYONGYANG,PRK,062,06,2,7.4,1,-7.4,False,False,False,https://dominicanrepublicpost.com/north-korea-fires-ballistic-missiles-off-eastern-coast-seoul-says/
2026-09-12,2026-09-12,True,USA,response,SOUTH KOREA,KOR,UNITED STATES,USA,194,19,4,-10.0,4,40.0,False,False,False,https://www.rte.ie/news/asia/2026/0912/1591259-korea-missile-asia/
2026-09-12,2026-09-12,True,USA,response,SOUTH KOREA,KOR,UNITED STATES,USA,190,19,4,-10.0,2,20.0,False,False,False,https://www.fnnews.com/news/202609120801358927
2026-09-12,2026-09-12,True,PRK,response,SEOUL,KOR,NORTH KOREA,PRK,010,01,1,0.0,2,-0.0,False,False,False,https://jowhar.com/seoul-reports-north-korea-launches-multiple-ballistic-missiles-in-new-test/
2026-09-12,2026-09-12,True,JPN,response,SOUTH KOREA,KOR,JAPAN,JPN,112,11,3,-2.0,1,2.0,False,False,False,https://www.freepressjournal.in/world/north-korea-launches-ballistic-missiles-after-us-south-korea-and-japan-end-major-trilateral-military-drill
2026-09-12,2026-09-12,True,PRK,response,SOUTH KOREA,KOR,NORTH KOREA,PRK,010,01,1,0.0,4,-0.0,False,False,False,https://dominicanrepublicpost.com/north-korea-fires-ballistic-missiles-off-eastern-coast-seoul-says/
2026-09-12,2026-09-12,True,PRK,response,SOUTH KOREA,KOR,NORTH KOREA,PRK,194,19,4,-10.0,4,40.0,False,False,False,https://dominicanrepublicpost.com/north-korea-fires-ballistic-missiles-off-eastern-coast-seoul-says/
2026-09-12,2026-09-12,True,PRK,response,SOUTH KOREA,KOR,NORTH KOREA,PRK,194,19,4,-10.0,2,20.0,True,False,False,https://dominicanrepublicpost.com/north-korea-fires-ballistic-missiles-off-eastern-coast-seoul-says/
2026-09-12,2026-09-12,True,PRK,response,SOUTH KOREA,KOR,NORTH KOREA,PRK,042,04,1,1.9,2,-3.8,False,False,False,https://dominicanrepublicpost.com/north-korea-fires-ballistic-missiles-off-eastern-coast-seoul-says/
2026-09-12,2026-09-12,True,PRK,response,SOUTH KOREA,KOR,NORTH KOREA,PRK,042,04,1,1.9,1,-1.9,True,False,False,https://dominicanrepublicpost.com/north-korea-fires-ballistic-missiles-off-eastern-coast-seoul-says/
2026-09-12,2026-09-12,True,JPN,response,SOUTH KOREA,KOR,JAPAN,JPN,112,11,3,-2.0,1,2.0,False,False,False,https://www.orissapost.com/north-korea-fires-ballistic-missiles-toward-sea-after-military-drill-it-sees-as-threat/
2026-09-12,2026-09-12,True,USA,response,SOUTH KOREA,KOR,THE US,USA,112,11,3,-2.0,1,2.0,False,False,False,https://www.orissapost.com/north-korea-fires-ballistic-missiles-toward-sea-after-military-drill-it-sees-as-threat/
2026-09-12,2026-09-12,True,USA,response,SEOUL,KOR,THE US,USA,112,11,3,-2.0,2,4.0,False,False,False,https://www.orissapost.com/north-korea-fires-ballistic-missiles-toward-sea-after-military-drill-it-sees-as-threat/
2026-09-12,2026-09-12,True,PRK,response,SOUTH KOREA,KOR,NORTH KOREA,PRK,194,19,4,-10.0,2,20.0,False,False,False,https://koran-jakarta.com/2026-09-12/korea-utara-kembali-tembakkan-rentetan-rudal-balistik-ke-laut-timur
2026-09-12,2026-09-12,True,USA,response,SOUTH KOREA,KOR,UNITED STATES,USA,194,19,4,-10.0,2,20.0,False,False,False,https://www.koreatimes.co.kr/southkorea/politics/20260912/cheong-wa-dae-denounces-nk-missile-launch-as-violation-of-unsc-resolution
2026-09-12,2026-09-12,True,PRK,response,SOUTH KOREA,KOR,NORTH KOREA,PRK,051,05,1,3.4,2,-6.8,False,False,False,http://www.come-on.de/politik/die-versteckte-gefahr-von-trumps-iran-forderung-an-seoul-ein-buendnis-bricht-zr-94487469.html
2026-09-12,2026-09-12,True,CHN,response,SOUTH KOREA,KOR,CHINA,CHN,042,04,1,1.9,1,-1.9,False,False,False,https://world.kbs.co.kr/service/news_view.htm?lang=e&Seq_Code=204204
2026-09-12,2026-09-12,True,USA,response,SOUTH KOREA,KOR,UNITED STATES,USA,010,01,1,0.0,4,-0.0,False,False,False,https://www.fnnews.com/news/202609121705551629
2026-09-12,2026-09-12,True,USA,response,SOUTH KOREA,KOR,UNITED STATES,USA,150,15,4,-7.2,1,7.2,False,False,False,https://morungexpress.com/north-korea-fires-multiple-short-range-ballistic-missiles-toward-east-sea-jcs
2026-09-12,2026-09-12,True,USA,response,SOUTH KOREA,KOR,UNITED STATES,USA,150,15,4,-7.2,10,72.0,False,False,False,https://www.aftonbladet.se/nyheter/a/Rr77qd/aftonbladet-direkt?pinnedEntry=1493477
2026-09-12,2026-09-12,True,JPN,response,SOUTH KOREA,KOR,JAPANESE,JPN,194,19,4,-10.0,6,60.0,False,False,False,https://www.rp.pl/przeglad-wydarzen-z-nocy/art45130571-putin-ostrzega-europe-przed-wojna-korea-polnocna-znow-wystrzelila-pociski
2026-09-12,2026-09-12,True,USA,response,SOUTH KOREA,KOR,UNITED STATES,USA,190,19,4,-10.0,8,80.0,False,False,False,https://www.fnnews.com/news/202609120801358927
2026-09-12,2026-09-12,True,JPN,response,SEOUL,KOR,JAPAN,JPN,010,01,1,0.0,1,-0.0,False,False,False,https://jowhar.com/seoul-reports-north-korea-launches-multiple-ballistic-missiles-in-new-test/
2026-09-12,2026-09-12,True,PRK,response,SEOUL,KOR,NORTH KOREA,PRK,010,01,1,0.0,2,-0.0,False,False,False,https://jowhar.com/seoul-reports-north-korea-launches-multiple-ballistic-missiles-in-new-test/
2026-09-12,2026-09-12,True,JPN,response,SOUTH KOREA,KOR,JAPAN,JPN,194,19,4,-10.0,2,20.0,False,False,False,https://www.bssnews.net/international/423607
2026-09-12,2026-09-12,True,USA,response,SEOUL,KOR,UNITED STATES,USA,194,19,4,-10.0,8,80.0,False,False,False,https://www.bssnews.net/international/423607
2026-09-12,2026-09-12,True,JPN,response,SOUTH KOREA,KOR,JAPAN,JPN,194,19,4,-10.0,2,20.0,False,False,False,https://www.rte.ie/news/asia/2026/0912/1591259-korea-missile-asia/
2026-09-12,2026-09-12,True,USA,response,SOUTH KOREA,KOR,AMERICAN,USA,062,06,2,7.4,4,-29.6,False,False,False,https://nos.nl/artikel/2630659-zuid-korea-meldt-afvuren-ballistische-raketten-richting-zee-door-noord-korea
2026-09-12,2026-09-12,True,USA,response,SOUTH KOREA,KOR,AMERICAN,USA,062,06,2,7.4,6,-44.4,False,False,True,https://nos.nl/artikel/2630659-zuid-korea-meldt-afvuren-ballistische-raketten-richting-zee-door-noord-korea
2026-09-12,2026-09-12,True,USA,response,SOUTH KOREA,KOR,UNITED STATES,USA,190,19,4,-10.0,8,80.0,False,False,False,https://www.idnes.cz/zpravy/zahranicni/kldr-vypalila-projektil-cilem-bylo-more-vychodne-od-korejskeho-poloostrova.A260912_072158_zahranicni_tty
2026-09-12,2026-09-12,True,USA,response,SOUTH KOREA,KOR,UNITED STATES,USA,010,01,1,0.0,2,-0.0,False,False,False,https://www.is.fi/ulkomaat/art-2000012269714.html
2026-09-12,2026-09-12,True,USA,response,SOUTH KOREA,KOR,UNITED STATES,USA,010,01,1,0.0,8,-0.0,False,False,False,https://www.is.fi/ulkomaat/art-2000012269714.html
2026-09-12,2026-09-12,True,USA,response,SOUTH KOREA,KOR,UNITED STATES,USA,110,11,3,-2.0,4,8.0,False,False,False,https://www.edaily.co.kr/News/Read?newsId=01935206645579464&mediaCodeNo=257
2026-09-12,2026-09-12,True,USA,response,SOUTH KOREA,KOR,UNITED STATES,USA,111,11,3,-2.0,8,16.0,False,False,False,https://www.edaily.co.kr/News/Read?newsId=01935206645579464&mediaCodeNo=257
2026-09-12,2026-09-12,True,USA,response,SEOUL,KOR,UNITED STATES,USA,150,15,4,-7.2,2,14.4,False,False,False,https://morungexpress.com/north-korea-fires-multiple-short-range-ballistic-missiles-toward-east-sea-jcs
2026-09-12,2026-09-12,True,JPN,response,SOUTH KOREA,KOR,JAPAN,JPN,010,01,1,0.0,2,-0.0,False,False,False,https://world.kbs.co.kr/service/news_view.htm?lang=f&Seq_Code=96340
2026-09-12,2026-09-12,True,USA,response,SEOUL,KOR,WASHINGTON,USA,010,01,1,0.0,10,-0.0,False,False,False,https://world.kbs.co.kr/service/news_view.htm?lang=f&Seq_Code=96340
2026-09-12,2026-09-12,True,USA,response,SEOUL,KOR,WASHINGTON,USA,194,19,4,-10.0,6,60.0,False,False,False,https://www.koreatimes.co.kr/southkorea/politics/20260912/cheong-wa-dae-denounces-nk-missile-launch-as-violation-of-unsc-resolution
2026-09-12,2026-09-12,True,JPN,response,SOUTH KOREA,KOR,JAPAN,JPN,150,15,4,-7.2,4,28.8,False,False,False,https://www.aftonbladet.se/nyheter/a/Rr77qd/aftonbladet-direkt?pinnedEntry=1493477
2026-09-12,2026-09-12,True,USA,response,SOUTH KOREA,KOR,UNITED STATES,USA,150,15,4,-7.2,10,72.0,False,False,False,https://www.aftonbladet.se/nyheter/a/Rr77qd/aftonbladet-direkt?pinnedEntry=1493476
2026-09-12,2026-09-12,True,USA,response,SAMSUNG,KOR,UNITED STATES,USA,042,04,1,1.9,1,-1.9,False,False,False,https://www.livemint.com/companies/news/tech-layoffs-2026-as-ai-takes-center-stage-heres-a-list-of-major-companies-that-laid-off-employees-11789203637160.html
2026-09-12,2026-09-12,True,USA,response,SOUTH KOREA,KOR,UNITED STATES,USA,192,19,4,-9.5,2,19.0,False,False,False,http://www.mexicostar.com/news/279302665/miraggio-aw-26-collection-marks-the-beginning-of-a-new-era-for-the-brand
2026-09-12,2026-09-12,True,USA,response,SAMSUNG,KOR,TEXAS,USA,042,04,1,1.9,2,-3.8,False,False,False,https://www.livemint.com/companies/news/tech-layoffs-2026-as-ai-takes-center-stage-heres-a-list-of-major-companies-that-laid-off-employees-11789203637160.html
2026-09-12,2026-09-12,True,CHN,response,SAMSUNG,KOR,CHINA,CHN,0833,08,2,5.0,2,-10.0,False,False,False,https://www.techtudo.com.br/review/2026/09/review-galaxy-s26-ultra-analise-definitiva-apos-6-meses-vale-a-pena-edmobile.ghtml
2026-09-12,2026-09-12,True,JPN,response,SOUTH KOREA,KOR,JAPAN,JPN,043,04,1,2.8,2,-5.6,False,False,False,https://english.hani.co.kr/arti/english_edition/e_international/915036.html
2026-09-12,2026-09-12,True,JPN,response,SOUTH KOREA,KOR,JAPAN,JPN,150,15,4,-7.2,2,14.4,True,False,False,https://www.surinametimes.com/artikel/noord-korea-vuurt-ballistische-raketten-richting-zee-na-militaire-oefening-vs
2026-09-12,2026-09-12,True,USA,response,SOUTH KOREA,KOR,UNITED STATES,USA,072,07,2,8.3,10,-83.0,False,False,False,https://www.surinametimes.com/artikel/noord-korea-vuurt-ballistische-raketten-richting-zee-na-militaire-oefening-vs
2026-09-12,2026-09-12,True,JPN,response,SOUTH KOREAN,KOR,JAPAN,JPN,194,19,4,-10.0,4,40.0,False,False,False,https://www.surinametimes.com/artikel/noord-korea-vuurt-ballistische-raketten-richting-zee-na-militaire-oefening-vs
2026-09-12,2026-09-12,True,JPN,response,SOUTH KOREA,KOR,JAPAN,JPN,150,15,4,-7.2,8,57.6,True,False,False,https://www.surinametimes.com/artikel/noord-korea-vuurt-ballistische-raketten-richting-zee-na-militaire-oefening-vs
2026-09-12,2026-09-12,True,JPN,response,SOUTH KOREAN,KOR,JAPANESE,JPN,194,19,4,-10.0,6,60.0,True,False,False,https://www.surinametimes.com/artikel/noord-korea-vuurt-ballistische-raketten-richting-zee-na-militaire-oefening-vs
2026-09-12,2026-09-12,True,PRK,response,SOUTH KOREA,KOR,NORTH KOREA,PRK,025,02,1,-0.3,2,0.6,False,False,False,https://timesofoman.com/article/176842-north-korea-fires-missiles-after-us-south-korea-drills
2026-09-12,2026-09-12,True,CHN,response,SEOUL,KOR,BEIJING,CHN,010,01,1,0.0,7,-0.0,False,False,False,https://www.taipeitimes.com/News/editorials/archives/2026/09/13/2003864166
2026-09-12,2026-09-12,True,PRK,response,SEOUL,KOR,NORTH KOREA,PRK,194,19,4,-10.0,6,60.0,False,False,False,https://www.pakistantoday.com.pk/2026/09/12/north-korea-fires-several-short-range-ballistic-missiles-toward-sea-south-korea-says
2026-09-12,2026-09-12,True,CHN,response,SEOUL,KOR,CHINESE,CHN,043,04,1,2.8,1,-2.8,False,False,False,https://www.koreatimes.co.kr/world/20260913/from-drinks-to-cars-chinese-brands-take-over-southeast-asia
2026-09-12,2026-09-12,True,CHN,response,SEOUL,KOR,CHINESE,CHN,043,04,1,2.8,1,-2.8,False,False,False,https://www.koreatimes.co.kr/world/20260913/from-drinks-to-cars-chinese-brands-take-over-southeast-asia
2026-09-12,2026-09-12,True,USA,response,HYUNDAI,KOR,VIRGINIA,USA,090,09,2,-2.0,8,16.0,False,False,False,https://www.torquenews.com/18003/2023-hyundai-sonata-owner-expected-recall-fix-50k-miles-hyundai-says-car-has-be-bought-back
2026-09-12,2026-09-12,True,PRK,response,SOUTH KOREA,KOR,NORTH KOREA,PRK,194,19,4,-10.0,6,60.0,True,False,False,https://saharareporters.com/2026/09/12/us-reacts-north-koreas-multiple-missile-launch-begins-consultation-allies
2026-09-12,2026-09-12,True,PRK,response,SOUTH KOREA,KOR,NORTH KOREA,PRK,010,01,1,0.0,10,-0.0,True,False,False,https://saharareporters.com/2026/09/12/us-reacts-north-koreas-multiple-missile-launch-begins-consultation-allies
2026-09-12,2026-09-12,True,PRK,response,SOUTH KOREA,KOR,NORTH KOREA,PRK,194,19,4,-10.0,4,40.0,True,False,False,https://saharareporters.com/2026/09/12/us-reacts-north-koreas-multiple-missile-launch-begins-consultation-allies
2026-09-12,2026-09-12,True,JPN,response,SOUTH KOREA,KOR,JAPAN,JPN,020,02,1,3.0,8,-24.0,False,False,False,https://japantoday.com/category/features/opinions/hormuz-crisis-has-forced-japan-into-rethinking-%E2%80%93-and-domesticating-%E2%80%93-its-energy-security-needs
2026-09-12,2026-09-12,True,JPN,response,SOUTH KOREA,KOR,JAPAN,JPN,020,02,1,3.0,2,-6.0,False,False,False,https://japantoday.com/category/features/opinions/hormuz-crisis-has-forced-japan-into-rethinking-%E2%80%93-and-domesticating-%E2%80%93-its-energy-security-needs
2026-09-12,2026-09-12,True,USA,response,SOUTH KOREAN,KOR,UNITED STATES,USA,036,03,1,4.0,2,-8.0,False,False,False,https://www.straitstimes.com/world/south-korea-us-discuss-seouls-role-in-middle-east-investment-pact
2026-09-12,2026-09-12,True,USA,response,SOUTH KOREAN,KOR,UNITED STATES,USA,036,03,1,4.0,2,-8.0,False,False,False,https://www.straitstimes.com/world/south-korea-us-discuss-seouls-role-in-middle-east-investment-pact
2026-09-12,2026-09-12,True,USA,response,SOUTH KOREAN,KOR,UNITED STATES,USA,036,03,1,4.0,6,-24.0,False,False,True,https://www.straitstimes.com/world/south-korea-us-discuss-seouls-role-in-middle-east-investment-pact
2026-09-12,2026-09-12,True,PRK,threat,NORTH KOREA,PRK,SEOUL,KOR,042,04,1,1.9,10,-19.0,False,False,False,https://www.sbctv.gr/2026/09/%CE%B5%CE%BA%CF%84%CE%BF%CE%BE%CE%B5%CF%85%CF%83%CE%B7-%CF%80%CF%85%CF%81%CE%B1%CF%85%CE%BB%CF%89%CE%BD/
2026-09-12,2026-09-12,True,PRK,threat,NORTH KOREA,PRK,S. KOREA,KOR,046,04,1,7.0,10,-70.0,False,False,False,https://www.koreaherald.com/article/10871157
2026-09-12,2026-09-12,True,PRK,threat,NORTH KOREA,PRK,SOUTH KOREA,KOR,150,15,4,-7.2,2,14.4,False,False,True,https://www.dailystar.co.uk/news/latest-news/north-korea-fires-ballistic-missiles-37654613
2026-09-12,2026-09-12,True,PRK,threat,NORTH KOREA,PRK,SOUTH KOREA,KOR,194,19,4,-10.0,8,80.0,True,False,False,https://www.livemint.com/news/world/north-korea-fires-short-ballistic-missiles-toward-east-sea-11789172277029.html
2026-09-12,2026-09-12,True,PRK,threat,NORTH KOREAN,PRK,SOUTH KOREA,KOR,090,09,2,-2.0,8,16.0,False,False,False,https://www.sbs.com.au/news/article/the-north-korean-missile-launch-that-south-korea-is-closely-monitoring/vtcv5h12l
2026-09-12,2026-09-12,True,PRK,threat,NORTH KOREA,PRK,SOUTH KOREA,KOR,194,19,4,-10.0,5,50.0,False,False,False,https://www.asiaone.com:443/asia/north-korea-fires-several-short-range-ballistic-missiles-toward-sea-south-korea-says
2026-09-12,2026-09-12,True,PRK,threat,PYONGYANG,PRK,SOUTH KOREA,KOR,062,06,2,7.4,1,-7.4,False,False,False,https://www.channelnewsasia.com/east-asia/north-korea-launches-ballistic-missiles-east-sea-6379606
2026-09-12,2026-09-12,True,PRK,threat,PYONGYANG,PRK,SOUTH KOREA,KOR,111,11,3,-2.0,1,2.0,False,False,False,https://www.channelnewsasia.com/east-asia/north-korea-launches-ballistic-missiles-east-sea-6379606
2026-09-12,2026-09-12,True,PRK,threat,NORTH KOREA,PRK,SOUTH KOREA,KOR,193,19,4,-10.0,8,80.0,False,False,False,https://www.fnnews.com/news/202609120820345837
2026-09-12,2026-09-12,True,PRK,threat,NORTH KOREA,PRK,SOUTH KOREA,KOR,194,19,4,-10.0,48,480.0,True,False,False,https://www.examiner.com.au/story/9348813/north-korea-launches-ballistic-missiles-out-to-sea/
2026-09-12,2026-09-12,True,PRK,threat,NORTH KOREA,PRK,SOUTH KOREA,KOR,030,03,1,4.0,1,-4.0,False,False,False,https://www.vanguardngr.com/2026/09/north-korea-fires-multiple-ballistic-missiles-seoul/
2026-09-12,2026-09-12,True,PRK,threat,NORTH KOREAN,PRK,SOUTH KOREA,KOR,030,03,1,4.0,1,-4.0,False,False,False,https://www.channelnewsasia.com/east-asia/north-korea-launches-ballistic-missiles-east-sea-6379606
2026-09-12,2026-09-12,True,PRK,threat,PYONGYANG,PRK,SOUTH KOREA,KOR,111,11,3,-2.0,2,4.0,False,False,False,https://www.hindustantimes.com/world-news/us-news/north-korea-fires-projectile-toward-sea-south-korea-101789162291225.html
2026-09-12,2026-09-12,True,PRK,threat,NORTH KOREA,PRK,SOUTH KOREA,KOR,111,11,3,-2.0,2,4.0,False,False,False,https://www.hindustantimes.com/world-news/us-news/north-korea-fires-projectile-toward-sea-south-korea-101789162291225.html
2026-09-12,2026-09-12,True,PRK,threat,NORTH KOREA,PRK,SEOUL,KOR,194,19,4,-10.0,1,10.0,False,False,False,https://dominicanrepublicpost.com/north-korea-fires-ballistic-missiles-off-eastern-coast-seoul-says/
2026-09-12,2026-09-12,True,PRK,threat,PYONGYANG,PRK,SOUTH KOREA,KOR,062,06,2,7.4,1,-7.4,False,False,False,https://dominicanrepublicpost.com/north-korea-fires-ballistic-missiles-off-eastern-coast-seoul-says/
2026-09-12,2026-09-12,True,PRK,threat,NORTH KOREAN,PRK,SOUTH KOREA,KOR,030,03,1,4.0,1,-4.0,False,False,False,https://www.hindustantimes.com/world-news/us-news/north-korea-fires-projectile-toward-sea-south-korea-101789162291225.html
2026-09-12,2026-09-12,True,PRK,threat,NORTH KOREAN,PRK,SOUTH KOREA,KOR,043,04,1,2.8,10,-28.0,False,False,False,https://www.publimetro.com.mx/noticias/2026/09/12/corea-del-norte-lanza-misiles-tras-ejercicios-freedom-edge/
2026-09-12,2026-09-12,True,PRK,threat,NORTH KOREA,PRK,SOUTH KOREA,KOR,150,15,4,-7.2,10,72.0,False,False,False,https://republika.mk/vesti/svet/severna-koreja-istrela-raketi-od-kratok-dostrel-po-voena-vezhba-na-juzhna-koreja-i-sad/
2026-09-12,2026-09-12,True,PRK,threat,NORTH KOREA,PRK,SOUTH KOREA,KOR,194,19,4,-10.0,10,100.0,True,False,False,https://www.derstandard.at/consent/tcf/story/3000000339456/nordkorea-feuerte-erneut-kurzstreckenraketen-ab
2026-09-12,2026-09-12,True,PRK,threat,NORTH KOREA,PRK,SOUTH KOREA,KOR,194,19,4,-10.0,7,70.0,True,False,False,https://www.rnz.co.nz/news/world/1350593/north-korea-fires-several-ballistic-missiles-toward-sea
2026-09-12,2026-09-12,True,PRK,threat,NORTH KOREA,PRK,SOUTH KOREA,KOR,194,19,4,-10.0,4,40.0,False,False,False,https://tribune.com.pk/story/2628894/north-korea-fires-several-short-range-ballistic-missiles-toward-sea-south-korea-says
2026-09-12,2026-09-12,True,PRK,threat,NORTH KOREA,PRK,SOUTH KOREAN,KOR,150,15,4,-7.2,2,14.4,False,False,False,http://tidende.dk/ind-og-udland/udland/sydkorea-nordkorea-har-affyret-en-raekke-ballistiske-missiler/405412
2026-09-12,2026-09-12,True,PRK,threat,NORTH KOREA,PRK,SOUTH KOREA,KOR,194,19,4,-10.0,2,20.0,False,False,False,https://www.scmp.com/news/asia/east-asia/article/3367271/north-korea-launches-missile-salvo-after-us-south-korea-japan-drills
2026-09-12,2026-09-12,True,PRK,threat,NORTH KOREA,PRK,SOUTH KOREA,KOR,194,19,4,-10.0,2,20.0,True,False,False,https://www.scmp.com/news/asia/east-asia/article/3367271/north-korea-launches-missile-salvo-after-us-south-korea-japan-drills
2026-09-12,2026-09-12,True,PRK,threat,NORTH KOREA,PRK,SOUTH KOREA,KOR,194,19,4,-10.0,1,10.0,False,False,False,https://tribune.com.pk/story/2628894/north-korea-fires-several-short-range-ballistic-missiles-toward-sea-south-korea-says
2026-09-12,2026-09-12,True,PRK,threat,NORTH KOREA,PRK,SOUTH KOREA,KOR,194,19,4,-10.0,2,20.0,True,False,False,https://en.apa.az/asia/north-korea-fires-several-short-range-ballistic-missiles-toward-sea-south-korea-says-523937
2026-09-12,2026-09-12,True,PRK,threat,NORTH KOREA,PRK,SOUTH KOREA,KOR,194,19,4,-10.0,2,20.0,False,False,False,https://world.kbs.co.kr/service/news_view.htm?lang=e&Seq_Code=204200
2026-09-12,2026-09-12,True,PRK,threat,NORTH KOREA,PRK,SEOUL,KOR,194,19,4,-10.0,5,50.0,False,False,False,https://www.aljazeera.com/news/2026/9/12/north-korea-fires-ballistic-missiles-off-eastern-coast-seoul-says
2026-09-12,2026-09-12,True,PRK,threat,PYONGYANG,PRK,SOUTH KOREA,KOR,111,11,3,-2.0,4,8.0,False,False,False,https://www.channelnewsasia.com/east-asia/north-korea-launches-ballistic-missiles-east-sea-6379606
2026-09-12,2026-09-12,True,PRK,threat,NORTH KOREAN,PRK,SOUTH KOREA,KOR,030,03,1,4.0,1,-4.0,False,False,False,https://www.channelnewsasia.com/east-asia/north-korea-launches-ballistic-missiles-east-sea-6379606
2026-09-12,2026-09-12,True,PRK,threat,PYONGYANG,PRK,SOUTH KOREA,KOR,062,06,2,7.4,1,-7.4,False,False,False,https://www.channelnewsasia.com/east-asia/north-korea-launches-ballistic-missiles-east-sea-6379606
2026-09-12,2026-09-12,True,PRK,threat,NORTH KOREA,PRK,SOUTH KOREA,KOR,111,11,3,-2.0,3,6.0,False,False,False,https://www.channelnewsasia.com/east-asia/north-korea-launches-ballistic-missiles-east-sea-6379606
2026-09-12,2026-09-12,True,PRK,threat,NORTH KOREAN,PRK,SOUTH KOREA,KOR,040,04,1,1.0,2,-2.0,False,False,False,https://www.nzherald.co.nz/world/north-korea-fires-multiple-missiles-into-sea-of-japan-during-ballistic-test/RC4PMVJIRFDJZAPLWCMODAK5LE/
2026-09-12,2026-09-12,True,PRK,threat,NORTH KOREA,PRK,SOUTH KOREA,KOR,194,19,4,-10.0,2,20.0,False,False,False,https://dominicanrepublicpost.com/north-korea-fires-ballistic-missiles-off-eastern-coast-seoul-says/
2026-09-12,2026-09-12,True,PRK,threat,NORTH KOREA,PRK,SEOUL,KOR,042,04,1,1.9,10,-19.0,False,False,False,https://www.sbctv.gr/2026/09/%CE%B5%CE%BA%CF%84%CE%BF%CE%BE%CE%B5%CF%85%CF%83%CE%B7-%CF%80%CF%85%CF%81%CE%B1%CF%85%CE%BB%CF%89%CE%BD/
2026-09-12,2026-09-12,True,PRK,threat,NORTH KOREA,PRK,SOUTH KOREA,KOR,043,04,1,2.8,7,-19.6,True,False,False,https://www.aljazeera.com/news/2026/9/12/north-korea-fires-ballistic-missiles-off-eastern-coast-seoul-says
2026-09-12,2026-09-12,True,PRK,threat,NORTH KOREA,PRK,SOUTH KOREA,KOR,194,19,4,-10.0,4,40.0,True,False,False,https://www.aljazeera.com/news/2026/9/12/north-korea-fires-ballistic-missiles-off-eastern-coast-seoul-says
2026-09-12,2026-09-12,True,PRK,threat,NORTH KOREA,PRK,SOUTH KOREA,KOR,043,04,1,2.8,2,-5.6,False,False,False,https://dominicanrepublicpost.com/north-korea-fires-ballistic-missiles-off-eastern-coast-seoul-says/
2026-09-12,2026-09-12,True,PRK,threat,PYONGYANG,PRK,SOUTH KOREAN,KOR,194,19,4,-10.0,6,60.0,True,False,False,https://www.koreatimes.co.kr/southkorea/politics/20260912/cheong-wa-dae-denounces-nk-missile-launch-as-violation-of-unsc-resolution
2026-09-12,2026-09-12,True,PRK,threat,NORTH KOREA,PRK,SOUTH KOREA,KOR,194,19,4,-10.0,1,10.0,True,False,False,https://www.aljazeera.com/news/2026/9/12/north-korea-fires-ballistic-missiles-off-eastern-coast-seoul-says
2026-09-12,2026-09-12,True,PRK,threat,PYONGYANG,PRK,SOUTH KOREA,KOR,111,11,3,-2.0,4,8.0,False,False,False,https://www.hindustantimes.com/world-news/us-news/north-korea-fires-projectile-toward-sea-south-korea-101789162291225.html
2026-09-12,2026-09-12,True,PRK,threat,NORTH KOREA,PRK,SOUTH KOREA,KOR,020,02,1,3.0,2,-6.0,False,False,False,https://en.tempo.co/read/2119419/why-north-koreas-kim-jong-un-doesnt-need-a-us-deal
2026-09-12,2026-09-12,True,PRK,threat,NORTH KOREA,PRK,SOUTH KOREA,KOR,194,19,4,-10.0,1,10.0,False,False,False,https://dominicanrepublicpost.com/north-korea-fires-ballistic-missiles-off-eastern-coast-seoul-says/
2026-09-12,2026-09-12,True,PRK,threat,NORTH KOREA,PRK,SOUTH KOREA,KOR,194,19,4,-10.0,2,20.0,False,False,False,https://dominicanrepublicpost.com/north-korea-fires-ballistic-missiles-off-eastern-coast-seoul-says/
2026-09-12,2026-09-12,True,PRK,threat,NORTH KOREA,PRK,SOUTH KOREA,KOR,194,19,4,-10.0,1,10.0,True,False,False,https://dominicanrepublicpost.com/north-korea-fires-ballistic-missiles-off-eastern-coast-seoul-says/
2026-09-12,2026-09-12,True,PRK,threat,NORTH KOREA,PRK,SOUTH KOREA,KOR,043,04,1,2.8,2,-5.6,False,False,False,https://dominicanrepublicpost.com/north-korea-fires-ballistic-missiles-off-eastern-coast-seoul-says/
2026-09-12,2026-09-12,True,PRK,threat,NORTH KOREA,PRK,SOUTH KOREA,KOR,043,04,1,2.8,1,-2.8,True,False,False,https://dominicanrepublicpost.com/north-korea-fires-ballistic-missiles-off-eastern-coast-seoul-says/
2026-09-12,2026-09-12,True,PRK,threat,NORTH KOREA,PRK,SEOUL,KOR,190,19,4,-10.0,10,100.0,False,False,False,https://www.dailynews.co.th/news/6183425/
2026-09-12,2026-09-12,True,PRK,threat,NORTH KOREA,PRK,SOUTH KOREA,KOR,193,19,4,-10.0,10,100.0,False,False,False,https://www.dailynews.co.th/news/6183425/
2026-09-12,2026-09-12,True,PRK,threat,NORTH KOREA,PRK,SOUTH KOREA,KOR,194,19,4,-10.0,6,60.0,False,False,False,https://www.oneindia.com/international/north-korea-launches-multiple-ballistic-missiles-raises-fresh-tensions-in-korean-peninsula-8203199.html
2026-09-12,2026-09-12,True,PRK,threat,NORTH KOREA,PRK,SOUTH KOREA,KOR,150,15,4,-7.2,5,36.0,False,False,False,https://www.koreatimes.co.kr/foreignaffairs/northkorea/20260912/n-korea-fires-multiple-short-range-ballistic-missiles-toward-east-sea-jcs
2026-09-12,2026-09-12,True,PRK,threat,NORTH KOREA,PRK,SOUTH KOREA,KOR,150,15,4,-7.2,5,36.0,True,False,False,https://www.koreatimes.co.kr/foreignaffairs/northkorea/20260912/n-korea-fires-multiple-short-range-ballistic-missiles-toward-east-sea-jcs
2026-09-12,2026-09-12,True,PRK,threat,NORTH KOREAN,PRK,SOUTH KOREA,KOR,040,04,1,1.0,1,-1.0,False,False,False,https://www.rte.ie/news/asia/2026/0912/1591259-korea-missile-asia/
2026-09-12,2026-09-12,True,PRK,threat,NORTH KOREA,PRK,SOUTH KOREA,KOR,194,19,4,-10.0,4,40.0,False,False,False,https://www.oneindia.com/international/north-korea-launches-multiple-ballistic-missiles-raises-fresh-tensions-in-korean-peninsula-8203199.html
2026-09-12,2026-09-12,True,PRK,threat,NORTH KOREA,PRK,SOUTH KOREA,KOR,072,07,2,8.3,4,-33.2,False,False,False,https://www.express.co.uk/news/world/2247894/north-korea-sends-chilling-warning
2026-09-12,2026-09-12,True,PRK,threat,NORTH KOREA,PRK,SOUTH KOREA,KOR,194,19,4,-10.0,2,20.0,False,False,False,https://www.dw.com/en/north-korea-fires-multiple-ballistic-missiles-day-after-trilateral-drills-end/a-79242070
2026-09-12,2026-09-12,True,PRK,threat,PYONGYANG,PRK,SOUTH KOREAN,KOR,194,19,4,-10.0,2,20.0,False,False,False,https://www.koreatimes.co.kr/southkorea/politics/20260912/cheong-wa-dae-denounces-nk-missile-launch-as-violation-of-unsc-resolution
2026-09-12,2026-09-12,True,PRK,threat,NORTH KOREA,PRK,SOUTH KOREA,KOR,194,19,4,-10.0,8,80.0,False,False,False,https://www.dw.com/en/north-korea-fires-multiple-ballistic-missiles-day-after-trilateral-drills-end/a-79242070
2026-09-12,2026-09-12,True,PRK,threat,NORTH KOREA,PRK,SOUTH KOREA,KOR,073,07,2,7.4,2,-14.8,False,False,False,https://www.bankier.pl/wiadomosc/Nowy-most-miedzy-Rosja-a-Korea-Polnocna-Ma-przejezdzac-300-pojazdow-dziennie-9193282.html
2026-09-12,2026-09-12,True,PRK,threat,PYONGYANG,PRK,SOUTH KOREA,KOR,073,07,2,7.4,4,-29.6,False,False,False,https://www.bankier.pl/wiadomosc/Nowy-most-miedzy-Rosja-a-Korea-Polnocna-Ma-przejezdzac-300-pojazdow-dziennie-9193282.html
2026-09-12,2026-09-12,True,RUS,threat,RUSSIA,RUS,SOUTH KOREA,KOR,020,02,1,3.0,8,-24.0,False,False,False,https://www.focus.de/politik/ausland/der-treibstoffmangel-durch-ukrainische-drohnenangriffe-zwingt-russland-dazu-oel-aus-suedkorea-aegypten-und-der-tuerkei-zu-importieren_951ce1a9-a77f-4493-992e-bbe437a9c6d7.html
2026-09-12,2026-09-12,True,RUS,threat,RUSSIA,RUS,SOUTH KOREA,KOR,020,02,1,3.0,2,-6.0,False,False,False,https://www.focus.de/politik/ausland/der-treibstoffmangel-durch-ukrainische-drohnenangriffe-zwingt-russland-dazu-oel-aus-suedkorea-aegypten-und-der-tuerkei-zu-importieren_951ce1a9-a77f-4493-992e-bbe437a9c6d7.html
2026-09-12,2026-09-12,True,RUS,threat,RUSSIA,RUS,SOUTH KOREA,KOR,020,02,1,3.0,10,-30.0,False,False,False,https://www.focus.de/politik/ausland/der-treibstoffmangel-durch-ukrainische-drohnenangriffe-zwingt-russland-dazu-oel-aus-suedkorea-aegypten-und-der-tuerkei-zu-importieren_951ce1a9-a77f-4493-992e-bbe437a9c6d7.html
2026-09-12,2026-09-12,True,USA,threat,AMERICAN,USA,SOUTH KOREA,KOR,062,06,2,7.4,4,-29.6,False,False,False,https://nos.nl/artikel/2630659-zuid-korea-meldt-afvuren-ballistische-raketten-richting-zee-door-noord-korea
2026-09-12,2026-09-12,True,USA,threat,AMERICAN,USA,SOUTH KOREA,KOR,062,06,2,7.4,6,-44.4,False,False,True,https://nos.nl/artikel/2630659-zuid-korea-meldt-afvuren-ballistische-raketten-richting-zee-door-noord-korea
2026-09-12,2026-09-12,True,USA,threat,UNITED STATES,USA,SOUTH KOREA,KOR,190,19,4,-10.0,2,20.0,False,False,False,https://www.fnnews.com/news/202609120801358927
2026-09-12,2026-09-12,True,USA,threat,UNITED STATES,USA,SOUTH KOREA,KOR,020,02,1,3.0,10,-30.0,False,False,False,https://www.fnnews.com/news/202609120801358927
2026-09-12,2026-09-12,True,USA,threat,UNITED STATES,USA,SOUTH KOREA,KOR,190,19,4,-10.0,8,80.0,False,False,False,https://www.fnnews.com/news/202609120801358927
2026-09-12,2026-09-12,True,USA,threat,UNITED STATES,USA,SOUTH KOREA,KOR,010,01,1,0.0,6,-0.0,False,False,False,https://www.fnnews.com/news/202609121705551629
2026-09-12,2026-09-12,True,USA,threat,UNITED STATES,USA,SOUTH KOREA,KOR,020,02,1,3.0,10,-30.0,False,False,False,https://www.fnnews.com/news/202609120801358927
2026-09-12,2026-09-12,True,USA,threat,UNITED STATES,USA,SAMSUNG,KOR,043,04,1,2.8,1,-2.8,False,False,False,https://www.livemint.com/companies/news/tech-layoffs-2026-as-ai-takes-center-stage-heres-a-list-of-major-companies-that-laid-off-employees-11789203637160.html
2026-09-12,2026-09-12,True,USA,threat,TEXAS,USA,SAMSUNG,KOR,043,04,1,2.8,2,-5.6,False,False,False,https://www.livemint.com/companies/news/tech-layoffs-2026-as-ai-takes-center-stage-heres-a-list-of-major-companies-that-laid-off-employees-11789203637160.html
2026-09-12,2026-09-12,True,USA,threat,UNITED STATES,USA,SOUTH KOREA,KOR,150,15,4,-7.2,2,14.4,False,False,False,https://www.surinametimes.com/artikel/noord-korea-vuurt-ballistische-raketten-richting-zee-na-militaire-oefening-vs
2026-09-12,2026-09-12,True,USA,threat,UNITED STATES,USA,SOUTH KOREA,KOR,150,15,4,-7.2,2,14.4,False,False,False,https://www.surinametimes.com/artikel/noord-korea-vuurt-ballistische-raketten-richting-zee-na-militaire-oefening-vs
2026-09-12,2026-09-12,True,USA,threat,GOOGLE,USA,SOUTH KOREA,KOR,090,09,2,-2.0,10,20.0,False,False,False,https://www.hani.co.kr/arti/economy/it/1124983.html
2026-09-12,2026-09-12,True,USA,threat,GOOGLE,USA,SOUTH KOREA,KOR,090,09,2,-2.0,10,20.0,False,False,False,https://www.hani.co.kr/arti/economy/it/1124983.html
2026-09-12,2026-09-12,True,USA,threat,UNITED STATES,USA,HYUNDAI,KOR,110,11,3,-2.0,2,4.0,False,False,False,https://txktoday.com/news/bail-at-200k-for-men-charged-in-texas-blvd-shooting/
2026-09-12,2026-09-12,True,USA,threat,UNITED STATES,USA,HYUNDAI,KOR,173,17,4,-5.0,3,15.0,False,False,False,https://txktoday.com/news/bail-at-200k-for-men-charged-in-texas-blvd-shooting/
2026-09-12,2026-09-12,True,USA,threat,UNITED STATES,USA,SOUTH KOREA,KOR,092,09,2,-2.0,6,12.0,False,False,False,https://saharareporters.com/2026/09/12/us-reacts-north-koreas-multiple-missile-launch-begins-consultation-allies
2026-09-12,2026-09-12,True,USA,threat,UNITED STATES,USA,SOUTH KOREA,KOR,092,09,2,-2.0,4,8.0,False,False,False,https://saharareporters.com/2026/09/12/us-reacts-north-koreas-multiple-missile-launch-begins-consultation-allies
2026-09-12,2026-09-12,True,USA,threat,UNITED STATES,USA,SOUTH KOREAN,KOR,036,03,1,4.0,2,-8.0,False,False,False,https://www.straitstimes.com/world/south-korea-us-discuss-seouls-role-in-middle-east-investment-pact
2026-09-12,2026-09-12,True,USA,threat,UNITED STATES,USA,SOUTH KOREAN,KOR,036,03,1,4.0,2,-8.0,False,False,False,https://www.straitstimes.com/world/south-korea-us-discuss-seouls-role-in-middle-east-investment-pact
2026-09-12,2026-09-12,True,USA,threat,UNITED STATES,USA,SOUTH KOREAN,KOR,036,03,1,4.0,6,-24.0,False,False,True,https://www.straitstimes.com/world/south-korea-us-discuss-seouls-role-in-middle-east-investment-pact
2026-09-13,2026-09-13,True,CHN,threat,CHINA,CHN,SAMSUNG,KOR,051,05,1,3.4,3,-10.2,False,False,False,https://www.techpinas.com/2026/09/PLDT-Enterprise-China-Bank-Savings-Samsung-PH-Advance-Digital-Lending-DepEd-Teachers.html
2026-09-13,2026-09-13,True,CHN,threat,CHINA,CHN,SAMSUNG,KOR,051,05,1,3.4,1,-3.4,False,False,False,https://www.techpinas.com/2026/09/PLDT-Enterprise-China-Bank-Savings-Samsung-PH-Advance-Digital-Lending-DepEd-Teachers.html
2026-09-13,2026-09-13,True,CHN,threat,CHINESE,CHN,SOUTH KOREA,KOR,0234,02,1,3.4,10,-34.0,False,False,False,https://www.ddaily.co.kr:443/page/view/2026091211513886284
2026-09-13,2026-09-13,True,CHN,threat,CHINESE,CHN,SOUTH KOREA,KOR,190,19,4,-10.0,2,20.0,False,False,False,https://www.koreaherald.com/article/10871757
2026-09-13,2026-09-13,True,CHN,threat,CHINA,CHN,SOUTH KOREA,KOR,190,19,4,-10.0,4,40.0,False,False,False,https://www.koreaherald.com/article/10871757
2026-09-13,2026-09-13,True,CHN,threat,CHINA,CHN,SOUTH KOREA,KOR,042,04,1,1.9,8,-15.2,False,False,False,https://georgetownvoice.com/2026/09/13/georgetown-explained-how-the-university-spends-its-money-overseas/
2026-09-13,2026-09-13,True,CHN,threat,CHINA,CHN,SOUTH KOREA,KOR,043,04,1,2.8,8,-22.4,False,False,False,https://georgetownvoice.com/2026/09/13/georgetown-explained-how-the-university-spends-its-money-overseas/
2026-09-13,2026-09-13,True,CHN,threat,CHINA,CHN,SOUTH KOREA,KOR,042,04,1,1.9,2,-3.8,False,False,False,https://georgetownvoice.com/2026/09/13/georgetown-explained-how-the-university-spends-its-money-overseas/
2026-09-13,2026-09-13,True,CHN,threat,CHINA,CHN,SOUTH KOREA,KOR,043,04,1,2.8,2,-5.6,False,False,False,https://georgetownvoice.com/2026/09/13/georgetown-explained-how-the-university-spends-its-money-overseas/
2026-09-13,2026-09-13,True,CHN,threat,CHINESE,CHN,SOUTH KOREA,KOR,110,11,3,-2.0,10,20.0,False,False,False,https://www.ddaily.co.kr:443/page/view/2026091211513886284
2026-09-13,2026-09-13,True,CHN,threat,CHINA,CHN,SOUTH KOREA,KOR,0841,08,2,7.0,8,-56.0,False,False,False,https://www.philstar.com/opinion/2026/09/14/2556055/were-right-track
2026-09-13,2026-09-13,True,CHN,threat,CHINA,CHN,SOUTH KOREA,KOR,0841,08,2,7.0,2,-14.0,False,False,False,https://www.philstar.com/opinion/2026/09/14/2556055/were-right-track
2026-09-13,2026-09-13,True,JPN,threat,JAPAN,JPN,SAMSUNG,KOR,040,04,1,1.0,10,-10.0,False,False,False,https://www.ddaily.co.kr:443/page/view/2026091301364076133
2026-09-13,2026-09-13,True,JPN,threat,JAPAN,JPN,HYUNDAI,KOR,020,02,1,3.0,4,-12.0,False,False,False,https://www.aol.com/articles/13-best-used-cars-retirees-132504000.html
2026-09-13,2026-09-13,True,JPN,threat,JAPANESE,JPN,SOUTH KOREA,KOR,042,04,1,1.9,2,-3.8,True,False,False,https://www.news.de/politik/859988854/kim-jong-un-feuert-kurzstreckenraketen-ins-japanische-meer-ab-nordkorea-machthaber-provoziert-trump-verstoss-gegen-un-resolutionen/1/
2026-09-13,2026-09-13,True,JPN,threat,JAPAN,JPN,SOUTH KOREA,KOR,040,04,1,1.0,2,-2.0,False,False,False,https://artdaily.com/news/200173/National-Museum-of-Modern-and-Contemporary-Art--Korea-explores-conceptual-practices-across-Asia
2026-09-13,2026-09-13,True,JPN,threat,JAPAN,JPN,SOUTH KOREA,KOR,040,04,1,1.0,4,-4.0,False,False,False,https://artdaily.com/news/200173/National-Museum-of-Modern-and-Contemporary-Art--Korea-explores-conceptual-practices-across-Asia
2026-09-13,2026-09-13,True,USA,response,INCHEON,KOR,UNITED STATES,USA,040,04,1,1.0,10,-10.0,False,False,False,https://www.segye.com:443/newsView/20260913511272
2026-09-13,2026-09-13,True,JPN,response,SOUTH KOREA,KOR,JAPAN,JPN,020,02,1,3.0,4,-12.0,False,False,False,https://home.nzcity.co.nz/news/article.aspx?id=453952
2026-09-13,2026-09-13,True,JPN,response,SOUTH KOREA,KOR,JAPAN,JPN,020,02,1,3.0,1,-3.0,False,False,False,https://home.nzcity.co.nz/news/article.aspx?id=453952
2026-09-13,2026-09-13,True,JPN,response,SOUTH KOREA,KOR,JAPAN,JPN,020,02,1,3.0,2,-6.0,False,False,False,https://home.nzcity.co.nz/news/article.aspx?id=453952
2026-09-13,2026-09-13,True,JPN,response,SOUTH KOREA,KOR,JAPAN,JPN,020,02,1,3.0,3,-9.0,False,False,False,https://home.nzcity.co.nz/news/article.aspx?id=453952
2026-09-13,2026-09-13,True,USA,response,SAMSUNG,KOR,GOOGLE,USA,051,05,1,3.4,10,-34.0,False,False,False,https://www.popsci.com/diy/where-to-buy-refurbished-phones-gadgets/
2026-09-13,2026-09-13,True,USA,response,SOUTH KOREA,KOR,UNITED STATES,USA,042,04,1,1.9,2,-3.8,False,False,True,https://www.koreatimes.co.kr/foreignaffairs/20260913/1st-us-project-under-tariff-pact-nears-finish-line
2026-09-13,2026-09-13,True,USA,response,SOUTH KOREA,KOR,WASHINGTON,USA,060,06,2,6.0,2,-12.0,False,False,False,https://weeklyblitz.net/2026/09/14/trumps-korea-gamble-is-putting-americas-asian-alliances-at-risk/
2026-09-13,2026-09-13,True,USA,response,SOUTH KOREA,KOR,THE US,USA,120,12,3,-4.0,7,28.0,False,False,False,https://weeklyblitz.net/2026/09/14/trumps-korea-gamble-is-putting-americas-asian-alliances-at-risk/
2026-09-13,2026-09-13,True,USA,response,SOUTH KOREA,KOR,WASHINGTON,USA,114,11,3,-2.0,2,4.0,False,False,False,https://weeklyblitz.net/2026/09/14/trumps-korea-gamble-is-putting-americas-asian-alliances-at-risk/
2026-09-13,2026-09-13,True,USA,response,SOUTH KOREA,KOR,UNITED STATES,USA,020,02,1,3.0,2,-6.0,False,False,False,https://weeklyblitz.net/2026/09/14/trumps-korea-gamble-is-putting-americas-asian-alliances-at-risk/
2026-09-13,2026-09-13,True,USA,response,SOUTH KOREAN,KOR,WASHINGTON,USA,020,02,1,3.0,5,-15.0,False,False,False,https://weeklyblitz.net/2026/09/14/trumps-korea-gamble-is-putting-americas-asian-alliances-at-risk/
2026-09-13,2026-09-13,True,USA,response,SOUTH KOREAN,KOR,WASHINGTON,USA,020,02,1,3.0,1,-3.0,False,False,False,https://weeklyblitz.net/2026/09/14/trumps-korea-gamble-is-putting-americas-asian-alliances-at-risk/
2026-09-13,2026-09-13,True,USA,response,SOUTH KOREA,KOR,WASHINGTON,USA,114,11,3,-2.0,2,4.0,False,False,False,https://weeklyblitz.net/2026/09/14/trumps-korea-gamble-is-putting-americas-asian-alliances-at-risk/
2026-09-13,2026-09-13,True,USA,response,SOUTH KOREA,KOR,THE US,USA,120,12,3,-4.0,1,4.0,False,False,False,https://weeklyblitz.net/2026/09/14/trumps-korea-gamble-is-putting-americas-asian-alliances-at-risk/
2026-09-13,2026-09-13,True,USA,response,SOUTH KOREA,KOR,UNITED STATES,USA,070,07,2,7.0,8,-56.0,False,False,False,https://www.koreaherald.com/article/10871718
2026-09-13,2026-09-13,True,USA,response,SOUTH KOREA,KOR,UNITED STATES,USA,193,19,4,-10.0,2,20.0,False,False,False,https://www.hankookilbo.com/news/article/A2026091313170001271
2026-09-13,2026-09-13,True,USA,response,SEOUL,KOR,UNITED STATES,USA,193,19,4,-10.0,8,80.0,False,False,False,https://www.hankookilbo.com/news/article/A2026091313170001271
2026-09-13,2026-09-13,True,USA,response,SAMSUNG,KOR,MOTOROLA,USA,012,01,1,-0.4,5,2.0,False,False,False,https://www.androidpolice.com/motorolas-teased-foldable-is-the-true-iphone-duo-competitor/
2026-09-13,2026-09-13,True,CHN,response,SOUTH KOREAN,KOR,CHINA,CHN,012,01,1,-0.4,8,3.2,False,False,False,https://www.koreatimes.co.kr/southkorea/defense/20260913/koreas-nuclear-powered-submarines-could-take-on-broader-indo-pacific-role
2026-09-13,2026-09-13,True,USA,response,HYUNDAI,KOR,NVIDIA,USA,046,04,1,7.0,10,-70.0,False,False,False,https://lufkindailynews.com/news_reuters/business/hyundai-motor-to-roll-out-in-house-driver-assist-system-in-2029/article_d3ad32c5-5416-51b2-9358-e38d9ab2d8e8.html
2026-09-13,2026-09-13,True,JPN,response,SOUTH KOREA,KOR,JAPAN,JPN,040,04,1,1.0,6,-6.0,False,False,False,https://artdaily.com/news/200173/National-Museum-of-Modern-and-Contemporary-Art--Korea-explores-conceptual-practices-across-Asia
2026-09-13,2026-09-13,True,CHN,response,SOUTH KOREA,KOR,CHINA,CHN,042,04,1,1.9,8,-15.2,False,False,False,https://georgetownvoice.com/2026/09/13/georgetown-explained-how-the-university-spends-its-money-overseas/
2026-09-13,2026-09-13,True,CHN,response,SOUTH KOREA,KOR,CHINA,CHN,043,04,1,2.8,8,-22.4,False,False,False,https://georgetownvoice.com/2026/09/13/georgetown-explained-how-the-university-spends-its-money-overseas/
2026-09-13,2026-09-13,True,JPN,response,SAMSUNG,KOR,JAPAN,JPN,040,04,1,1.0,10,-10.0,False,False,False,https://www.ddaily.co.kr:443/page/view/2026091301364076133
2026-09-13,2026-09-13,True,JPN,response,SOUTH KOREA,KOR,JAPAN,JPN,150,15,4,-7.2,6,43.2,False,False,False,https://themunicheye.com/north-korea-fires-ballistic-missiles-after-us-south-korea-drill-34933
2026-09-13,2026-09-13,True,JPN,response,SOUTH KOREA,KOR,JAPAN,JPN,194,19,4,-10.0,10,100.0,False,False,False,https://themunicheye.com/north-korea-fires-ballistic-missiles-after-us-south-korea-drill-34933
2026-09-13,2026-09-13,True,JPN,response,SOUTH KOREA,KOR,JAPANESE,JPN,043,04,1,2.8,2,-5.6,True,False,False,https://www.news.de/politik/859988854/kim-jong-un-feuert-kurzstreckenraketen-ins-japanische-meer-ab-nordkorea-machthaber-provoziert-trump-verstoss-gegen-un-resolutionen/1/
2026-09-13,2026-09-13,True,JPN,response,INCHEON,KOR,JAPAN,JPN,060,06,2,6.0,2,-12.0,False,False,False,https://www.koreaherald.com/article/10871517
2026-09-13,2026-09-13,True,PRK,response,SOUTH KOREAN,KOR,NORTH KOREA,PRK,043,04,1,2.8,2,-5.6,False,False,False,https://akipress.com/news:918588:North_Korea_launches_several_ballistic_missiles_toward_Sea_of_Japan/
2026-09-13,2026-09-13,True,PRK,response,SOUTH KOREAN,KOR,NORTH KOREA,PRK,043,04,1,2.8,3,-8.4,True,False,False,https://akipress.com/news:918588:North_Korea_launches_several_ballistic_missiles_toward_Sea_of_Japan/
2026-09-13,2026-09-13,True,PRK,response,SEOUL,KOR,NORTH KOREA,PRK,194,19,4,-10.0,6,60.0,False,False,False,https://tribune.com.pk/story/2628999/north-korea-fires-short-range-missiles-toward-sea
2026-09-13,2026-09-13,True,PRK,response,SEOUL,KOR,NORTH KOREA,PRK,040,04,1,1.0,1,-1.0,False,False,False,https://thefrontierpost.com/mixed-messages-in-a-fast-changing-asian-order/
2026-09-13,2026-09-13,True,JPN,response,SOUTH KOREA,KOR,JAPAN,JPN,194,19,4,-10.0,1,10.0,False,False,False,https://themunicheye.com/north-korea-fires-ballistic-missiles-after-us-south-korea-drill-34933
2026-09-13,2026-09-13,True,USA,response,SOUTH KOREA,KOR,A US,USA,020,02,1,3.0,8,-24.0,False,False,False,https://www.pressian.com/pages/articles/2026091309494995000
2026-09-13,2026-09-13,True,CHN,response,SOUTH KOREA,KOR,CHINA,CHN,042,04,1,1.9,2,-3.8,False,False,False,https://georgetownvoice.com/2026/09/13/georgetown-explained-how-the-university-spends-its-money-overseas/
2026-09-13,2026-09-13,True,CHN,response,SOUTH KOREA,KOR,CHINA,CHN,043,04,1,2.8,2,-5.6,False,False,False,https://georgetownvoice.com/2026/09/13/georgetown-explained-how-the-university-spends-its-money-overseas/
2026-09-13,2026-09-13,True,USA,response,SOUTH KOREA,KOR,UNITED STATES,USA,010,01,1,0.0,2,-0.0,False,False,False,https://screenrant.com/star-wars-starfighter-no-galactic-government-lore-change-good/
2026-09-13,2026-09-13,True,CHN,response,SOUTH KOREAN,KOR,CHINA,CHN,012,01,1,-0.4,2,0.8,False,False,False,https://www.koreatimes.co.kr/southkorea/defense/20260913/koreas-nuclear-powered-submarines-could-take-on-broader-indo-pacific-role
2026-09-13,2026-09-13,True,CHN,response,SOUTH KOREA,KOR,BEIJING,CHN,071,07,2,7.4,8,-59.2,False,True,False,https://www.kmib.co.kr/article/view.asp?arcid=9000011471&code=61121311&sid1=soc
2026-09-13,2026-09-13,True,USA,response,SEOUL,KOR,WASHINGTON,USA,040,04,1,1.0,6,-6.0,False,False,False,https://manager.bg/%D0%B8%D0%BA%D0%BE%D0%BD%D0%BE%D0%BC%D0%B8%D0%BA%D0%B0/seul-i-vashington-prodalzavat-pregovorite-za-investicii-za-350-mlrd-dolara
2026-09-13,2026-09-13,True,USA,response,SEOUL,KOR,UNITED STATES,USA,040,04,1,1.0,4,-4.0,False,False,False,https://manager.bg/%D0%B8%D0%BA%D0%BE%D0%BD%D0%BE%D0%BC%D0%B8%D0%BA%D0%B0/seul-i-vashington-prodalzavat-pregovorite-za-investicii-za-350-mlrd-dolara
2026-09-13,2026-09-13,True,PRK,response,SOUTH KOREA,KOR,GYEONGSANG,PRK,040,04,1,1.0,1,-1.0,False,False,True,https://www.koreatimes.co.kr/southkorea/defense/20260913/koreas-nuclear-powered-submarines-could-take-on-broader-indo-pacific-role
2026-09-13,2026-09-13,True,USA,response,SOUTH KOREA,KOR,UNITED STATES,USA,194,19,4,-10.0,4,40.0,False,False,False,https://www.nwaonline.com/news/2026/sep/13/n-korea-fires-missiles-toward-sea/
2026-09-13,2026-09-13,True,CHN,response,SOUTH KOREA,KOR,CHINESE,CHN,190,19,4,-10.0,2,20.0,False,False,False,https://www.koreaherald.com/article/10871757
2026-09-13,2026-09-13,True,CHN,response,SOUTH KOREA,KOR,CHINA,CHN,190,19,4,-10.0,4,40.0,False,False,False,https://www.koreaherald.com/article/10871757
2026-09-13,2026-09-13,True,USA,response,SOUTH KOREA,KOR,UNITED STATES,USA,150,15,4,-7.2,6,43.2,False,False,False,https://themunicheye.com/north-korea-fires-ballistic-missiles-after-us-south-korea-drill-34933
2026-09-13,2026-09-13,True,USA,response,SAMSUNG,KOR,GOOGLE,USA,051,05,1,3.4,10,-34.0,False,False,False,https://memeburn.com/best-mid-range-phones/
2026-09-13,2026-09-13,True,USA,response,SOUTH KOREA,KOR,UNITED STATES,USA,010,01,1,0.0,2,-0.0,False,False,False,https://screenrant.com/star-wars-starfighter-no-galactic-government-lore-change-good/
2026-09-13,2026-09-13,True,USA,response,SOUTH KOREA,KOR,UNITED STATES,USA,023,02,1,3.4,2,-6.8,False,False,False,https://www.eurasiareview.com/13092026-trumps-two-front-korea-gambit-a-signal-to-kim-a-warning-to-seoul-analysis/
2026-09-13,2026-09-13,True,USA,response,SEOUL,KOR,WASHINGTON,USA,120,12,3,-4.0,8,32.0,False,False,False,https://www.eurasiareview.com/13092026-trumps-two-front-korea-gambit-a-signal-to-kim-a-warning-to-seoul-analysis/
2026-09-13,2026-09-13,True,USA,response,SOUTH KOREA,KOR,UNITED STATES,USA,070,07,2,7.0,1,-7.0,False,False,True,https://www.eurasiareview.com/13092026-trumps-two-front-korea-gambit-a-signal-to-kim-a-warning-to-seoul-analysis/
2026-09-13,2026-09-13,True,USA,response,SEOUL,KOR,WASHINGTON,USA,023,02,1,3.4,6,-20.4,False,False,False,https://www.eurasiareview.com/13092026-trumps-two-front-korea-gambit-a-signal-to-kim-a-warning-to-seoul-analysis/
2026-09-13,2026-09-13,True,USA,response,SEOUL,KOR,WASHINGTON,USA,060,06,2,6.0,8,-48.0,False,False,False,https://www.eurasiareview.com/13092026-trumps-two-front-korea-gambit-a-signal-to-kim-a-warning-to-seoul-analysis/
2026-09-13,2026-09-13,True,USA,response,SOUTH KOREA,KOR,UNITED STATES,USA,020,02,1,3.0,1,-3.0,False,False,True,https://www.eurasiareview.com/13092026-trumps-two-front-korea-gambit-a-signal-to-kim-a-warning-to-seoul-analysis/
2026-09-13,2026-09-13,True,RUS,response,SOUTH KOREA,KOR,RUSSIA,RUS,010,01,1,0.0,2,-0.0,False,False,False,https://www.eurasiareview.com/13092026-trumps-two-front-korea-gambit-a-signal-to-kim-a-warning-to-seoul-analysis/
2026-09-13,2026-09-13,True,PRK,response,SEOUL,KOR,NORTH KOREA,PRK,040,04,1,1.0,1,-1.0,False,False,False,https://thefrontierpost.com/mixed-messages-in-a-fast-changing-asian-order/
2026-09-13,2026-09-13,True,USA,response,SOUTH KOREA,KOR,UNITED STATES,USA,043,04,1,2.8,4,-11.2,False,False,False,https://biz.heraldcorp.com/article/10871567
2026-09-13,2026-09-13,True,USA,response,SOUTH KOREA,KOR,NEW YORK,USA,043,04,1,2.8,4,-11.2,False,False,False,https://biz.heraldcorp.com/article/10871567
2026-09-13,2026-09-13,True,PRK,threat,PYONGYANG,PRK,SOUTH KOREA,KOR,111,11,3,-2.0,10,20.0,False,False,False,https://net.hr/danas/svijet/sjeverna-koreja-lansirala-dva-balisticka-projektila-seul-i-tokio-reagirali-21543f73-b4ef-11f1-936f-9600040c8f8e
2026-09-13,2026-09-13,True,PRK,threat,PYONGYANG,PRK,SOUTH KOREA,KOR,111,11,3,-2.0,10,20.0,False,False,False,https://www.index.hr/vijesti/clanak/sjeverna-koreja-ispalila-dva-balisticka-projektila-prema-istocnom-moru/2836571.aspx
2026-09-13,2026-09-13,True,PRK,threat,PYONGYANG,PRK,SOUTH KOREA,KOR,111,11,3,-2.0,3,6.0,False,False,False,https://www.business-standard.com/world-news/north-korea-fires-suspected-ballistic-missile-off-east-coast-says-japan-126092000251_1.html
2026-09-13,2026-09-13,True,PRK,threat,NORTH KOREA,PRK,SOUTH KOREA,KOR,150,15,4,-7.2,3,21.6,False,False,False,https://themunicheye.com/north-korea-fires-ballistic-missiles-after-us-south-korea-drill-34933
2026-09-13,2026-09-13,True,PRK,threat,NORTH KOREA,PRK,SOUTH KOREA,KOR,010,01,1,0.0,4,-0.0,False,False,False,https://themunicheye.com/north-korea-fires-ballistic-missiles-after-us-south-korea-drill-34933
2026-09-13,2026-09-13,True,PRK,threat,NORTH KOREA,PRK,SOUTH KOREA,KOR,130,13,3,-4.4,2,8.8,False,False,False,https://themunicheye.com/north-korea-fires-ballistic-missiles-after-us-south-korea-drill-34933
2026-09-13,2026-09-13,True,PRK,threat,NORTH KOREA,PRK,SOUTH KOREA,KOR,112,11,3,-2.0,2,4.0,False,False,False,https://www.hankookilbo.com/news/article/A2026090814510003109
2026-09-13,2026-09-13,True,PRK,threat,NORTH KOREA,PRK,SOUTH KOREA,KOR,112,11,3,-2.0,2,4.0,False,False,False,https://www.hankookilbo.com/news/article/A2026090814510003109
2026-09-13,2026-09-13,True,PRK,threat,NORTH KOREA,PRK,SOUTH KOREAN,KOR,042,04,1,1.9,2,-3.8,False,False,False,https://akipress.com/news:918588:North_Korea_launches_several_ballistic_missiles_toward_Sea_of_Japan/
2026-09-13,2026-09-13,True,PRK,threat,NORTH KOREA,PRK,SOUTH KOREAN,KOR,042,04,1,1.9,3,-5.7,True,False,False,https://akipress.com/news:918588:North_Korea_launches_several_ballistic_missiles_toward_Sea_of_Japan/
2026-09-13,2026-09-13,True,PRK,threat,NORTH KOREA,PRK,SEOUL,KOR,040,04,1,1.0,2,-2.0,False,False,False,https://thefrontierpost.com/mixed-messages-in-a-fast-changing-asian-order/
2026-09-13,2026-09-13,True,PRK,threat,NORTH KOREAN,PRK,SOUTH KOREA,KOR,193,19,4,-10.0,2,20.0,False,False,False,https://english.hani.co.kr/arti/english_edition/e_national/421856.html
2026-09-13,2026-09-13,True,PRK,threat,GYEONGSANG,PRK,SOUTH KOREA,KOR,040,04,1,1.0,1,-1.0,False,False,True,https://www.koreatimes.co.kr/southkorea/defense/20260913/koreas-nuclear-powered-submarines-could-take-on-broader-indo-pacific-role
2026-09-13,2026-09-13,True,PRK,threat,NORTH KOREA,PRK,SOUTH KOREA,KOR,010,01,1,0.0,2,-0.0,False,False,False,https://www.eurasiareview.com/13092026-trumps-two-front-korea-gambit-a-signal-to-kim-a-warning-to-seoul-analysis/
2026-09-13,2026-09-13,True,RUS,threat,RUSSIA,RUS,SOUTH KOREA,KOR,020,02,1,3.0,8,-24.0,False,False,False,https://www.focus.de/politik/ausland/der-treibstoffmangel-durch-ukrainische-drohnenangriffe-zwingt-russland-dazu-oel-aus-dem-ausland-zu-importieren_951ce1a9-a77f-4493-992e-bbe437a9c6d7.html
2026-09-13,2026-09-13,True,RUS,threat,RUSSIA,RUS,SOUTH KOREA,KOR,020,02,1,3.0,2,-6.0,False,False,False,https://www.focus.de/politik/ausland/der-treibstoffmangel-durch-ukrainische-drohnenangriffe-zwingt-russland-dazu-oel-aus-dem-ausland-zu-importieren_951ce1a9-a77f-4493-992e-bbe437a9c6d7.html
2026-09-13,2026-09-13,True,RUS,threat,RUSSIA,RUS,SOUTH KOREA,KOR,020,02,1,3.0,10,-30.0,False,False,False,https://www.focus.de/politik/ausland/der-treibstoffmangel-durch-ukrainische-drohnenangriffe-zwingt-russland-dazu-oel-aus-dem-ausland-zu-importieren_951ce1a9-a77f-4493-992e-bbe437a9c6d7.html
2026-09-13,2026-09-13,True,USA,threat,UNITED STATES,USA,INCHEON,KOR,040,04,1,1.0,10,-10.0,False,False,False,https://www.segye.com:443/newsView/20260913511272
2026-09-13,2026-09-13,True,USA,threat,UNITED STATES,USA,SOUTH KOREA,KOR,043,04,1,2.8,2,-5.6,False,False,True,https://www.koreatimes.co.kr/foreignaffairs/20260913/1st-us-project-under-tariff-pact-nears-finish-line
2026-09-13,2026-09-13,True,USA,threat,UNITED STATES,USA,SAMSUNG,KOR,112,11,3,-2.0,8,16.0,False,False,False,https://www.riotimesonline.com/tcl-sues-samsung-mini-led-false-advertising-2026/
2026-09-13,2026-09-13,True,USA,threat,NVIDIA,USA,HYUNDAI,KOR,046,04,1,7.0,10,-70.0,False,False,False,https://lufkindailynews.com/news_reuters/business/hyundai-motor-to-roll-out-in-house-driver-assist-system-in-2029/article_d3ad32c5-5416-51b2-9358-e38d9ab2d8e8.html
2026-09-13,2026-09-13,True,USA,threat,UNITED STATES,USA,SOUTH KOREA,KOR,042,04,1,1.9,2,-3.8,False,False,False,https://biz.heraldcorp.com/article/10871567
2026-09-13,2026-09-13,True,USA,threat,NEW YORK,USA,SOUTH KOREA,KOR,042,04,1,1.9,2,-3.8,False,False,False,https://biz.heraldcorp.com/article/10871567
2026-09-13,2026-09-13,True,USA,threat,UNITED STATES,USA,SOUTH KOREA,KOR,193,19,4,-10.0,4,40.0,False,False,False,https://biz.heraldcorp.com/article/10871567
2026-09-13,2026-09-13,True,USA,threat,UNITED STATES,USA,SOUTH KOREA,KOR,040,04,1,1.0,2,-2.0,False,False,False,https://manager.bg/%D0%B8%D0%BA%D0%BE%D0%BD%D0%BE%D0%BC%D0%B8%D0%BA%D0%B0/seul-i-vashington-prodalzavat-pregovorite-za-investicii-za-350-mlrd-dolara
2026-09-13,2026-09-13,True,USA,threat,WASHINGTON,USA,SEOUL,KOR,040,04,1,1.0,8,-8.0,False,False,False,https://manager.bg/%D0%B8%D0%BA%D0%BE%D0%BD%D0%BE%D0%BC%D0%B8%D0%BA%D0%B0/seul-i-vashington-prodalzavat-pregovorite-za-investicii-za-350-mlrd-dolara
2026-09-13,2026-09-13,True,USA,threat,UNITED STATES,USA,SAMSUNG,KOR,051,05,1,3.4,2,-6.8,False,False,False,https://www.albawaba.com/business/apple-reveals-130-iphone-duo-case-1636953
2026-09-13,2026-09-13,True,USA,threat,AMERICAN,USA,SAMSUNG,KOR,051,05,1,3.4,4,-13.6,False,False,False,https://www.albawaba.com/business/apple-reveals-130-iphone-duo-case-1636953
2026-09-13,2026-09-13,True,USA,threat,AMERICAN,USA,SAMSUNG,KOR,051,05,1,3.4,4,-13.6,False,False,False,https://www.albawaba.com/business/apple-reveals-130-iphone-duo-case-1636953
2026-09-13,2026-09-13,True,USA,threat,THE US,USA,SOUTH KOREA,KOR,020,02,1,3.0,2,-6.0,False,False,False,https://www.heraldk.com/article/2026091302540444496
2026-09-13,2026-09-13,True,USA,threat,MOTOROLA,USA,SAMSUNG,KOR,051,05,1,3.4,5,-17.0,False,False,False,https://memeburn.com/best-mid-range-phones/
2026-09-13,2026-09-13,True,USA,threat,NVIDIA,USA,HYUNDAI,KOR,046,04,1,7.0,5,-35.0,False,False,False,https://economictimes.indiatimes.com/news/international/business/hyundai-pushes-in-house-autonomy-to-2029-leans-on-nvidia-from-2028/articleshow/134168640.cms
2026-09-13,2026-09-13,True,USA,threat,UNITED STATES,USA,SOUTH KOREA,KOR,042,04,1,1.9,4,-7.6,False,False,False,https://biz.heraldcorp.com/article/10871567
2026-09-13,2026-09-13,True,USA,threat,NEW YORK,USA,SOUTH KOREA,KOR,193,19,4,-10.0,4,40.0,False,False,False,https://biz.heraldcorp.com/article/10871567
2026-09-14,2026-09-14,False,CHN,threat,CHINA,CHN,SOUTH KOREA,KOR,070,07,2,7.0,10,-70.0,False,False,False,http://www.prnewswire.com/news-releases/network-automation-market-worth-14-42-billion-by-2032--report-by-marketsandmarkets-302877556.html
2026-09-14,2026-09-14,False,CHN,threat,CHINA,CHN,SOUTH KOREA,KOR,012,01,1,-0.4,10,4.0,False,False,False,https://www.edaily.co.kr/News/Read?newsId=02532166645580448&mediaCodeNo=257
2026-09-14,2026-09-14,False,JPN,threat,TOYOTA,JPN,HYUNDAI,KOR,042,04,1,1.9,5,-9.5,False,False,False,https://www.topspeed.com/toyota-hybrid-costs-less-to-fuel-than-compact-cars/
2026-09-14,2026-09-14,False,JPN,threat,TOYOTA,JPN,HYUNDAI,KOR,020,02,1,3.0,5,-15.0,False,False,False,https://www.businessday.co.za/motoring/2026-09-14-trump-throws-us-auto-industry-a-curveball-on-chinese-cars/
2026-09-14,2026-09-14,False,JPN,threat,JAPAN,JPN,SOUTH KOREA,KOR,043,04,1,2.8,5,-14.0,False,False,False,https://news.tuoitre.vn/in-vietnam-banks-offer-gold-villas-in-race-for-deposits-103260914140407104.htm
2026-09-14,2026-09-14,False,JPN,threat,JAPAN,JPN,SOUTH KOREA,KOR,040,04,1,1.0,10,-10.0,False,False,False,https://www.news247.gr/travel/iaponia-notia-korea-to-sindiastiko-taxidi-zois-stin-asia/
2026-09-14,2026-09-14,False,JPN,threat,JAPAN,JPN,SOUTH KOREA,KOR,062,06,2,7.4,2,-14.8,False,False,False,https://aa.com.tr/en/asia-pacific/north-korea-says-held-joint-firepower-attack-drill-of-long-range-artillery-missile-units/4056322
2026-09-14,2026-09-14,False,JPN,threat,JAPAN,JPN,SOUTH KOREA,KOR,062,06,2,7.4,8,-59.2,False,False,False,https://aa.com.tr/en/asia-pacific/north-korea-says-held-joint-firepower-attack-drill-of-long-range-artillery-missile-units/4056322
2026-09-14,2026-09-14,False,JPN,threat,JAPAN,JPN,SOUTH KOREA,KOR,120,12,3,-4.0,1,4.0,False,False,False,http://www.bjreview.com/Opinion/Voice/202609/t20260914_800446644.html
2026-09-14,2026-09-14,False,JPN,threat,JAPANESE,JPN,SEOUL,KOR,043,04,1,2.8,1,-2.8,False,False,False,http://www.bjreview.com/Opinion/Voice/202609/t20260914_800446644.html
2026-09-14,2026-09-14,False,JPN,threat,JAPAN,JPN,SOUTH KOREA,KOR,120,12,3,-4.0,1,4.0,False,False,False,http://www.bjreview.com/Opinion/Voice/202609/t20260914_800446644.html
2026-09-14,2026-09-14,False,JPN,threat,JAPAN,JPN,REPUBLIC OF KOREA,KOR,051,05,1,3.4,4,-13.6,False,False,False,https://www.theepochtimes.com/world/north-korea-launches-ballistic-cruise-missiles-in-live-fire-drill-6087108
2026-09-14,2026-09-14,False,JPN,threat,JAPAN,JPN,REPUBLIC OF KOREA,KOR,051,05,1,3.4,6,-20.4,True,False,False,https://www.theepochtimes.com/world/north-korea-launches-ballistic-cruise-missiles-in-live-fire-drill-6087108
2026-09-14,2026-09-14,False,USA,response,SOUTH KOREA,KOR,UNITED STATES,USA,043,04,1,2.8,3,-8.4,False,False,False,https://world.kbs.co.kr/service/news_view.htm?lang=e&Seq_Code=204407
2026-09-14,2026-09-14,False,USA,response,INCHEON,KOR,WASHINGTON,USA,043,04,1,2.8,2,-5.6,False,False,False,https://world.kbs.co.kr/service/news_view.htm?lang=e&Seq_Code=204407
2026-09-14,2026-09-14,False,USA,response,SOUTH KOREA,KOR,UNITED STATES,USA,043,04,1,2.8,2,-5.6,False,False,False,https://world.kbs.co.kr/service/news_view.htm?lang=e&Seq_Code=204407
2026-09-14,2026-09-14,False,USA,response,INCHEON,KOR,UNITED STATES,USA,043,04,1,2.8,1,-2.8,False,False,False,https://world.kbs.co.kr/service/news_view.htm?lang=e&Seq_Code=204407
2026-09-14,2026-09-14,False,JPN,response,HYUNDAI,KOR,TOYOTA,JPN,043,04,1,2.8,5,-14.0,False,False,False,https://www.topspeed.com/toyota-hybrid-costs-less-to-fuel-than-compact-cars/
2026-09-14,2026-09-14,False,USA,response,SAMSUNG,KOR,QUALCOMM,USA,020,02,1,3.0,10,-30.0,False,False,False,https://kbench.com/?q=node/281875
2026-09-14,2026-09-14,False,JPN,response,SOUTH KOREA,KOR,JAPAN,JPN,080,08,2,5.0,1,-5.0,False,False,False,https://finance.yahoo.com/markets/stocks/articles/asian-shares-mixed-openai-investor-050937248.html
2026-09-14,2026-09-14,False,PRK,response,REPUBLIC OF KOREA,KOR,NORTH KOREA,PRK,042,04,1,1.9,2,-3.8,False,False,False,https://cpa.org.au/guardian/issue-2206/vale-ray-ferguson/
2026-09-14,2026-09-14,False,PRK,response,REPUBLIC OF KOREA,KOR,NORTH KOREA,PRK,042,04,1,1.9,4,-7.6,False,False,False,https://cpa.org.au/guardian/issue-2206/vale-ray-ferguson/
2026-09-14,2026-09-14,False,USA,response,SOUTH KOREA,KOR,UNITED STATES,USA,043,04,1,2.8,2,-5.6,False,False,False,https://www.koreatimes.co.kr/foreignaffairs/20260914/seoul-risks-being-sidelined-if-us-nk-talks-resume-victor-cha-warns
2026-09-14,2026-09-14,False,RUS,response,SOUTH KOREA,KOR,RUSSIA,RUS,0332,03,1,5.2,1,-5.2,False,False,False,https://focus.ua/politics/767674-severnaya-koreya-gotova-otpravit-v-rossiyu-50-tysyach-voennyh-zachem-eto-nuzhno-kim-chen-inu
2026-09-14,2026-09-14,False,PRK,response,SOUTH KOREA,KOR,NORTH KOREA,PRK,010,01,1,0.0,1,-0.0,False,False,False,https://abcnews.com/International/wireStory/north-korea-recent-live-fire-drill-demonstrated-huge-136412674
2026-09-14,2026-09-14,False,RUS,response,SOUTH KOREA,KOR,RUSSIAN,RUS,072,07,2,8.3,1,-8.3,False,False,False,https://society.comments.ua/news/developments/si-bet-trevogu-s-kem-soyuza-putina-mozhet-stat-bolshoy-problemoy-dlya-kitaya-816069.html
2026-09-14,2026-09-14,False,RUS,response,SOUTH KOREA,KOR,RUSSIA,RUS,072,07,2,8.3,2,-16.6,False,False,False,https://society.comments.ua/news/developments/si-bet-trevogu-s-kem-soyuza-putina-mozhet-stat-bolshoy-problemoy-dlya-kitaya-816069.html
2026-09-14,2026-09-14,False,RUS,response,SOUTH KOREA,KOR,RUSSIA,RUS,072,07,2,8.3,2,-16.6,False,False,False,https://society.comments.ua/news/developments/si-bet-trevogu-s-kem-soyuza-putina-mozhet-stat-bolshoy-problemoy-dlya-kitaya-816069.html
2026-09-14,2026-09-14,False,CHN,response,SOUTH KOREA,KOR,CHINA,CHN,036,03,1,4.0,1,-4.0,False,False,False,https://spacewar.com/washington-beijing-flexing-muscles-in-trade-dispute-999/
2026-09-14,2026-09-14,False,CHN,response,SEOUL,KOR,CHINA,CHN,010,01,1,0.0,8,-0.0,False,False,False,https://www.theatlantic.com/international/2026/09/trump-xi-china-negotiation/688600/
2026-09-14,2026-09-14,False,CHN,response,SEOUL,KOR,CHINA,CHN,020,02,1,3.0,8,-24.0,False,False,False,https://www.theatlantic.com/international/2026/09/trump-xi-china-negotiation/688600/
2026-09-14,2026-09-14,False,CHN,response,SEOUL,KOR,CHINA,CHN,193,19,4,-10.0,8,80.0,False,False,False,https://www.ohmynews.com/NWS_Web/Series/series_premium_pg.aspx?CNTN_CD=A0003267013&PAGE_CD=N0002&CMPT_CD=M0112
2026-09-14,2026-09-14,False,USA,response,SEOUL,KOR,THE US,USA,030,03,1,4.0,2,-8.0,False,False,False,http://www.thejakartapost.com/opinion/2026/09/14/korean-troops-for-the-us-israeli-war-against-iran
2026-09-14,2026-09-14,False,USA,response,SOUTH KOREA,KOR,THE US,USA,030,03,1,4.0,6,-24.0,False,False,False,http://www.thejakartapost.com/opinion/2026/09/14/korean-troops-for-the-us-israeli-war-against-iran
2026-09-14,2026-09-14,False,USA,response,SEOUL,KOR,WASHINGTON,USA,040,04,1,1.0,2,-2.0,False,False,False,https://thediplomat.com/2026/09/north-korea-confirms-september-12-missile-launch-was-joint-firepower-drill/
2026-09-14,2026-09-14,False,JPN,response,SOUTH KOREA,KOR,JAPAN,JPN,080,08,2,5.0,1,-5.0,False,False,False,https://finance.yahoo.com/markets/stocks/articles/asian-shares-mixed-openai-investor-050937248.html
2026-09-14,2026-09-14,False,PRK,response,SOUTH KOREA,KOR,NORTH KOREA,PRK,046,04,1,7.0,1,-7.0,False,False,False,https://www.hani.co.kr/arti/english_edition/english_editorials/1277765.html
2026-09-14,2026-09-14,False,JPN,response,SOUTH KOREA,KOR,JAPAN,JPN,062,06,2,7.4,8,-59.2,False,False,False,https://aa.com.tr/en/asia-pacific/north-korea-says-held-joint-firepower-attack-drill-of-long-range-artillery-missile-units/4056322
2026-09-14,2026-09-14,False,JPN,response,SOUTH KOREA,KOR,JAPAN,JPN,150,15,4,-7.2,4,28.8,True,False,False,https://www.asiaone.com/asia/north-korea-held-live-fire-drills-involving-artillery-and-missiles-kcna-says
2026-09-14,2026-09-14,False,JPN,response,SOUTH KOREA,KOR,JAPAN,JPN,040,04,1,1.0,6,-6.0,False,False,False,https://www.standartnews.com/svyat/brakat-putin-kim-chen-un-obarka-smetkite-na-si-czinpin-646876.html
2026-09-14,2026-09-14,False,JPN,response,SOUTH KOREA,KOR,JAPAN,JPN,194,19,4,-10.0,4,40.0,True,False,False,https://www.koreaherald.com/article/10872027
2026-09-14,2026-09-14,False,RUS,response,SOUTH KOREA,KOR,RUSSIAN,RUS,072,07,2,8.3,1,-8.3,False,False,False,https://society.comments.ua/news/developments/si-bet-trevogu-s-kem-soyuza-putina-mozhet-stat-bolshoy-problemoy-dlya-kitaya-816069.html
2026-09-14,2026-09-14,False,JPN,response,SOUTH KOREA,KOR,JAPAN,JPN,194,19,4,-10.0,3,30.0,False,False,False,https://www.channelnewsasia.com/east-asia/north-korea-says-it-conducted-firepower-attack-drill-6381906
2026-09-14,2026-09-14,False,PRK,response,SOUTH KOREA,KOR,NORTH KOREA,PRK,194,19,4,-10.0,7,70.0,False,False,False,https://www.channelnewsasia.com/east-asia/north-korea-says-it-conducted-firepower-attack-drill-6381906
2026-09-14,2026-09-14,False,PRK,response,SOUTH KOREA,KOR,NORTH KOREA,PRK,150,15,4,-7.2,2,14.4,False,False,False,https://www.dw.com/en/north-korea-says-recent-drill-shows-huge-destructive-power/a-79255028
2026-09-14,2026-09-14,False,JPN,response,SEOUL,KOR,JAPANESE,JPN,042,04,1,1.9,1,-1.9,False,False,False,http://www.bjreview.com/Opinion/Voice/202609/t20260914_800446644.html
2026-09-14,2026-09-14,False,JPN,response,SEOUL,KOR,JAPANESE,JPN,120,12,3,-4.0,1,4.0,False,False,False,http://www.bjreview.com/Opinion/Voice/202609/t20260914_800446644.html
2026-09-14,2026-09-14,False,JPN,response,SOUTH KOREA,KOR,JAPAN,JPN,040,04,1,1.0,2,-2.0,False,False,False,https://www.news247.gr/travel/iaponia-notia-korea-to-sindiastiko-taxidi-zois-stin-asia/
2026-09-14,2026-09-14,False,JPN,response,SOUTH KOREA,KOR,JAPAN,JPN,040,04,1,1.0,8,-8.0,False,False,False,https://www.news247.gr/travel/iaponia-notia-korea-to-sindiastiko-taxidi-zois-stin-asia/
2026-09-14,2026-09-14,False,RUS,response,REPUBLIC OF KOREA,KOR,RUSSIA,RUS,080,08,2,5.0,1,-5.0,False,False,False,https://cpa.org.au/guardian/issue-2206/global-briefs/
2026-09-14,2026-09-14,False,PRK,response,SOUTH KOREA,KOR,NORTH KOREA,PRK,194,19,4,-10.0,10,100.0,False,False,False,https://www.cnnindonesia.com/internasional/20260914074145-113-1403529/korut-simulasi-tembak-artileri-jarak-jauh-hingga-rudal-besar-besaran
2026-09-14,2026-09-14,False,PRK,response,SOUTH KOREA,KOR,NORTH KOREA,PRK,150,15,4,-7.2,6,43.2,False,False,False,https://www.dw.com/en/north-korea-says-recent-drill-shows-huge-destructive-power/a-79255028
2026-09-14,2026-09-14,False,PRK,response,SOUTH KOREA,KOR,NORTH KOREA,PRK,150,15,4,-7.2,2,14.4,False,False,False,https://www.dw.com/en/north-korea-says-recent-drill-shows-huge-destructive-power/a-79255028
2026-09-14,2026-09-14,False,PRK,response,SEOUL,KOR,NORTH KOREA,PRK,073,07,2,7.4,10,-74.0,False,False,False,https://www.nknews.org/2026/09/seoul-plans-to-donate-medical-equipment-to-one-of-north-koreas-major-hospitals/
2026-09-14,2026-09-14,False,PRK,response,SOUTH KOREA,KOR,NORTH KOREA,PRK,042,04,1,1.9,2,-3.8,True,False,False,https://www.thehindu.com/news/international/north-korea-says-its-recent-live-fire-drill-demonstrated-huge-destructive-power/article71465327.ece
2026-09-14,2026-09-14,False,PRK,response,SOUTH KOREA,KOR,NORTH KOREA,PRK,194,19,4,-10.0,2,20.0,True,False,False,https://www.dailystar.co.uk/news/world-news/ww3-edges-closer-despot-nations-37659094
2026-09-14,2026-09-14,False,PRK,response,SOUTH KOREA,KOR,NORTH KOREA,PRK,042,04,1,1.9,4,-7.6,True,False,False,https://www.2news.com/news/national/north-korea-says-its-recent-live-fire-drill-demonstrated-huge-destructive-power/article_aa4a0b30-0c8d-5fe6-b917-3b6752897e47.html
2026-09-14,2026-09-14,False,PRK,response,SOUTH KOREA,KOR,NORTH KOREA,PRK,194,19,4,-10.0,10,100.0,True,False,False,https://www.stripes.com/theaters/asia_pacific/2026-09-14/north-korea-ballistic-missiles-attack-drones-22847758.html
2026-09-14,2026-09-14,False,PRK,response,SOUTH KOREA,KOR,NORTH KOREA,PRK,194,19,4,-10.0,2,20.0,False,False,False,https://thediplomat.com/2026/09/north-korea-confirms-september-12-missile-launch-was-joint-firepower-drill/
2026-09-14,2026-09-14,False,PRK,response,SOUTH KOREA,KOR,NORTH KOREA,PRK,194,19,4,-10.0,4,40.0,True,False,False,https://thediplomat.com/2026/09/north-korea-confirms-september-12-missile-launch-was-joint-firepower-drill/
2026-09-14,2026-09-14,False,PRK,response,SOUTH KOREA,KOR,NORTH KOREA,PRK,042,04,1,1.9,16,-30.4,True,False,False,https://www.2news.com/news/national/north-korea-says-its-recent-live-fire-drill-demonstrated-huge-destructive-power/article_aa4a0b30-0c8d-5fe6-b917-3b6752897e47.html
2026-09-14,2026-09-14,False,PRK,response,SOUTH KOREA,KOR,NORTH KOREA,PRK,042,04,1,1.9,2,-3.8,True,False,False,https://economictimes.indiatimes.com/news/defence/north-korea-says-its-recent-live-fire-drill-demonstrated-huge-destructive-power/articleshow/134230682.cms
2026-09-14,2026-09-14,False,PRK,response,SOUTH KOREA,KOR,NORTH KOREA,PRK,194,19,4,-10.0,6,60.0,True,False,False,https://www.dailystar.co.uk/news/world-news/ww3-edges-closer-despot-nations-37659094
2026-09-14,2026-09-14,False,PRK,response,SOUTH KOREA,KOR,NORTH KOREA,PRK,194,19,4,-10.0,2,20.0,True,False,False,https://www.dailystar.co.uk/news/world-news/ww3-edges-closer-despot-nations-37659094
2026-09-14,2026-09-14,False,PRK,response,SOUTH KOREA,KOR,NORTH KOREA,PRK,042,04,1,1.9,18,-34.2,True,False,False,https://www.queanbeyanage.com.au/story/9349684/nkorea-says-drill-demonstrated-huge-destructive-power/
2026-09-14,2026-09-14,False,PRK,response,SOUTH KOREA,KOR,NORTH KOREA,PRK,042,04,1,1.9,12,-22.8,True,False,False,https://www.queanbeyanage.com.au/story/9349684/nkorea-says-drill-demonstrated-huge-destructive-power/
2026-09-14,2026-09-14,False,PRK,response,SOUTH KOREA,KOR,NORTH KOREA,PRK,073,07,2,7.4,2,-14.8,False,False,False,https://www.politika.rs/scc/clanak/785268/seul-spremio-medicinsku-pomoc-za-pjongjang-ceka-se-samo-odluka-severne-koreje
2026-09-14,2026-09-14,False,PRK,response,SOUTH KOREA,KOR,NORTH KOREA,PRK,190,19,4,-10.0,1,10.0,True,False,False,https://www.unian.ua/world/pivnichna-koreya-mozhe-kinuti-na-viynu-shche-desyatki-tisyach-soldativ-shcho-zadumav-kim-chen-in-13498779.html
2026-09-14,2026-09-14,False,RUS,response,SOUTH KOREA,KOR,RUSSIA,RUS,0332,03,1,5.2,5,-26.0,False,False,False,https://focus.ua/politics/767674-severnaya-koreya-gotova-otpravit-v-rossiyu-50-tysyach-voennyh-zachem-eto-nuzhno-kim-chen-inu
2026-09-14,2026-09-14,False,PRK,response,SOUTH KOREA,KOR,PYONGYANG,PRK,070,07,2,7.0,1,-7.0,False,False,False,https://www.koreaherald.com/article/10872905
2026-09-14,2026-09-14,False,PRK,response,SOUTH KOREA,KOR,PYONGYANG,PRK,100,10,3,-5.0,6,30.0,False,False,False,https://www.koreatimes.co.kr/foreignaffairs/20260914/seoul-risks-being-sidelined-if-us-nk-talks-resume-victor-cha-warns
2026-09-14,2026-09-14,False,PRK,response,SEOUL,KOR,NORTH KOREA,PRK,194,19,4,-10.0,2,20.0,False,False,False,https://www.internazionale.it/ultime-notizie-reuters/2026/09/14/north-korea-held-live-fire-drills-involving-artillery-and-missiles-kcna-says
2026-09-14,2026-09-14,False,PRK,response,SOUTH KOREA,KOR,NORTH KOREA,PRK,010,01,1,0.0,10,-0.0,True,False,False,https://www.internazionale.it/ultime-notizie-reuters/2026/09/14/north-korea-held-live-fire-drills-involving-artillery-and-missiles-kcna-says
2026-09-14,2026-09-14,False,PRK,response,SOUTH KOREA,KOR,NORTH KOREA,PRK,042,04,1,1.9,5,-9.5,True,False,False,https://www.internazionale.it/ultime-notizie-reuters/2026/09/14/north-korea-held-live-fire-drills-involving-artillery-and-missiles-kcna-says
2026-09-14,2026-09-14,False,PRK,response,SOUTH KOREA,KOR,NORTH KOREAN,PRK,194,19,4,-10.0,10,100.0,False,False,True,http://www.econotimes.com/North-Korea-Holds-Missile-and-Artillery-Drill-1751961
2026-09-14,2026-09-14,False,PRK,response,SOUTH KOREA,KOR,NORTH KOREA,PRK,010,01,1,0.0,1,-0.0,False,False,False,https://www.koreatimes.co.kr/foreignaffairs/20260914/seoul-risks-being-sidelined-if-us-nk-talks-resume-victor-cha-warns
2026-09-14,2026-09-14,False,PRK,response,SOUTH KOREA,KOR,NORTH KOREA,PRK,036,03,1,4.0,2,-8.0,False,False,False,https://www.koreatimes.co.kr/foreignaffairs/20260914/seoul-risks-being-sidelined-if-us-nk-talks-resume-victor-cha-warns
2026-09-14,2026-09-14,False,PRK,response,SOUTH KOREA,KOR,PYONGYANG,PRK,100,10,3,-5.0,1,5.0,False,False,False,https://www.koreatimes.co.kr/foreignaffairs/20260914/seoul-risks-being-sidelined-if-us-nk-talks-resume-victor-cha-warns
2026-09-14,2026-09-14,False,PRK,response,SOUTH KOREA,KOR,NORTH KOREA,PRK,010,01,1,0.0,1,-0.0,False,False,False,https://www.koreatimes.co.kr/foreignaffairs/20260914/seoul-risks-being-sidelined-if-us-nk-talks-resume-victor-cha-warns
2026-09-14,2026-09-14,False,PRK,response,SOUTH KOREA,KOR,PYONGYANG,PRK,100,10,3,-5.0,1,5.0,False,False,False,https://www.koreatimes.co.kr/foreignaffairs/20260914/seoul-risks-being-sidelined-if-us-nk-talks-resume-victor-cha-warns
2026-09-14,2026-09-14,False,PRK,response,SOUTH KOREA,KOR,NORTH KOREAN,PRK,046,04,1,7.0,7,-49.0,False,False,False,https://www.hani.co.kr/arti/english_edition/english_editorials/1277765.html
2026-09-14,2026-09-14,False,PRK,response,SEOUL,KOR,PYONGYANG,PRK,073,07,2,7.4,6,-44.4,False,False,False,https://www.politika.rs/scc/clanak/785268/seul-spremio-medicinsku-pomoc-za-pjongjang-ceka-se-samo-odluka-severne-koreje
2026-09-14,2026-09-14,False,PRK,response,SEOUL,KOR,NORTH KOREA,PRK,190,19,4,-10.0,10,100.0,False,False,False,https://www.dailynews.co.th/news/6187374/
2026-09-14,2026-09-14,False,PRK,response,SOUTH KOREA,KOR,DPRK,PRK,043,04,1,2.8,2,-5.6,False,False,False,https://war.obozrevatel.com/ukr/kndr-mozhe-vidpraviti-na-pidmogu-rosii-desyatki-tisyach-vijskovih-u-bbc-rozkrili-podrobitsi.htm
2026-09-14,2026-09-14,False,PRK,response,SOUTH KOREA,KOR,NORTH KOREA,PRK,090,09,2,-2.0,16,32.0,False,False,False,https://www.index.hr/vijesti/clanak/sjeverna-koreja-vjezbala-napade-balistickim-i-krstarecim-raketama/2834091.aspx?index_tid=1153119&index_ref=naslovnica_vijesti_ostalo_d_1
2026-09-14,2026-09-14,False,PRK,response,SOUTH KOREA,KOR,NORTH KOREA,PRK,090,09,2,-2.0,4,8.0,False,False,False,https://www.index.hr/vijesti/clanak/sjeverna-koreja-vjezbala-napade-balistickim-i-krstarecim-raketama/2834091.aspx?index_tid=1153119&index_ref=naslovnica_vijesti_ostalo_d_1
2026-09-14,2026-09-14,False,PRK,response,SOUTH KOREA,KOR,NORTH KOREA,PRK,042,04,1,1.9,2,-3.8,True,False,False,https://www.wdsu.com/article/north-korea-live-fire-drill-huge-destructive-power/73713333
2026-09-14,2026-09-14,False,PRK,response,SOUTH KOREA,KOR,NORTH KOREA,PRK,042,04,1,1.9,4,-7.6,True,False,False,https://www.koat.com/article/north-korea-live-fire-drill-huge-destructive-power/73713333
2026-09-14,2026-09-14,False,USA,response,SEOUL,KOR,MICHIGAN,USA,046,04,1,7.0,10,-70.0,False,False,True,https://biz.heraldcorp.com/article/10872352
2026-09-14,2026-09-14,False,USA,response,SOUTH KOREA,KOR,UNITED STATES,USA,190,19,4,-10.0,2,20.0,False,False,False,https://www.novinky.cz/clanek/zahranicni-nekolik-slozek-severokorejske-armady-podniklo-spolecne-cviceni-s-ostrou-strelbou-40597508
2026-09-14,2026-09-14,False,PRK,response,SOUTH KOREA,KOR,DPRK,PRK,043,04,1,2.8,4,-11.2,False,False,False,https://war.obozrevatel.com/ukr/kndr-mozhe-vidpraviti-na-pidmogu-rosii-desyatki-tisyach-vijskovih-u-bbc-rozkrili-podrobitsi.htm
2026-09-14,2026-09-14,False,PRK,response,SOUTH KOREA,KOR,DPRK,PRK,043,04,1,2.8,4,-11.2,False,False,False,https://war.obozrevatel.com/ukr/kndr-mozhe-vidpraviti-na-pidmogu-rosii-desyatki-tisyach-vijskovih-u-bbc-rozkrili-podrobitsi.htm
2026-09-14,2026-09-14,False,USA,response,SAMSUNG,KOR,MICHIGAN,USA,017,01,1,0.0,10,-0.0,False,False,True,http://inews24.com/view/2005511
2026-09-14,2026-09-14,False,USA,response,SOUTH KOREA,KOR,MICHIGAN,USA,042,04,1,1.9,1,-1.9,False,False,False,https://www.abc12.com/news/business/gov-whitmer-heads-to-south-korea-to-chase-michigan-jobs/article_15066e1f-4f7d-4a68-8e86-d7f73cc9f2ae.html
2026-09-14,2026-09-14,False,USA,response,SOUTH KOREA,KOR,MICHIGAN,USA,042,04,1,1.9,8,-15.2,False,False,False,https://www.abc12.com/news/business/gov-whitmer-heads-to-south-korea-to-chase-michigan-jobs/article_15066e1f-4f7d-4a68-8e86-d7f73cc9f2ae.html
2026-09-14,2026-09-14,False,USA,response,SOUTH KOREA,KOR,THE US,USA,062,06,2,7.4,8,-59.2,False,False,False,https://aa.com.tr/en/asia-pacific/north-korea-says-held-joint-firepower-attack-drill-of-long-range-artillery-missile-units/4056322
2026-09-14,2026-09-14,False,JPN,response,SOUTH KOREA,KOR,JAPAN,JPN,062,06,2,7.4,2,-14.8,False,False,False,https://aa.com.tr/en/asia-pacific/north-korea-says-held-joint-firepower-attack-drill-of-long-range-artillery-missile-units/4056322
2026-09-14,2026-09-14,False,USA,response,SOUTH KOREA,KOR,THE US,USA,062,06,2,7.4,2,-14.8,False,False,False,https://aa.com.tr/en/asia-pacific/north-korea-says-held-joint-firepower-attack-drill-of-long-range-artillery-missile-units/4056322
2026-09-14,2026-09-14,False,PRK,response,SOUTH KOREA,KOR,NORTH KOREA,PRK,194,19,4,-10.0,2,20.0,True,False,False,https://thediplomat.com/2026/09/north-korea-confirms-september-12-missile-launch-was-joint-firepower-drill/
2026-09-14,2026-09-14,False,USA,response,SEOUL,KOR,THE US,USA,090,09,2,-2.0,10,20.0,False,False,False,https://www.insight.co.kr/news/573441
2026-09-14,2026-09-14,False,CHN,response,SOUTH KOREA,KOR,CHINA,CHN,036,03,1,4.0,1,-4.0,False,False,False,https://spacewar.com/washington-beijing-flexing-muscles-in-trade-dispute-999/
2026-09-14,2026-09-14,False,PRK,response,SOUTH KOREA,KOR,NORTH KOREA,PRK,042,04,1,1.9,2,-3.8,True,False,False,https://www.winnipegfreepress.com/world/2026/09/13/north-korea-says-its-recent-live-fire-drill-demonstrated-huge-destructive-power
2026-09-14,2026-09-14,False,PRK,response,SOUTH KOREA,KOR,NORTH KOREA,PRK,042,04,1,1.9,2,-3.8,False,False,False,https://abcnews.com/International/wireStory/north-korea-recent-live-fire-drill-demonstrated-huge-136412674
2026-09-14,2026-09-14,False,JPN,response,SOUTH KOREA,KOR,JAPAN,JPN,150,15,4,-7.2,1,7.2,True,False,False,https://www.asiaone.com/asia/north-korea-held-live-fire-drills-involving-artillery-and-missiles-kcna-says
2026-09-14,2026-09-14,False,USA,response,SEOUL,KOR,REUTERS,USA,013,01,1,0.4,7,-2.8,False,False,False,https://lufkindailynews.com/news_reuters/business/samsung-sk-hynix-reject-kepcos-19-billion-power-prepayment-proposal-document-shows/article_0b3de4b9-3e56-55b7-9dc1-af7ae5045229.html
2026-09-14,2026-09-14,False,PRK,response,SOUTH KOREA,KOR,NORTH KOREA,PRK,010,01,1,0.0,2,-0.0,False,False,False,https://abcnews.com/International/wireStory/north-korea-recent-live-fire-drill-demonstrated-huge-136412674
2026-09-14,2026-09-14,False,PRK,response,SOUTH KOREA,KOR,NORTH KOREA,PRK,042,04,1,1.9,2,-3.8,False,False,False,https://abcnews.com/International/wireStory/north-korea-recent-live-fire-drill-demonstrated-huge-136412674
2026-09-14,2026-09-14,False,PRK,response,SOUTH KOREA,KOR,NORTH KOREA,PRK,042,04,1,1.9,2,-3.8,True,False,False,https://abcnews.com/International/wireStory/north-korea-recent-live-fire-drill-demonstrated-huge-136412674
2026-09-14,2026-09-14,False,USA,response,SOUTH KOREA,KOR,THE US,USA,030,03,1,4.0,2,-8.0,False,False,False,http://www.thejakartapost.com/opinion/2026/09/14/korean-troops-for-the-us-israeli-war-against-iran
2026-09-14,2026-09-14,False,USA,response,SEOUL,KOR,US AMBASSADOR,USA,040,04,1,1.0,7,-7.0,False,False,True,https://www.koreatimes.co.kr/foreignaffairs/20260914/us-ambassador-seouls-vice-fm-discuss-implementation-of-summit-agreements
2026-09-14,2026-09-14,False,JPN,response,SOUTH KOREA,KOR,JAPAN,JPN,040,04,1,1.0,2,-2.0,False,False,False,https://www.standartnews.com/svyat/brakat-putin-kim-chen-un-obarka-smetkite-na-si-czinpin-646876.html
2026-09-14,2026-09-14,False,USA,response,SEOUL,KOR,AMERICAN,USA,114,11,3,-2.0,8,16.0,False,False,False,https://www.koreaherald.com/article/10872650
2026-09-14,2026-09-14,False,PRK,response,SOUTH KOREA,KOR,DPRK,PRK,043,04,1,2.8,10,-28.0,False,False,False,https://war.obozrevatel.com/kndr-mozhet-otpravit-na-pomosch-rossii-desyatki-tyisyach-voennyih-v-bbc-raskryili-podrobnosti.htm
2026-09-14,2026-09-14,False,RUS,response,SOUTH KOREA,KOR,RUSSIA,RUS,154,15,4,-7.2,2,14.4,False,False,False,https://war.obozrevatel.com/kndr-mozhet-otpravit-na-pomosch-rossii-desyatki-tyisyach-voennyih-v-bbc-raskryili-podrobnosti.htm
2026-09-14,2026-09-14,False,USA,response,SOUTH KOREA,KOR,UNITED STATES,USA,030,03,1,4.0,4,-16.0,False,False,False,https://world.kbs.co.kr/service/news_view.htm?lang=e&Seq_Code=204230
2026-09-14,2026-09-14,False,USA,response,SEOUL,KOR,UNITED STATES,USA,036,03,1,4.0,4,-16.0,False,False,False,https://world.kbs.co.kr/service/news_view.htm?lang=e&Seq_Code=204230
2026-09-14,2026-09-14,False,PRK,response,SEOUL,KOR,PYONGYANG,PRK,023,02,1,3.4,8,-27.2,False,False,False,https://www.politika.rs/scc/clanak/785268/seul-spremio-medicinsku-pomoc-za-pjongjang-ceka-se-samo-odluka-severne-koreje
2026-09-14,2026-09-14,False,USA,response,SEOUL,KOR,UNITED STATES,USA,193,19,4,-10.0,10,100.0,False,False,True,https://biz.heraldcorp.com/article/10872410
2026-09-14,2026-09-14,False,JPN,response,SOUTH KOREA,KOR,JAPAN,JPN,010,01,1,0.0,6,-0.0,False,False,False,https://www.express.pk/story/2832551/north-korea-conducts-multiple-simultaneous-missile-tests-high-alert-issued-in-south-korea-2832551
2026-09-14,2026-09-14,False,JPN,response,SOUTH KOREA,KOR,JAPAN,JPN,010,01,1,0.0,4,-0.0,False,False,False,https://www.express.pk/story/2832551/north-korea-conducts-multiple-simultaneous-missile-tests-high-alert-issued-in-south-korea-2832551
2026-09-14,2026-09-14,False,USA,response,SOUTH KOREA,KOR,UNITED STATES,USA,040,04,1,1.0,2,-2.0,False,False,False,https://thediplomat.com/2026/09/north-korea-confirms-september-12-missile-launch-was-joint-firepower-drill/
2026-09-14,2026-09-14,False,USA,response,SOUTH KOREA,KOR,WASHINGTON,USA,060,06,2,6.0,2,-12.0,False,False,False,https://www.koreatimes.co.kr/opinion/columns/deskcolumns/20260914/trumps-iran-war-is-not-s-koreas-war
2026-09-14,2026-09-14,False,USA,response,SOUTH KOREA,KOR,WASHINGTON,USA,150,15,4,-7.2,2,14.4,False,False,False,https://www.koreatimes.co.kr/opinion/columns/deskcolumns/20260914/trumps-iran-war-is-not-s-koreas-war
2026-09-14,2026-09-14,False,USA,response,SEOUL,KOR,WASHINGTON,USA,040,04,1,1.0,10,-10.0,False,False,False,https://sana.sy/fr/international/2329521/
2026-09-14,2026-09-14,False,CHN,response,SEOUL,KOR,CHINA,CHN,010,01,1,0.0,2,-0.0,False,False,False,https://www.theatlantic.com/international/2026/09/trump-xi-china-negotiation/688600/
2026-09-14,2026-09-14,False,CHN,response,SEOUL,KOR,CHINA,CHN,020,02,1,3.0,2,-6.0,False,False,False,https://www.theatlantic.com/international/2026/09/trump-xi-china-negotiation/688600/
2026-09-14,2026-09-14,False,USA,response,SEOUL,KOR,UNITED STATES,USA,193,19,4,-10.0,10,100.0,False,False,True,https://biz.heraldcorp.com/article/10872597
2026-09-14,2026-09-14,False,USA,response,SOUTH KOREA,KOR,UNITED STATES,USA,040,04,1,1.0,6,-6.0,False,False,False,https://www.edaily.co.kr/News/Read?newsId=04998726645580120&mediaCodeNo=257
2026-09-14,2026-09-14,False,PRK,response,SOUTH KOREA,KOR,PYONGYANG,PRK,070,07,2,7.0,1,-7.0,False,False,False,https://www.koreaherald.com/article/10872905
2026-09-14,2026-09-14,False,PRK,response,SEOUL,KOR,N. KOREA,PRK,033,03,1,5.2,10,-52.0,False,False,False,https://www.koreaherald.com/article/10872502
2026-09-14,2026-09-14,False,PRK,response,SOUTH KOREA,KOR,NORTH KOREA,PRK,010,01,1,0.0,1,-0.0,False,False,False,https://abcnews.com/International/wireStory/north-korea-recent-live-fire-drill-demonstrated-huge-136412674
2026-09-14,2026-09-14,False,RUS,response,SOUTH KOREA,KOR,RUSSIA,RUS,020,02,1,3.0,2,-6.0,False,False,False,https://zhasalash.kz/news/soltustk-koreya-artilleriya-zhane-zimiran-askerlernn-oku-zhattiguin-otkzd-93fa6b/
2026-09-14,2026-09-14,False,RUS,response,SOUTH KOREA,KOR,RUSSIA,RUS,020,02,1,3.0,2,-6.0,False,False,False,https://zhasalash.kz/news/soltustk-koreya-artilleriya-zhane-zimiran-askerlernn-oku-zhattiguin-otkzd-93fa6b/
2026-09-14,2026-09-14,False,RUS,response,REPUBLIC OF KOREA,KOR,RUSSIA,RUS,080,08,2,5.0,7,-35.0,False,False,False,https://cpa.org.au/guardian/issue-2206/global-briefs/
2026-09-14,2026-09-14,False,RUS,response,SOUTH KOREA,KOR,RUSSIA,RUS,072,07,2,8.3,2,-16.6,False,False,False,https://war.obozrevatel.com/kndr-mozhet-otpravit-na-pomosch-rossii-desyatki-tyisyach-voennyih-v-bbc-raskryili-podrobnosti.htm
2026-09-14,2026-09-14,False,RUS,response,SOUTH KOREA,KOR,RUSSIA,RUS,072,07,2,8.3,6,-49.8,False,False,False,https://war.obozrevatel.com/kndr-mozhet-otpravit-na-pomosch-rossii-desyatki-tyisyach-voennyih-v-bbc-raskryili-podrobnosti.htm
2026-09-14,2026-09-14,False,RUS,response,SOUTH KOREA,KOR,RUSSIA,RUS,072,07,2,8.3,2,-16.6,True,False,False,https://www.standartnews.com/svyat/brakat-putin-kim-chen-un-obarka-smetkite-na-si-czinpin-646876.html
2026-09-14,2026-09-14,False,RUS,response,SOUTH KOREA,KOR,RUSSIA,RUS,051,05,1,3.4,2,-6.8,False,False,False,https://www.unian.net/world/rossiya-i-kndr-chto-vyzyvaet-bespokoystvo-u-kitaya-v-svyazi-s-etim-soyuzom-13498680.html
2026-09-14,2026-09-14,False,RUS,response,SOUTH KOREAN,KOR,RUSSIA,RUS,072,07,2,8.3,4,-33.2,False,False,False,https://www.standartnews.com/svyat/brakat-putin-kim-chen-un-obarka-smetkite-na-si-czinpin-646876.html
2026-09-14,2026-09-14,False,RUS,response,SOUTH KOREAN,KOR,RUSSIA,RUS,072,07,2,8.3,4,-33.2,True,False,False,https://www.standartnews.com/svyat/brakat-putin-kim-chen-un-obarka-smetkite-na-si-czinpin-646876.html
2026-09-14,2026-09-14,False,PRK,response,SOUTH KOREA,KOR,NORTH KOREAN,PRK,190,19,4,-10.0,6,60.0,True,False,False,https://www.unian.ua/world/pivnichna-koreya-mozhe-kinuti-na-viynu-shche-desyatki-tisyach-soldativ-shcho-zadumav-kim-chen-in-13498779.html
2026-09-14,2026-09-14,False,PRK,response,SOUTH KOREA,KOR,NORTH KOREA,PRK,190,19,4,-10.0,1,10.0,True,False,False,https://www.unian.ua/world/pivnichna-koreya-mozhe-kinuti-na-viynu-shche-desyatki-tisyach-soldativ-shcho-zadumav-kim-chen-in-13498779.html
2026-09-14,2026-09-14,False,RUS,response,SOUTH KOREA,KOR,RUSSIA,RUS,154,15,4,-7.2,2,14.4,False,False,False,https://war.obozrevatel.com/kndr-mozhet-otpravit-na-pomosch-rossii-desyatki-tyisyach-voennyih-v-bbc-raskryili-podrobnosti.htm
2026-09-14,2026-09-14,False,RUS,response,SOUTH KOREA,KOR,RUSSIA,RUS,154,15,4,-7.2,4,28.8,False,False,False,https://war.obozrevatel.com/kndr-mozhet-otpravit-na-pomosch-rossii-desyatki-tyisyach-voennyih-v-bbc-raskryili-podrobnosti.htm
2026-09-14,2026-09-14,False,RUS,response,SOUTH KOREA,KOR,RUSSIA,RUS,051,05,1,3.4,6,-20.4,False,False,False,https://www.unian.net/world/rossiya-i-kndr-chto-vyzyvaet-bespokoystvo-u-kitaya-v-svyazi-s-etim-soyuzom-13498680.html
2026-09-14,2026-09-14,False,RUS,response,SOUTH KOREA,KOR,RUSSIA,RUS,154,15,4,-7.2,4,28.8,False,False,False,https://www.unian.net/world/rossiya-i-kndr-chto-vyzyvaet-bespokoystvo-u-kitaya-v-svyazi-s-etim-soyuzom-13498680.html
2026-09-14,2026-09-14,False,RUS,response,SOUTH KOREA,KOR,RUSSIA,RUS,072,07,2,8.3,4,-33.2,True,False,False,https://www.emaratalyoum.com/politics/news/2026-09-14-1.2082506
2026-09-14,2026-09-14,False,RUS,response,SOUTH KOREA,KOR,RUSSIA,RUS,072,07,2,8.3,4,-33.2,False,False,False,https://focus.ua/politics/767674-severnaya-koreya-gotova-otpravit-v-rossiyu-50-tysyach-voennyh-zachem-eto-nuzhno-kim-chen-inu
2026-09-14,2026-09-14,False,RUS,response,SOUTH KOREA,KOR,RUSSIA,RUS,072,07,2,8.3,2,-16.6,False,False,False,https://focus.ua/politics/767674-severnaya-koreya-gotova-otpravit-v-rossiyu-50-tysyach-voennyh-zachem-eto-nuzhno-kim-chen-inu
2026-09-14,2026-09-14,False,RUS,response,SOUTH KOREA,KOR,RUSSIA,RUS,072,07,2,8.3,4,-33.2,False,False,False,https://www.unian.ua/world/rosiya-ta-kndr-shcho-viklikaye-zanepokoyennya-u-kitayu-cherez-cey-soyuz-13498683.html
2026-09-14,2026-09-14,False,USA,response,SOUTH KOREA,KOR,UNITED STATES,USA,036,03,1,4.0,1,-4.0,False,False,False,https://www.siasat.com/saudi-pipeline-shutdown-expected-to-have-limited-supply-impact-3541680/
2026-09-14,2026-09-14,False,USA,response,SOUTH KOREA,KOR,UNITED STATES,USA,046,04,1,7.0,1,-7.0,False,False,False,https://www.siasat.com/saudi-pipeline-shutdown-expected-to-have-limited-supply-impact-3541680/
2026-09-14,2026-09-14,False,USA,response,SOUTH KOREA,KOR,UNITED STATES,USA,036,03,1,4.0,2,-8.0,False,False,False,https://www.kmib.co.kr/article/view.asp?arcid=9000011680&code=61172311&sid1=lif
2026-09-14,2026-09-14,False,USA,response,SOUTH KOREA,KOR,UNITED STATES,USA,194,19,4,-10.0,4,40.0,True,False,False,https://www.koreaherald.com/article/10872027
2026-09-14,2026-09-14,False,USA,response,SOUTH KOREA,KOR,UNITED STATES,USA,190,19,4,-10.0,8,80.0,False,False,False,https://www.novinky.cz/clanek/zahranicni-nekolik-slozek-severokorejske-armady-podniklo-spolecne-cviceni-s-ostrou-strelbou-40597508
2026-09-14,2026-09-14,False,USA,response,SEOUL,KOR,UNITED STATES,USA,020,02,1,3.0,10,-30.0,False,False,False,http://inews24.com/view/2005293
2026-09-14,2026-09-14,False,USA,response,HYUNDAI,KOR,UNITED STATES,USA,111,11,3,-2.0,10,20.0,False,False,False,https://www.insight.co.kr/news/573299
2026-09-14,2026-09-14,False,USA,response,ULSAN,KOR,UNITED STATES,USA,042,04,1,1.9,1,-1.9,False,False,False,https://www.edaily.co.kr/News/Read?newsId=02338646645580120&mediaCodeNo=257
2026-09-14,2026-09-14,False,USA,response,SOUTH KOREA,KOR,ALASKA,USA,040,04,1,1.0,10,-10.0,False,False,False,https://www.etoday.co.kr/news/view/2624070
2026-09-14,2026-09-14,False,USA,response,SOUTH KOREA,KOR,UNITED STATES,USA,043,04,1,2.8,2,-5.6,False,False,False,https://www.koreatimes.co.kr/foreignaffairs/20260914/seoul-risks-being-sidelined-if-us-nk-talks-resume-victor-cha-warns
2026-09-14,2026-09-14,False,USA,response,SEOUL,KOR,WASHINGTON,USA,030,03,1,4.0,6,-24.0,False,False,False,https://world.kbs.co.kr/service/news_view.htm?lang=e&Seq_Code=204230
2026-09-14,2026-09-14,False,USA,response,SEOUL,KOR,WASHINGTON,USA,036,03,1,4.0,10,-40.0,False,False,False,https://www.koreaherald.com/article/10872355
2026-09-14,2026-09-14,False,USA,response,SOUTH KOREA,KOR,UNITED STATES,USA,046,04,1,7.0,2,-14.0,False,False,False,https://www.koreaherald.com/article/10872355
2026-09-14,2026-09-14,False,USA,response,SEOUL,KOR,UNITED STATES,USA,036,03,1,4.0,2,-8.0,False,False,False,https://www.koreaherald.com/article/10872355
2026-09-14,2026-09-14,False,USA,response,SEOUL,KOR,WASHINGTON,USA,040,04,1,1.0,6,-6.0,False,False,False,https://thediplomat.com/2026/09/north-korea-confirms-september-12-missile-launch-was-joint-firepower-drill/
2026-09-14,2026-09-14,False,USA,response,SOUTH KOREA,KOR,UNITED STATES,USA,060,06,2,6.0,2,-12.0,False,False,False,https://www.koreatimes.co.kr/opinion/columns/deskcolumns/20260914/trumps-iran-war-is-not-s-koreas-war
2026-09-14,2026-09-14,False,USA,response,SOUTH KOREA,KOR,WASHINGTON,USA,150,15,4,-7.2,8,57.6,False,False,False,https://www.koreatimes.co.kr/opinion/columns/deskcolumns/20260914/trumps-iran-war-is-not-s-koreas-war
2026-09-14,2026-09-14,False,USA,response,SOUTH KOREA,KOR,WASHINGTON,USA,060,06,2,6.0,6,-36.0,False,False,False,https://www.koreatimes.co.kr/opinion/columns/deskcolumns/20260914/trumps-iran-war-is-not-s-koreas-war
2026-09-14,2026-09-14,False,USA,response,SAMSUNG,KOR,UNITED STATES,USA,017,01,1,0.0,6,-0.0,False,False,True,https://www.etoday.co.kr/news/view/2625187
2026-09-14,2026-09-14,False,USA,response,SAMSUNG,KOR,UNITED STATES,USA,193,19,4,-10.0,6,60.0,False,False,True,https://www.etoday.co.kr/news/view/2625187
2026-09-14,2026-09-14,False,USA,response,SOUTH KOREA,KOR,MICHIGAN,USA,042,04,1,1.9,5,-9.5,False,False,False,https://www.abc12.com/news/business/gov-whitmer-heads-to-south-korea-to-chase-michigan-jobs/article_15066e1f-4f7d-4a68-8e86-d7f73cc9f2ae.html
2026-09-14,2026-09-14,False,USA,response,SAMSUNG,KOR,MICHIGAN,USA,017,01,1,0.0,4,-0.0,False,False,True,https://www.etoday.co.kr/news/view/2625187
2026-09-14,2026-09-14,False,USA,response,SAMSUNG,KOR,MICHIGAN,USA,193,19,4,-10.0,2,20.0,False,False,True,https://www.etoday.co.kr/news/view/2625187
2026-09-14,2026-09-14,False,USA,response,SAMSUNG,KOR,UNITED STATES,USA,193,19,4,-10.0,2,20.0,False,False,True,https://www.etoday.co.kr/news/view/2625187
2026-09-14,2026-09-14,False,USA,response,SOUTH KOREA,KOR,MICHIGAN,USA,042,04,1,1.9,2,-3.8,False,False,False,https://www.abc12.com/news/business/gov-whitmer-heads-to-south-korea-to-chase-michigan-jobs/article_15066e1f-4f7d-4a68-8e86-d7f73cc9f2ae.html
2026-09-14,2026-09-14,False,USA,response,SOUTH KOREA,KOR,NETFLIX,USA,012,01,1,-0.4,2,0.8,False,False,False,https://www.edaily.co.kr/News/Read?newsId=04637926645580120&mediaCodeNo=257
2026-09-14,2026-09-14,False,JPN,response,SOUTH KOREA,KOR,JAPAN,JPN,042,04,1,1.9,5,-9.5,False,False,False,https://news.tuoitre.vn/in-vietnam-banks-offer-gold-villas-in-race-for-deposits-103260914140407104.htm
2026-09-14,2026-09-14,False,USA,response,HYUNDAI,KOR,NVIDIA,USA,046,04,1,7.0,5,-35.0,False,False,False,https://www.gdnonline.com:443/Details/1406405/Hyundai-Motor-to-roll-out-in-house-driver-assist-system-in-2029
2026-09-14,2026-09-14,False,JPN,response,SOUTH KOREAN,KOR,JAPAN,JPN,010,01,1,0.0,10,-0.0,False,False,False,https://www.theepochtimes.com/world/north-korea-launches-ballistic-cruise-missiles-in-live-fire-drill-6087108
2026-09-14,2026-09-14,False,PRK,response,SOUTH KOREA,KOR,PYONGYANG,PRK,010,01,1,0.0,1,-0.0,True,False,False,https://www.theepochtimes.com/world/north-korea-launches-ballistic-cruise-missiles-in-live-fire-drill-6087108
2026-09-14,2026-09-14,False,PRK,response,SEOUL,KOR,NORTH KOREA,PRK,046,04,1,7.0,2,-14.0,False,False,False,https://www.defensenews.com/global/asia-pacific/2026/09/14/us-south-korean-officials-to-broach-thorny-hormuz-mission-at-talks-this-week/
2026-09-14,2026-09-14,False,RUS,response,SEOUL,KOR,RUSSIAN,RUS,020,02,1,3.0,10,-30.0,False,False,False,https://vz.ru/news/2026/9/14/1451342.html
2026-09-14,2026-09-14,False,CHN,response,SOUTH KOREA,KOR,CHINA,CHN,110,11,3,-2.0,2,4.0,False,False,False,https://www.hani.co.kr/arti/politics/politics_general/1277831.html
2026-09-14,2026-09-14,False,CHN,response,SOUTH KOREA,KOR,CHINA,CHN,110,11,3,-2.0,2,4.0,False,False,False,https://www.hani.co.kr/arti/politics/politics_general/1277831.html
2026-09-14,2026-09-14,False,USA,response,HYUNDAI,KOR,NVIDIA,USA,051,05,1,3.4,2,-6.8,False,False,False,https://insideevs.com:443/news/808227/hyundai-nvidia-atria-ai-autonomous-driving-tesla-fsd/
2026-09-14,2026-09-14,False,USA,response,HYUNDAI,KOR,NVIDIA,USA,051,05,1,3.4,3,-10.2,False,False,False,https://insideevs.com:443/news/808227/hyundai-nvidia-atria-ai-autonomous-driving-tesla-fsd/
2026-09-14,2026-09-14,False,USA,response,SOUTH KOREA,KOR,THE US,USA,120,12,3,-4.0,8,32.0,False,False,False,https://www.edaily.co.kr/News/Read?newsId=02102486645580448&mediaCodeNo=257
2026-09-14,2026-09-14,False,USA,response,SOUTH KOREA,KOR,MICHIGAN,USA,043,04,1,2.8,12,-33.6,False,False,False,https://www.wilx.com/2026/09/14/whitmer-travels-south-korea-attract-michigan-investment/
2026-09-14,2026-09-14,False,USA,response,SOUTH KOREA,KOR,UNITED STATES,USA,043,04,1,2.8,4,-11.2,False,False,False,https://www.wilx.com/2026/09/14/whitmer-travels-south-korea-attract-michigan-investment/
2026-09-14,2026-09-14,False,USA,response,SOUTH KOREA,KOR,UNITED STATES,USA,043,04,1,2.8,2,-5.6,False,False,False,https://www.wilx.com/2026/09/14/whitmer-travels-south-korea-attract-michigan-investment/
2026-09-14,2026-09-14,False,USA,response,SOUTH KOREA,KOR,UNITED STATES,USA,043,04,1,2.8,2,-5.6,False,False,False,https://www.wilx.com/2026/09/14/whitmer-travels-south-korea-attract-michigan-investment/
2026-09-14,2026-09-14,False,PRK,threat,NORTH KOREA,PRK,REPUBLIC OF KOREA,KOR,043,04,1,2.8,2,-5.6,False,False,False,https://cpa.org.au/guardian/issue-2206/vale-ray-ferguson/
2026-09-14,2026-09-14,False,PRK,threat,NORTH KOREA,PRK,SEOUL,KOR,090,09,2,-2.0,7,14.0,False,False,False,https://www.koreaherald.com/article/10872887
2026-09-14,2026-09-14,False,PRK,threat,NORTH KOREAN,PRK,SOUTH KOREA,KOR,046,04,1,7.0,1,-7.0,False,False,False,https://www.hani.co.kr/arti/english_edition/english_editorials/1277765.html
2026-09-14,2026-09-14,False,PRK,threat,NORTH KOREA,PRK,SOUTH KOREA,KOR,112,11,3,-2.0,10,20.0,True,False,False,https://www.segye.com:443/newsView/20260914509716
2026-09-14,2026-09-14,False,PRK,threat,NORTH KOREA,PRK,SOUTH KOREA,KOR,043,04,1,2.8,2,-5.6,True,False,False,https://www.thehindu.com/news/international/north-korea-says-its-recent-live-fire-drill-demonstrated-huge-destructive-power/article71465327.ece
2026-09-14,2026-09-14,False,PRK,threat,NORTH KOREA,PRK,SOUTH KOREA,KOR,043,04,1,2.8,4,-11.2,True,False,False,https://www.2news.com/news/national/north-korea-says-its-recent-live-fire-drill-demonstrated-huge-destructive-power/article_aa4a0b30-0c8d-5fe6-b917-3b6752897e47.html
2026-09-14,2026-09-14,False,PRK,threat,NORTH KOREA,PRK,SOUTH KOREA,KOR,043,04,1,2.8,2,-5.6,True,False,False,https://www.winnipegfreepress.com/world/2026/09/13/north-korea-says-its-recent-live-fire-drill-demonstrated-huge-destructive-power
2026-09-14,2026-09-14,False,PRK,threat,NORTH KOREA,PRK,SOUTH KOREA,KOR,043,04,1,2.8,2,-5.6,False,False,False,https://abcnews.com/International/wireStory/north-korea-recent-live-fire-drill-demonstrated-huge-136412674
2026-09-14,2026-09-14,False,PRK,threat,NORTH KOREA,PRK,SOUTH KOREA,KOR,043,04,1,2.8,2,-5.6,True,False,False,https://www.wdsu.com/article/north-korea-live-fire-drill-huge-destructive-power/73713333
2026-09-14,2026-09-14,False,PRK,threat,NORTH KOREA,PRK,SOUTH KOREA,KOR,043,04,1,2.8,4,-11.2,True,False,False,https://www.koat.com/article/north-korea-live-fire-drill-huge-destructive-power/73713333
2026-09-14,2026-09-14,False,PRK,threat,NORTH KOREAN,PRK,SEOUL,KOR,194,19,4,-10.0,3,30.0,False,False,False,https://timesofindia.indiatimes.com/defence/international/huge-destructive-power-north-korea-holds-live-fire-drill-with-missiles-artillery-and-drones/articleshow/134232714.cms
2026-09-14,2026-09-14,False,PRK,threat,NORTH KOREAN,PRK,SOUTH KOREA,KOR,090,09,2,-2.0,6,12.0,False,False,False,https://www.koreaherald.com/article/10872905
2026-09-14,2026-09-14,False,PRK,threat,NORTH KOREA,PRK,SOUTH KOREA,KOR,150,15,4,-7.2,2,14.4,False,False,False,https://www.koreaherald.com/article/10872905
2026-09-14,2026-09-14,False,PRK,threat,NORTH KOREA,PRK,REPUBLIC OF KOREA,KOR,043,04,1,2.8,4,-11.2,False,False,False,https://cpa.org.au/guardian/issue-2206/vale-ray-ferguson/
2026-09-14,2026-09-14,False,PRK,threat,DPRK,PRK,SOUTH KOREA,KOR,042,04,1,1.9,2,-3.8,False,False,False,https://war.obozrevatel.com/ukr/kndr-mozhe-vidpraviti-na-pidmogu-rosii-desyatki-tisyach-vijskovih-u-bbc-rozkrili-podrobitsi.htm
2026-09-14,2026-09-14,False,PRK,threat,NORTH KOREA,PRK,SOUTH KOREA,KOR,120,12,3,-4.0,1,4.0,False,False,False,https://www.dailystar.co.uk/news/world-news/ww3-edges-closer-despot-nations-37659094
2026-09-14,2026-09-14,False,PRK,threat,NORTH KOREA,PRK,SOUTH KOREA,KOR,043,04,1,2.8,18,-50.4,True,False,False,https://www.queanbeyanage.com.au/story/9349684/nkorea-says-drill-demonstrated-huge-destructive-power/
2026-09-14,2026-09-14,False,PRK,threat,NORTH KOREA,PRK,SOUTH KOREA,KOR,043,04,1,2.8,12,-33.6,True,False,False,https://www.queanbeyanage.com.au/story/9349684/nkorea-says-drill-demonstrated-huge-destructive-power/
2026-09-14,2026-09-14,False,PRK,threat,NORTH KOREA,PRK,SOUTH KOREA,KOR,120,12,3,-4.0,2,8.0,False,False,False,https://www.dw.com/en/north-korea-says-recent-drill-shows-huge-destructive-power/a-79255028
2026-09-14,2026-09-14,False,PRK,threat,NORTH KOREA,PRK,SOUTH KOREA,KOR,013,01,1,0.4,2,-0.8,False,False,False,https://www.mk.ru/social/2026/09/14/glavnoe-za-noch-i-utro-14-sentyabrya-zayavlenie-trampa-ucheniya-kndr-rost-nefti.html
2026-09-14,2026-09-14,False,PRK,threat,NORTH KOREA,PRK,SOUTH KOREA,KOR,013,01,1,0.4,2,-0.8,False,False,False,https://www.mk.ru/social/2026/09/14/glavnoe-za-noch-i-utro-14-sentyabrya-zayavlenie-trampa-ucheniya-kndr-rost-nefti.html
2026-09-14,2026-09-14,False,PRK,threat,NORTH KOREA,PRK,SOUTH KOREA,KOR,120,12,3,-4.0,1,4.0,False,False,False,https://www.dailystar.co.uk/news/world-news/ww3-edges-closer-despot-nations-37659094
2026-09-14,2026-09-14,False,PRK,threat,DPRK,PRK,SOUTH KOREA,KOR,042,04,1,1.9,4,-7.6,False,False,False,https://war.obozrevatel.com/ukr/kndr-mozhe-vidpraviti-na-pidmogu-rosii-desyatki-tisyach-vijskovih-u-bbc-rozkrili-podrobitsi.htm
2026-09-14,2026-09-14,False,PRK,threat,DPRK,PRK,SOUTH KOREA,KOR,042,04,1,1.9,4,-7.6,False,False,False,https://war.obozrevatel.com/ukr/kndr-mozhe-vidpraviti-na-pidmogu-rosii-desyatki-tisyach-vijskovih-u-bbc-rozkrili-podrobitsi.htm
2026-09-14,2026-09-14,False,PRK,threat,NORTH KOREA,PRK,SOUTH KOREA,KOR,190,19,4,-10.0,2,20.0,True,False,False,https://www.unian.net/world/severnaya-koreya-mozhet-brosit-v-boy-eshche-desyatki-tysyach-soldat-chto-zadumal-kim-chen-yn-13498776.html
2026-09-14,2026-09-14,False,PRK,threat,NORTH KOREA,PRK,SOUTH KOREA,KOR,154,15,4,-7.2,2,14.4,False,False,False,https://www.unian.net/world/rossiya-i-kndr-chto-vyzyvaet-bespokoystvo-u-kitaya-v-svyazi-s-etim-soyuzom-13498680.html
2026-09-14,2026-09-14,False,PRK,threat,PYONGYANG,PRK,REPUBLIC OF KOREA,KOR,194,19,4,-10.0,10,100.0,False,False,False,http://www.northkoreatimes.com/news/279304996/dprk-military-conducts-joint-firepower-attack-drill-kcna
2026-09-14,2026-09-14,False,PRK,threat,NORTH KOREA,PRK,SOUTH KOREA,KOR,150,15,4,-7.2,6,43.2,False,False,False,https://www.koreaherald.com/article/10872905
2026-09-14,2026-09-14,False,PRK,threat,NORTH KOREAN,PRK,SOUTH KOREA,KOR,011,01,1,-0.1,4,0.4,False,False,False,https://www.internazionale.it/ultime-notizie-reuters/2026/09/14/north-korea-held-live-fire-drills-involving-artillery-and-missiles-kcna-says
2026-09-14,2026-09-14,False,PRK,threat,NORTH KOREA,PRK,SOUTH KOREA,KOR,043,04,1,2.8,5,-14.0,True,False,False,https://www.internazionale.it/ultime-notizie-reuters/2026/09/14/north-korea-held-live-fire-drills-involving-artillery-and-missiles-kcna-says
2026-09-14,2026-09-14,False,PRK,threat,NORTH KOREAN,PRK,SOUTH KOREA,KOR,011,01,1,-0.1,6,0.6,False,False,True,https://www.internazionale.it/ultime-notizie-reuters/2026/09/14/north-korea-held-live-fire-drills-involving-artillery-and-missiles-kcna-says
2026-09-14,2026-09-14,False,PRK,threat,NORTH KOREAN,PRK,SOUTH KOREA,KOR,010,01,1,0.0,2,-0.0,False,False,False,http://www.econotimes.com/North-Korea-Holds-Missile-and-Artillery-Drill-1751961
2026-09-14,2026-09-14,False,PRK,threat,NORTH KOREAN,PRK,SOUTH KOREA,KOR,010,01,1,0.0,6,-0.0,False,False,True,http://www.econotimes.com/North-Korea-Holds-Missile-and-Artillery-Drill-1751961
2026-09-14,2026-09-14,False,PRK,threat,NORTH KOREA,PRK,SOUTH KOREA,KOR,010,01,1,0.0,2,-0.0,False,False,True,http://www.econotimes.com/North-Korea-Holds-Missile-and-Artillery-Drill-1751961
2026-09-14,2026-09-14,False,PRK,threat,NORTH KOREA,PRK,SOUTH KOREA,KOR,111,11,3,-2.0,1,2.0,False,False,False,https://www.khaama.com/north-korea-conducts-live-fire-drill-with-missiles-artillery-and-attack-drones/
2026-09-14,2026-09-14,False,PRK,threat,NORTH KOREA,PRK,SOUTH KOREA,KOR,150,15,4,-7.2,1,7.2,False,False,False,https://www.khaama.com/north-korea-conducts-live-fire-drill-with-missiles-artillery-and-attack-drones/
2026-09-14,2026-09-14,False,PRK,threat,NORTH KOREA,PRK,SOUTH KOREA,KOR,036,03,1,4.0,2,-8.0,False,False,False,https://www.koreatimes.co.kr/foreignaffairs/20260914/seoul-risks-being-sidelined-if-us-nk-talks-resume-victor-cha-warns
2026-09-14,2026-09-14,False,PRK,threat,NORTH KOREAN,PRK,SOUTH KOREA,KOR,046,04,1,7.0,4,-28.0,False,False,False,https://www.hani.co.kr/arti/english_edition/english_editorials/1277765.html
2026-09-14,2026-09-14,False,PRK,threat,NORTH KOREA,PRK,SEOUL,KOR,190,19,4,-10.0,10,100.0,False,False,False,https://www.dailynews.co.th/news/6187374/
2026-09-14,2026-09-14,False,PRK,threat,NORTH KOREA,PRK,SEOUL,KOR,194,19,4,-10.0,5,50.0,False,False,False,https://timesofindia.indiatimes.com/defence/international/huge-destructive-power-north-korea-holds-live-fire-drill-with-missiles-artillery-and-drones/articleshow/134232714.cms
2026-09-14,2026-09-14,False,PRK,threat,NORTH KOREA,PRK,SOUTH KOREA,KOR,043,04,1,2.8,16,-44.8,True,False,False,https://www.2news.com/news/national/north-korea-says-its-recent-live-fire-drill-demonstrated-huge-destructive-power/article_aa4a0b30-0c8d-5fe6-b917-3b6752897e47.html
2026-09-14,2026-09-14,False,PRK,threat,NORTH KOREA,PRK,SOUTH KOREA,KOR,043,04,1,2.8,2,-5.6,True,False,False,https://economictimes.indiatimes.com/news/defence/north-korea-says-its-recent-live-fire-drill-demonstrated-huge-destructive-power/articleshow/134230682.cms
2026-09-14,2026-09-14,False,PRK,threat,NORTH KOREA,PRK,SOUTH KOREA,KOR,043,04,1,2.8,2,-5.6,False,False,False,https://abcnews.com/International/wireStory/north-korea-recent-live-fire-drill-demonstrated-huge-136412674
2026-09-14,2026-09-14,False,PRK,threat,NORTH KOREA,PRK,SOUTH KOREA,KOR,043,04,1,2.8,2,-5.6,True,False,False,https://abcnews.com/International/wireStory/north-korea-recent-live-fire-drill-demonstrated-huge-136412674
2026-09-14,2026-09-14,False,PRK,threat,NORTH KOREA,PRK,SOUTH KOREA,KOR,040,04,1,1.0,2,-2.0,False,False,False,https://www.standartnews.com/svyat/brakat-putin-kim-chen-un-obarka-smetkite-na-si-czinpin-646876.html
2026-09-14,2026-09-14,False,PRK,threat,NORTH KOREA,PRK,SOUTH KOREA,KOR,150,15,4,-7.2,2,14.4,False,False,False,https://www.koreaherald.com/article/10872905
2026-09-14,2026-09-14,False,PRK,threat,DPRK,PRK,SOUTH KOREA,KOR,042,04,1,1.9,10,-19.0,False,False,False,https://war.obozrevatel.com/kndr-mozhet-otpravit-na-pomosch-rossii-desyatki-tyisyach-voennyih-v-bbc-raskryili-podrobnosti.htm
2026-09-14,2026-09-14,False,PRK,threat,NORTH KOREA,PRK,SOUTH KOREA,KOR,110,11,3,-2.0,1,2.0,False,False,False,https://www.koreatimes.co.kr/opinion/columns/deskcolumns/20260914/trumps-iran-war-is-not-s-koreas-war
2026-09-14,2026-09-14,False,PRK,threat,NORTH KOREA,PRK,SOUTH KOREA,KOR,110,11,3,-2.0,1,2.0,False,False,False,https://www.koreatimes.co.kr/opinion/columns/deskcolumns/20260914/trumps-iran-war-is-not-s-koreas-war
2026-09-14,2026-09-14,False,PRK,threat,GYEONGSANG,PRK,SOUTH KOREA,KOR,043,04,1,2.8,16,-44.8,False,False,False,https://biz.heraldcorp.com/article/10872862
2026-09-14,2026-09-14,False,PRK,threat,HONAM,PRK,SOUTH KOREA,KOR,020,02,1,3.0,8,-24.0,False,False,False,http://www.newstomato.com/ReadNews.aspx?no=1313552
2026-09-14,2026-09-14,False,PRK,threat,NORTH KOREA,PRK,SOUTH KOREA,KOR,090,09,2,-2.0,1,2.0,False,False,False,https://www.koreaherald.com/article/10872905
2026-09-14,2026-09-14,False,PRK,threat,NORTH KOREA,PRK,SOUTH KOREA,KOR,090,09,2,-2.0,5,10.0,False,False,False,https://www.koreaherald.com/article/10872905
2026-09-14,2026-09-14,False,PRK,threat,NORTH KOREA,PRK,SOUTH KOREA,KOR,046,04,1,7.0,3,-21.0,False,False,False,https://www.hani.co.kr/arti/english_edition/english_editorials/1277765.html
2026-09-14,2026-09-14,False,PRK,threat,NORTH KOREA,PRK,SEOUL,KOR,120,12,3,-4.0,8,32.0,False,False,False,https://www.defensenews.com/global/asia-pacific/2026/09/14/us-south-korean-officials-to-broach-thorny-hormuz-mission-at-talks-this-week/
2026-09-14,2026-09-14,False,PRK,threat,NORTH KOREA,PRK,SEOUL,KOR,046,04,1,7.0,2,-14.0,False,False,False,https://www.defensenews.com/global/asia-pacific/2026/09/14/us-south-korean-officials-to-broach-thorny-hormuz-mission-at-talks-this-week/
2026-09-14,2026-09-14,False,PRK,threat,NORTH KOREA,PRK,SEOUL,KOR,120,12,3,-4.0,2,8.0,False,False,False,https://www.defensenews.com/global/asia-pacific/2026/09/14/us-south-korean-officials-to-broach-thorny-hormuz-mission-at-talks-this-week/
2026-09-14,2026-09-14,False,RUS,threat,RUSSIA,RUS,SOUTH KOREA,KOR,020,02,1,3.0,8,-24.0,False,False,False,https://www.focus.de/politik/ausland/der-treibstoffmangel-durch-ukrainische-drohnenangriffe-zwingt-russland-dazu-sein-oel-aus-dem-ausland-zurueck-zu-importieren_951ce1a9-a77f-4493-992e-bbe437a9c6d7.html
2026-09-14,2026-09-14,False,RUS,threat,RUSSIA,RUS,SOUTH KOREA,KOR,020,02,1,3.0,3,-9.0,True,False,False,https://www.unian.net/world/severnaya-koreya-mozhet-brosit-v-boy-eshche-desyatki-tysyach-soldat-chto-zadumal-kim-chen-yn-13498776.html
2026-09-14,2026-09-14,False,RUS,threat,RUSSIA,RUS,SOUTH KOREA,KOR,020,02,1,3.0,2,-6.0,False,False,False,https://www.focus.de/politik/ausland/der-treibstoffmangel-durch-ukrainische-drohnenangriffe-zwingt-russland-dazu-sein-oel-aus-dem-ausland-zurueck-zu-importieren_951ce1a9-a77f-4493-992e-bbe437a9c6d7.html
2026-09-14,2026-09-14,False,RUS,threat,INGUSHETIA,RUS,SOUTH KOREA,KOR,051,05,1,3.4,2,-6.8,False,False,False,https://ingushetia.ru/news/makhmud_ali_kalimatov_pozdravil_zhiteley_stavropolya_s_dnyem_kraya/
2026-09-14,2026-09-14,False,RUS,threat,RUSSIA,RUS,SOUTH KOREA,KOR,051,05,1,3.4,8,-27.2,False,False,False,https://thediplomat.com/2026/09/south-korea-and-arctic-shipping-a-game-changer-on-thin-ice/
2026-09-14,2026-09-14,False,RUS,threat,RUSSIA,RUS,SOUTH KOREA,KOR,020,02,1,3.0,4,-12.0,False,False,False,https://zhasalash.kz/news/soltustk-koreya-artilleriya-zhane-zimiran-askerlernn-oku-zhattiguin-otkzd-93fa6b/
2026-09-14,2026-09-14,False,RUS,threat,RUSSIA,RUS,SOUTH KOREA,KOR,020,02,1,3.0,2,-6.0,False,False,False,https://zhasalash.kz/news/soltustk-koreya-artilleriya-zhane-zimiran-askerlernn-oku-zhattiguin-otkzd-93fa6b/
2026-09-14,2026-09-14,False,RUS,threat,RUSSIA,RUS,SOUTH KOREA,KOR,051,05,1,3.4,2,-6.8,False,False,False,https://thediplomat.com/2026/09/south-korea-and-arctic-shipping-a-game-changer-on-thin-ice/
2026-09-14,2026-09-14,False,RUS,threat,RUSSIA,RUS,SOUTH KOREA,KOR,020,02,1,3.0,10,-30.0,False,False,False,https://www.focus.de/politik/ausland/der-treibstoffmangel-durch-ukrainische-drohnenangriffe-zwingt-russland-dazu-sein-oel-aus-dem-ausland-zurueck-zu-importieren_951ce1a9-a77f-4493-992e-bbe437a9c6d7.html
2026-09-14,2026-09-14,False,RUS,threat,RUSSIA,RUS,SOUTH KOREA,KOR,020,02,1,3.0,2,-6.0,True,False,False,https://www.unian.net/world/severnaya-koreya-mozhet-brosit-v-boy-eshche-desyatki-tysyach-soldat-chto-zadumal-kim-chen-yn-13498776.html
2026-09-14,2026-09-14,False,RUS,threat,RUSSIA,RUS,SOUTH KOREA,KOR,020,02,1,3.0,1,-3.0,True,False,False,https://www.unian.net/world/severnaya-koreya-mozhet-brosit-v-boy-eshche-desyatki-tysyach-soldat-chto-zadumal-kim-chen-yn-13498776.html
2026-09-14,2026-09-14,False,USA,threat,UNITED STATES,USA,INCHEON,KOR,042,04,1,1.9,1,-1.9,False,False,False,https://world.kbs.co.kr/service/news_view.htm?lang=e&Seq_Code=204407
2026-09-14,2026-09-14,False,USA,threat,UNITED STATES,USA,SOUTH KOREA,KOR,042,04,1,1.9,2,-3.8,False,False,False,https://world.kbs.co.kr/service/news_view.htm?lang=e&Seq_Code=204407
2026-09-14,2026-09-14,False,USA,threat,UNITED STATES,USA,SOUTH KOREA,KOR,042,04,1,1.9,3,-5.7,False,False,False,https://world.kbs.co.kr/service/news_view.htm?lang=e&Seq_Code=204407
2026-09-14,2026-09-14,False,USA,threat,WASHINGTON,USA,INCHEON,KOR,042,04,1,1.9,2,-3.8,False,False,False,https://world.kbs.co.kr/service/news_view.htm?lang=e&Seq_Code=204407
2026-09-14,2026-09-14,False,USA,threat,QUALCOMM,USA,SAMSUNG,KOR,040,04,1,1.0,10,-10.0,False,False,False,https://kbench.com/?q=node/281875
2026-09-14,2026-09-14,False,USA,threat,UNITED STATES,USA,HYUNDAI,KOR,070,07,2,7.0,4,-28.0,False,False,False,https://www.ibtimes.com.au/hyundai-invests-commonwealth-fusion-systems-1875480
2026-09-14,2026-09-14,False,USA,threat,UNITED STATES,USA,SOUTH KOREA,KOR,051,05,1,3.4,10,-34.0,False,False,False,https://www.kmib.co.kr/article/view.asp?arcid=9000011670&code=61141411&sid1=eco
2026-09-14,2026-09-14,False,USA,threat,WASHINGTON,USA,SEOUL,KOR,040,04,1,1.0,2,-2.0,False,False,False,https://thediplomat.com/2026/09/north-korea-confirms-september-12-missile-launch-was-joint-firepower-drill/
2026-09-14,2026-09-14,False,USA,threat,UNITED STATES,USA,SOUTH KOREA,KOR,040,04,1,1.0,6,-6.0,False,False,False,https://www.etnews.com/20260914000288
2026-09-14,2026-09-14,False,USA,threat,UNITED STATES,USA,SOUTH KOREA,KOR,193,19,4,-10.0,2,20.0,False,False,False,https://biz.heraldcorp.com/article/10872479
2026-09-14,2026-09-14,False,USA,threat,UNITED STATES,USA,SOUTH KOREA,KOR,193,19,4,-10.0,4,40.0,False,False,False,https://biz.heraldcorp.com/article/10872479
2026-09-14,2026-09-14,False,USA,threat,UNITED STATES,USA,SAMSUNG,KOR,012,01,1,-0.4,2,0.8,False,False,False,https://www.hankookilbo.com/news/article/A2026091318060003779
2026-09-14,2026-09-14,False,USA,threat,MICHIGAN,USA,SOUTH KOREA,KOR,043,04,1,2.8,5,-14.0,False,False,False,https://www.abc12.com/news/business/gov-whitmer-heads-to-south-korea-to-chase-michigan-jobs/article_15066e1f-4f7d-4a68-8e86-d7f73cc9f2ae.html
2026-09-14,2026-09-14,False,USA,threat,MICHIGAN,USA,SOUTH KOREA,KOR,043,04,1,2.8,11,-30.8,False,False,False,https://www.abc12.com/news/business/gov-whitmer-heads-to-south-korea-to-chase-michigan-jobs/article_15066e1f-4f7d-4a68-8e86-d7f73cc9f2ae.html
2026-09-14,2026-09-14,False,USA,threat,NETFLIX,USA,SOUTH KOREA,KOR,051,05,1,3.4,2,-6.8,False,False,False,https://www.advanced-television.com/2026/09/14/more-chang-dong-movies-coming-to-netflix/
2026-09-14,2026-09-14,False,USA,threat,UNITED STATES,USA,SOUTH KOREA,KOR,150,15,4,-7.2,8,57.6,True,False,False,https://lb.ua/world/2026/09/14/766008_pivnichna_koreya_provela.html
2026-09-14,2026-09-14,False,USA,threat,UNITED STATES,USA,SOUTH KOREA,KOR,150,15,4,-7.2,2,14.4,True,False,False,https://lb.ua/world/2026/09/14/766008_pivnichna_koreya_provela.html
2026-09-14,2026-09-14,False,USA,threat,THE US,USA,SOUTH KOREA,KOR,062,06,2,7.4,8,-59.2,False,False,False,https://aa.com.tr/en/asia-pacific/north-korea-says-held-joint-firepower-attack-drill-of-long-range-artillery-missile-units/4056322
2026-09-14,2026-09-14,False,USA,threat,THE US,USA,SOUTH KOREA,KOR,062,06,2,7.4,2,-14.8,False,False,False,https://aa.com.tr/en/asia-pacific/north-korea-says-held-joint-firepower-attack-drill-of-long-range-artillery-missile-units/4056322
2026-09-14,2026-09-14,False,USA,threat,UNITED STATES,USA,SOUTH KOREA,KOR,040,04,1,1.0,2,-2.0,False,False,False,https://www.edaily.co.kr/News/Read?newsId=04998726645580120&mediaCodeNo=257
2026-09-14,2026-09-14,False,USA,threat,UNITED STATES,USA,SOUTH KOREA,KOR,040,04,1,1.0,2,-2.0,False,False,False,https://www.edaily.co.kr/News/Read?newsId=04998726645580120&mediaCodeNo=257
2026-09-14,2026-09-14,False,USA,threat,UNITED STATES,USA,SOUTH KOREA,KOR,040,04,1,1.0,2,-2.0,False,False,False,https://www.edaily.co.kr/News/Read?newsId=04998726645580120&mediaCodeNo=257
2026-09-14,2026-09-14,False,USA,threat,US AMBASSADOR,USA,SEOUL,KOR,030,03,1,4.0,7,-28.0,False,False,True,https://www.koreatimes.co.kr/foreignaffairs/20260914/us-ambassador-seouls-vice-fm-discuss-implementation-of-summit-agreements
2026-09-14,2026-09-14,False,USA,threat,UNITED STATES,USA,SOUTH KOREA,KOR,042,04,1,1.9,2,-3.8,False,False,False,https://www.koreatimes.co.kr/foreignaffairs/20260914/seoul-risks-being-sidelined-if-us-nk-talks-resume-victor-cha-warns
2026-09-14,2026-09-14,False,USA,threat,UNITED STATES,USA,SOUTH KOREA,KOR,030,03,1,4.0,4,-16.0,False,False,False,https://world.kbs.co.kr/service/news_view.htm?lang=e&Seq_Code=204230
2026-09-14,2026-09-14,False,USA,threat,UNITED STATES,USA,SEOUL,KOR,036,03,1,4.0,4,-16.0,False,False,False,https://world.kbs.co.kr/service/news_view.htm?lang=e&Seq_Code=204230
2026-09-14,2026-09-14,False,USA,threat,UNITED STATES,USA,SOUTH KOREA,KOR,040,04,1,1.0,2,-2.0,False,False,False,https://thediplomat.com/2026/09/north-korea-confirms-september-12-missile-launch-was-joint-firepower-drill/
2026-09-14,2026-09-14,False,USA,threat,WASHINGTON,USA,SEOUL,KOR,100,10,3,-5.0,10,50.0,False,False,False,https://www.koreatimes.co.kr/opinion/columns/deskcolumns/20260914/trumps-iran-war-is-not-s-koreas-war
2026-09-14,2026-09-14,False,USA,threat,UNITED STATES,USA,SOUTH KOREA,KOR,042,04,1,1.9,2,-3.8,False,False,False,https://www.koreatimes.co.kr/foreignaffairs/20260914/seoul-risks-being-sidelined-if-us-nk-talks-resume-victor-cha-warns
2026-09-14,2026-09-14,False,USA,threat,WASHINGTON,USA,SEOUL,KOR,030,03,1,4.0,6,-24.0,False,False,False,https://world.kbs.co.kr/service/news_view.htm?lang=e&Seq_Code=204230
2026-09-14,2026-09-14,False,USA,threat,UNITED STATES,USA,SEOUL,KOR,036,03,1,4.0,4,-16.0,False,False,False,https://www.koreaherald.com/article/10872355
2026-09-14,2026-09-14,False,USA,threat,UNITED STATES,USA,SOUTH KOREA,KOR,046,04,1,7.0,2,-14.0,False,False,False,https://www.koreaherald.com/article/10872355
2026-09-14,2026-09-14,False,USA,threat,WASHINGTON,USA,SEOUL,KOR,036,03,1,4.0,8,-32.0,False,False,False,https://www.koreaherald.com/article/10872355
2026-09-14,2026-09-14,False,USA,threat,WASHINGTON,USA,SEOUL,KOR,040,04,1,1.0,8,-8.0,False,False,False,https://sana.sy/fr/international/2329521/
2026-09-14,2026-09-14,False,USA,threat,UNITED STATES,USA,SOUTH KOREA,KOR,036,03,1,4.0,1,-4.0,False,False,False,https://www.siasat.com/saudi-pipeline-shutdown-expected-to-have-limited-supply-impact-3541680/
2026-09-14,2026-09-14,False,USA,threat,UNITED STATES,USA,SOUTH KOREA,KOR,046,04,1,7.0,1,-7.0,False,False,False,https://www.siasat.com/saudi-pipeline-shutdown-expected-to-have-limited-supply-impact-3541680/
2026-09-14,2026-09-14,False,USA,threat,US AMBASSADOR,USA,SEOUL,KOR,040,04,1,1.0,7,-7.0,False,False,True,https://www.koreatimes.co.kr/foreignaffairs/20260914/us-ambassador-seouls-vice-fm-discuss-implementation-of-summit-agreements
2026-09-14,2026-09-14,False,USA,threat,UNITED STATES,USA,ULSAN,KOR,043,04,1,2.8,1,-2.8,False,False,False,https://www.edaily.co.kr/News/Read?newsId=02338646645580120&mediaCodeNo=257
2026-09-14,2026-09-14,False,USA,threat,UNITED STATES,USA,SAMSUNG,KOR,012,01,1,-0.4,8,3.2,False,False,False,https://www.hankookilbo.com/news/article/A2026091318060003779
2026-09-14,2026-09-14,False,USA,threat,UNITED STATES,USA,SEOUL,KOR,036,03,1,4.0,2,-8.0,False,False,False,https://www.koreatimes.co.kr/southkorea/defense/20260914/korea-us-to-hold-high-level-defense-talks-amid-hormuz-deployment-consideration
2026-09-14,2026-09-14,False,USA,threat,UNITED STATES,USA,SOUTH KOREA,KOR,040,04,1,1.0,2,-2.0,False,False,False,https://sana.sy/fr/international/2329521/
2026-09-14,2026-09-14,False,USA,threat,MICHIGAN,USA,SEOUL,KOR,046,04,1,7.0,10,-70.0,False,False,True,https://biz.heraldcorp.com/article/10872352
2026-09-14,2026-09-14,False,USA,threat,UNITED STATES,USA,SOUTH KOREA,KOR,193,19,4,-10.0,2,20.0,False,False,False,https://biz.heraldcorp.com/article/10872479
2026-09-14,2026-09-14,False,USA,threat,STARBUCKS,USA,SOUTH KOREA,KOR,110,11,3,-2.0,6,12.0,False,False,False,http://www.koreatimes.com/article/20260913/1629504
2026-09-14,2026-09-14,False,USA,threat,NVIDIA,USA,HYUNDAI,KOR,046,04,1,7.0,5,-35.0,False,False,False,https://www.gdnonline.com:443/Details/1406405/Hyundai-Motor-to-roll-out-in-house-driver-assist-system-in-2029
2026-09-14,2026-09-14,False,USA,threat,WASHINGTON,USA,SOUTH KOREA,KOR,0332,03,1,5.2,2,-10.4,False,False,False,https://www.riotimesonline.com/asia-intelligence-brief-monday-september-14-2026/
2026-09-14,2026-09-14,False,USA,threat,UNITED STATES,USA,SOUTH KOREA,KOR,100,10,3,-5.0,1,5.0,False,False,False,https://www.riotimesonline.com/asia-intelligence-brief-monday-september-14-2026/
2026-09-14,2026-09-14,False,USA,threat,WASHINGTON,USA,SOUTH KOREA,KOR,070,07,2,7.0,2,-14.0,False,False,False,https://www.riotimesonline.com/asia-intelligence-brief-monday-september-14-2026/
2026-09-14,2026-09-14,False,USA,threat,UNITED STATES,USA,SOUTH KOREA,KOR,100,10,3,-5.0,1,5.0,False,False,False,https://www.riotimesonline.com/asia-intelligence-brief-monday-september-14-2026/
2026-09-14,2026-09-14,False,USA,threat,WASHINGTON,USA,SOUTH KOREA,KOR,0841,08,2,7.0,1,-7.0,False,False,False,https://www.riotimesonline.com/asia-intelligence-brief-monday-september-14-2026/
2026-09-14,2026-09-14,False,USA,threat,WASHINGTON,USA,SOUTH KOREA,KOR,0332,03,1,5.2,16,-83.2,False,False,False,https://www.riotimesonline.com/asia-intelligence-brief-monday-september-14-2026/
2026-09-14,2026-09-14,False,USA,threat,WASHINGTON,USA,SOUTH KOREA,KOR,070,07,2,7.0,8,-56.0,False,False,False,https://www.riotimesonline.com/asia-intelligence-brief-monday-september-14-2026/
2026-09-14,2026-09-14,False,USA,threat,WASHINGTON,USA,SOUTH KOREA,KOR,0841,08,2,7.0,1,-7.0,False,False,False,https://www.riotimesonline.com/asia-intelligence-brief-monday-september-14-2026/
2026-09-14,2026-09-14,False,USA,threat,UNITED STATES,USA,SOUTH KOREA,KOR,100,10,3,-5.0,9,45.0,False,False,False,https://www.riotimesonline.com/asia-intelligence-brief-monday-september-14-2026/
2026-09-14,2026-09-14,False,USA,threat,WASHINGTON,USA,SOUTH KOREA,KOR,100,10,3,-5.0,12,60.0,False,False,False,https://www.riotimesonline.com/asia-intelligence-brief-monday-september-14-2026/
2026-09-14,2026-09-14,False,USA,threat,WASHINGTON,USA,SOUTH KOREA,KOR,0332,03,1,5.2,2,-10.4,False,False,False,https://www.riotimesonline.com/asia-intelligence-brief-monday-september-14-2026/
2026-09-14,2026-09-14,False,USA,threat,UNITED STATES,USA,SOUTH KOREA,KOR,100,10,3,-5.0,1,5.0,False,False,False,https://www.riotimesonline.com/asia-intelligence-brief-monday-september-14-2026/
2026-09-14,2026-09-14,False,USA,threat,WASHINGTON,USA,SOUTH KOREA,KOR,013,01,1,0.4,1,-0.4,False,False,True,https://www.defensenews.com/global/asia-pacific/2026/09/14/us-south-korean-officials-to-broach-thorny-hormuz-mission-at-talks-this-week/
2026-09-14,2026-09-14,False,USA,threat,WASHINGTON,USA,SOUTH KOREA,KOR,013,01,1,0.4,1,-0.4,False,False,True,https://www.defensenews.com/global/asia-pacific/2026/09/14/us-south-korean-officials-to-broach-thorny-hormuz-mission-at-talks-this-week/
2026-09-14,2026-09-14,False,USA,threat,UNITED STATES,USA,SOUTH KOREA,KOR,040,04,1,1.0,4,-4.0,False,False,False,https://www.defensenews.com/global/asia-pacific/2026/09/14/us-south-korean-officials-to-broach-thorny-hormuz-mission-at-talks-this-week/
2026-09-14,2026-09-14,False,USA,threat,WASHINGTON,USA,SOUTH KOREA,KOR,040,04,1,1.0,6,-6.0,False,False,False,https://www.defensenews.com/global/asia-pacific/2026/09/14/us-south-korean-officials-to-broach-thorny-hormuz-mission-at-talks-this-week/
2026-09-14,2026-09-14,False,USA,threat,LOCKHEED MARTIN,USA,SOUTH KOREA,KOR,030,03,1,4.0,8,-32.0,False,False,False,https://breakingdefense.com/2026/09/northrop-drops-off-snc-led-navy-trainer-team/
2026-09-14,2026-09-14,False,USA,threat,MICHIGAN,USA,SOUTH KOREA,KOR,042,04,1,1.9,12,-22.8,False,False,False,https://www.wilx.com/2026/09/14/whitmer-travels-south-korea-attract-michigan-investment/
2026-09-14,2026-09-14,False,USA,threat,MICHIGAN,USA,SOUTH KOREA,KOR,042,04,1,1.9,6,-11.4,False,False,False,https://www.wilx.com/2026/09/14/whitmer-travels-south-korea-attract-michigan-investment/
2026-09-14,2026-09-14,False,USA,threat,UNITED STATES,USA,SOUTH KOREA,KOR,042,04,1,1.9,2,-3.8,False,False,False,https://www.wilx.com/2026/09/14/whitmer-travels-south-korea-attract-michigan-investment/
2026-09-15,2026-09-15,False,CHN,threat,CHINA,CHN,SEOUL,KOR,046,04,1,7.0,8,-56.0,False,False,False,https://news.mail.ru/politics/72372602/
2026-09-15,2026-09-15,False,CHN,threat,BEIJING,CHN,SOUTH KOREA,KOR,010,01,1,0.0,2,-0.0,False,False,False,http://www.bignewsnetwork.com/news/279308607/chinese-vice-president-addresses-welcome-banquet-of-xiangshan-forum-in-beijing
2026-09-15,2026-09-15,False,CHN,threat,CHINESE,CHN,SOUTH KOREA,KOR,042,04,1,1.9,2,-3.8,False,False,False,http://global.chinadaily.com.cn/a/202609/15/WS6aa9049ce4b06d4aa055e278.html
2026-09-15,2026-09-15,False,CHN,threat,CHINA,CHN,SOUTH KOREA,KOR,193,19,4,-10.0,4,40.0,False,False,False,https://www.globaltimes.cn/page/202609/1370513.shtml
2026-09-15,2026-09-15,False,CHN,threat,CHINA,CHN,SOUTH KOREA,KOR,193,19,4,-10.0,1,10.0,False,False,False,https://www.globaltimes.cn/page/202609/1370513.shtml
2026-09-15,2026-09-15,False,CHN,threat,CHINA,CHN,SOUTH KOREA,KOR,193,19,4,-10.0,1,10.0,False,False,False,https://www.globaltimes.cn/page/202609/1370513.shtml
2026-09-15,2026-09-15,False,CHN,threat,CHINA,CHN,SOUTH KOREA,KOR,163,16,4,-8.0,3,24.0,False,True,False,https://news.obozrevatel.com/abroad/rossiya-nablyudaet-i-vyiigryivaet-kitaj-perestraivaetsya-a-iran-gotovitsya-k-yadernomu-proryivu.htm
2026-09-15,2026-09-15,False,CHN,threat,CHINA,CHN,SOUTH KOREA,KOR,043,04,1,2.8,4,-11.2,False,False,False,https://www.ttrweekly.com/site/2026/09/fliggy-and-eastar-jet-announce-partnership/
2026-09-15,2026-09-15,False,CHN,threat,HANGZHOU,CHN,SOUTH KOREAN,KOR,057,05,1,8.0,2,-16.0,False,False,False,https://www.ttrweekly.com/site/2026/09/fliggy-and-eastar-jet-announce-partnership/
2026-09-15,2026-09-15,False,CHN,threat,CHINA,CHN,SOUTH KOREA,KOR,043,04,1,2.8,6,-16.8,False,False,False,https://www.ttrweekly.com/site/2026/09/fliggy-and-eastar-jet-announce-partnership/
2026-09-15,2026-09-15,False,CHN,threat,CHINA,CHN,SOUTH KOREA,KOR,163,16,4,-8.0,1,8.0,False,True,False,https://news.obozrevatel.com/abroad/rossiya-nablyudaet-i-vyiigryivaet-kitaj-perestraivaetsya-a-iran-gotovitsya-k-yadernomu-proryivu.htm
2026-09-15,2026-09-15,False,CHN,threat,CHINA,CHN,SOUTH KOREA,KOR,163,16,4,-8.0,2,16.0,False,True,False,https://news.obozrevatel.com/abroad/rossiya-nablyudaet-i-vyiigryivaet-kitaj-perestraivaetsya-a-iran-gotovitsya-k-yadernomu-proryivu.htm
2026-09-15,2026-09-15,False,CHN,threat,CHINA,CHN,SOUTH KOREA,KOR,110,11,3,-2.0,2,4.0,False,False,False,https://www.eurasiareview.com/15092026-mysterious-note-at-seoul-defence-dialogue-leads-to-philippines-china-spat-analysis/
2026-09-15,2026-09-15,False,CHN,threat,CHINA,CHN,SOUTH KOREA,KOR,043,04,1,2.8,4,-11.2,False,False,False,http://global.chinadaily.com.cn/a/202609/15/WS6aa9049ce4b06d4aa055e278.html
2026-09-15,2026-09-15,False,CHN,threat,CHINESE,CHN,SOUTH KOREA,KOR,042,04,1,1.9,2,-3.8,False,False,False,http://global.chinadaily.com.cn/a/202609/15/WS6aa9049ce4b06d4aa055e278.html
2026-09-15,2026-09-15,False,CHN,threat,CHINESE,CHN,SOUTH KOREA,KOR,042,04,1,1.9,6,-11.4,False,False,False,http://global.chinadaily.com.cn/a/202609/15/WS6aa9049ce4b06d4aa055e278.html
2026-09-15,2026-09-15,False,CHN,threat,CHINA,CHN,SOUTH KOREAN,KOR,043,04,1,2.8,6,-16.8,False,False,False,http://global.chinadaily.com.cn/a/202609/15/WS6aa9049ce4b06d4aa055e278.html
2026-09-15,2026-09-15,False,JPN,threat,JAPAN,JPN,SOUTH KOREA,KOR,1712,17,4,-9.2,10,92.0,False,False,False,https://www.hani.co.kr/arti/society/society_general/1278006.html
2026-09-15,2026-09-15,False,JPN,threat,JAPAN,JPN,SOUTH KOREA,KOR,057,05,1,8.0,1,-8.0,False,False,False,https://www.petroleum-economist.com/magazine/2026/augustseptember-2026/energy-realigned/a-new-all-energy-focus/
2026-09-15,2026-09-15,False,JPN,threat,JAPAN,JPN,SOUTH KOREA,KOR,057,05,1,8.0,1,-8.0,False,False,False,https://www.petroleum-economist.com/magazine/2026/augustseptember-2026/energy-realigned/a-new-all-energy-focus/
2026-09-15,2026-09-15,False,JPN,threat,JAPANESE,JPN,SEOUL,KOR,125,12,3,-5.0,1,5.0,False,False,False,https://www.koreaherald.com/article/10874668
2026-09-15,2026-09-15,False,JPN,threat,JAPAN,JPN,SOUTH KOREA,KOR,057,05,1,8.0,3,-24.0,False,False,False,https://www.petroleum-economist.com/magazine/2026/augustseptember-2026/energy-realigned/a-new-all-energy-focus/
2026-09-15,2026-09-15,False,JPN,threat,JAPANESE,JPN,SEOUL,KOR,125,12,3,-5.0,5,25.0,False,False,False,https://www.koreaherald.com/article/10874668
2026-09-15,2026-09-15,False,JPN,threat,JAPAN,JPN,SOUTH KOREA,KOR,125,12,3,-5.0,2,10.0,False,False,False,https://www.koreaherald.com/article/10874668
2026-09-15,2026-09-15,False,JPN,threat,JAPANESE,JPN,SEOUL,KOR,043,04,1,2.8,14,-39.2,False,False,False,https://www.etnews.com/20260915000390
2026-09-15,2026-09-15,False,JPN,threat,JAPANESE,JPN,SEOUL,KOR,043,04,1,2.8,6,-16.8,False,False,False,https://www.etnews.com/20260915000390
2026-09-15,2026-09-15,False,JPN,threat,HONDA,JPN,HYUNDAI,KOR,130,13,3,-4.4,5,22.0,False,False,False,https://carbuzz.com/future-cars-new-honda-ridgeline/
2026-09-15,2026-09-15,False,CHN,response,SEOUL,KOR,CHINA,CHN,046,04,1,7.0,6,-42.0,False,False,False,https://news.mail.ru/politics/72372602/
2026-09-15,2026-09-15,False,CHN,response,SOUTH KOREA,KOR,CHINA,CHN,046,04,1,7.0,2,-14.0,False,False,False,https://news.mail.ru/politics/72372602/
2026-09-15,2026-09-15,False,USA,response,SEOUL,KOR,UNITED STATES,USA,112,11,3,-2.0,2,4.0,False,False,False,https://www.straitstimes.com/asia/east-asia/north-korea-says-us-driven-nuclear-submarine-push-justifies-its-own-weapons-buildup
2026-09-15,2026-09-15,False,USA,response,SOUTH KOREA,KOR,WASHINGTON,USA,013,01,1,0.4,1,-0.4,False,False,False,https://www.straitstimes.com/asia/east-asia/north-korea-says-us-driven-nuclear-submarine-push-justifies-its-own-weapons-buildup
2026-09-15,2026-09-15,False,USA,response,SOUTH KOREA,KOR,WASHINGTON,USA,051,05,1,3.4,1,-3.4,False,False,False,https://www.straitstimes.com/asia/east-asia/north-korea-says-us-driven-nuclear-submarine-push-justifies-its-own-weapons-buildup
2026-09-15,2026-09-15,False,USA,response,SOUTH KOREA,KOR,WASHINGTON,USA,112,11,3,-2.0,1,2.0,False,False,False,https://www.straitstimes.com/asia/east-asia/north-korea-says-us-driven-nuclear-submarine-push-justifies-its-own-weapons-buildup
2026-09-15,2026-09-15,False,USA,response,SOUTH KOREA,KOR,WASHINGTON,USA,013,01,1,0.4,1,-0.4,False,False,False,https://www.straitstimes.com/asia/east-asia/north-korea-says-us-driven-nuclear-submarine-push-justifies-its-own-weapons-buildup
2026-09-15,2026-09-15,False,USA,response,SOUTH KOREA,KOR,WASHINGTON,USA,112,11,3,-2.0,1,2.0,False,False,False,https://www.straitstimes.com/asia/east-asia/north-korea-says-us-driven-nuclear-submarine-push-justifies-its-own-weapons-buildup
2026-09-15,2026-09-15,False,USA,response,SAMSUNG,KOR,GOOGLE,USA,172,17,4,-5.0,10,50.0,False,False,False,https://www.howtogeek.com/4-things-you-should-do-before-giving-old-phone-away/
2026-09-15,2026-09-15,False,USA,response,SOUTH KOREAN,KOR,UNITED STATES,USA,190,19,4,-10.0,4,40.0,False,False,False,https://www.yahoo.com/news/us/articles/south-korean-workers-challenging-trump-154715990.html
2026-09-15,2026-09-15,False,USA,response,SOUTH KOREA,KOR,UNITED STATES,USA,190,19,4,-10.0,2,20.0,False,False,False,https://www.yahoo.com/news/us/articles/south-korean-workers-challenging-trump-154715990.html
2026-09-15,2026-09-15,False,USA,response,HYUNDAI,KOR,REUTERS,USA,124,12,3,-4.0,8,32.0,False,False,False,https://www.yahoo.com/news/us/articles/south-korean-workers-challenging-trump-154715990.html
2026-09-15,2026-09-15,False,USA,response,SOUTH KOREA,KOR,UNITED STATES,USA,190,19,4,-10.0,2,20.0,False,False,False,https://www.yahoo.com/news/us/articles/south-korean-workers-challenging-trump-154715990.html
2026-09-15,2026-09-15,False,USA,response,HYUNDAI,KOR,REUTERS,USA,124,12,3,-4.0,2,8.0,False,False,False,https://www.yahoo.com/news/us/articles/south-korean-workers-challenging-trump-154715990.html
2026-09-15,2026-09-15,False,USA,response,SOUTH KOREA,KOR,MIAMI,USA,020,02,1,3.0,2,-6.0,False,False,False,https://oilprice.com/Energy/Energy-General/BRICS-Summit-Takes-Aim-at-US-Influence-Over-the-Global-Economy.html
2026-09-15,2026-09-15,False,USA,response,SOUTH KOREA,KOR,MIAMI,USA,036,03,1,4.0,2,-8.0,False,False,False,https://oilprice.com/Energy/Energy-General/BRICS-Summit-Takes-Aim-at-US-Influence-Over-the-Global-Economy.html
2026-09-15,2026-09-15,False,USA,response,SOUTH KOREA,KOR,MIAMI,USA,046,04,1,7.0,2,-14.0,False,False,False,https://oilprice.com/Energy/Energy-General/BRICS-Summit-Takes-Aim-at-US-Influence-Over-the-Global-Economy.html
2026-09-15,2026-09-15,False,USA,response,SOUTH KOREA,KOR,THE US,USA,040,04,1,1.0,1,-1.0,False,False,True,https://oilprice.com/Energy/Energy-General/BRICS-Summit-Takes-Aim-at-US-Influence-Over-the-Global-Economy.html
2026-09-15,2026-09-15,False,USA,response,SOUTH KOREA,KOR,THE US,USA,040,04,1,1.0,1,-1.0,False,False,True,https://oilprice.com/Energy/Energy-General/BRICS-Summit-Takes-Aim-at-US-Influence-Over-the-Global-Economy.html
2026-09-15,2026-09-15,False,USA,response,SOUTH KOREA,KOR,MIAMI,USA,020,02,1,3.0,2,-6.0,False,False,False,https://oilprice.com/Energy/Energy-General/BRICS-Summit-Takes-Aim-at-US-Influence-Over-the-Global-Economy.html
2026-09-15,2026-09-15,False,USA,response,SOUTH KOREA,KOR,MIAMI,USA,036,03,1,4.0,2,-8.0,False,False,False,https://oilprice.com/Energy/Energy-General/BRICS-Summit-Takes-Aim-at-US-Influence-Over-the-Global-Economy.html
2026-09-15,2026-09-15,False,USA,response,SOUTH KOREA,KOR,MIAMI,USA,046,04,1,7.0,2,-14.0,False,False,False,https://oilprice.com/Energy/Energy-General/BRICS-Summit-Takes-Aim-at-US-Influence-Over-the-Global-Economy.html
2026-09-15,2026-09-15,False,USA,response,SOUTH KOREA,KOR,WASHINGTON,USA,051,05,1,3.4,2,-6.8,False,False,False,http://www.koreatimes.com/article/20260915/1629721
2026-09-15,2026-09-15,False,USA,response,SOUTH KOREA,KOR,UNITED STATES,USA,051,05,1,3.4,4,-13.6,False,False,False,http://www.koreatimes.com/article/20260915/1629721
2026-09-15,2026-09-15,False,USA,response,SOUTH KOREA,KOR,FIRST STATE,USA,043,04,1,2.8,8,-22.4,False,False,False,https://www.newscentralasia.net/2026/09/15/south-korea-and-turkmenistan-agree-to-expand-economic-partnership-sign-investment-protection-agreement-and-13-documents/
2026-09-15,2026-09-15,False,USA,response,SOUTH KOREA,KOR,FIRST STATE,USA,043,04,1,2.8,2,-5.6,False,False,False,https://www.newscentralasia.net/2026/09/15/south-korea-and-turkmenistan-agree-to-expand-economic-partnership-sign-investment-protection-agreement-and-13-documents/
2026-09-15,2026-09-15,False,USA,response,SOUTH KOREAN,KOR,UNITED STATES,USA,192,19,4,-9.5,4,38.0,False,False,False,https://www.macombdaily.com/2026/09/15/south-korean-automotive-components-company-to-expand-in-chesterfield-twp/
2026-09-15,2026-09-15,False,USA,response,SOUTH KOREAN,KOR,UNITED STATES,USA,192,19,4,-9.5,1,9.5,False,False,False,https://www.macombdaily.com/2026/09/15/south-korean-automotive-components-company-to-expand-in-chesterfield-twp/
2026-09-15,2026-09-15,False,USA,response,SAMSUNG,KOR,GOOGLE,USA,090,09,2,-2.0,10,20.0,False,False,False,https://www.engadget.com/2255217/curved-monitor-pc-computer-pros-and-cons-explained/
2026-09-15,2026-09-15,False,JPN,response,SOUTH KOREA,KOR,JAPAN,JPN,057,05,1,8.0,1,-8.0,False,False,False,https://www.petroleum-economist.com/magazine/2026/augustseptember-2026/energy-realigned/a-new-all-energy-focus/
2026-09-15,2026-09-15,False,CHN,response,SOUTH KOREA,KOR,CHINA,CHN,042,04,1,1.9,2,-3.8,False,False,False,https://www.ttrweekly.com/site/2026/09/fliggy-and-eastar-jet-announce-partnership/
2026-09-15,2026-09-15,False,CHN,response,SOUTH KOREAN,KOR,HANGZHOU,CHN,057,05,1,8.0,2,-16.0,False,False,False,https://www.ttrweekly.com/site/2026/09/fliggy-and-eastar-jet-announce-partnership/
2026-09-15,2026-09-15,False,CHN,response,SOUTH KOREA,KOR,CHINA,CHN,042,04,1,1.9,2,-3.8,False,False,False,https://www.ttrweekly.com/site/2026/09/fliggy-and-eastar-jet-announce-partnership/
2026-09-15,2026-09-15,False,CHN,response,SOUTH KOREA,KOR,CHINESE,CHN,043,04,1,2.8,2,-5.6,False,False,False,http://global.chinadaily.com.cn/a/202609/15/WS6aa9049ce4b06d4aa055e278.html
2026-09-15,2026-09-15,False,CHN,response,SOUTH KOREAN,KOR,CHINA,CHN,042,04,1,1.9,6,-11.4,False,False,False,http://global.chinadaily.com.cn/a/202609/15/WS6aa9049ce4b06d4aa055e278.html
2026-09-15,2026-09-15,False,CHN,response,SOUTH KOREA,KOR,CHINESE,CHN,043,04,1,2.8,6,-16.8,False,False,False,http://global.chinadaily.com.cn/a/202609/15/WS6aa9049ce4b06d4aa055e278.html
2026-09-15,2026-09-15,False,CHN,response,SOUTH KOREA,KOR,CHINESE,CHN,043,04,1,2.8,2,-5.6,False,False,False,http://global.chinadaily.com.cn/a/202609/15/WS6aa9049ce4b06d4aa055e278.html
2026-09-15,2026-09-15,False,CHN,response,SAMSUNG,KOR,CHINA,CHN,111,11,3,-2.0,2,4.0,False,False,False,https://memeburn.com/vivo-x-fold-6-global-launch-specs-price/
2026-09-15,2026-09-15,False,CHN,response,SOUTH KOREA,KOR,CHINA,CHN,042,04,1,1.9,3,-5.7,False,False,False,https://www.ttrweekly.com/site/2026/09/fliggy-and-eastar-jet-announce-partnership/
2026-09-15,2026-09-15,False,CHN,response,SOUTH KOREA,KOR,CHINA,CHN,042,04,1,1.9,3,-5.7,False,False,False,https://www.ttrweekly.com/site/2026/09/fliggy-and-eastar-jet-announce-partnership/
2026-09-15,2026-09-15,False,JPN,response,SOUTH KOREA,KOR,OSAKA,JPN,173,17,4,-5.0,10,50.0,False,False,False,https://variety.com/2026/film/obituaries-people-news/nakamura-yuri-dead-romantics-anonymous-1236862906/
2026-09-15,2026-09-15,False,JPN,response,SOUTH KOREA,KOR,JAPAN,JPN,057,05,1,8.0,1,-8.0,False,False,False,https://www.petroleum-economist.com/magazine/2026/augustseptember-2026/energy-realigned/a-new-all-energy-focus/
2026-09-15,2026-09-15,False,JPN,response,SEOUL,KOR,JAPANESE,JPN,042,04,1,1.9,14,-26.6,False,False,False,https://www.etnews.com/20260915000390
2026-09-15,2026-09-15,False,JPN,response,SEOUL,KOR,JAPANESE,JPN,042,04,1,1.9,6,-11.4,False,False,False,https://www.etnews.com/20260915000390
2026-09-15,2026-09-15,False,PRK,response,SOUTH KOREA,KOR,NORTH KOREA,PRK,194,19,4,-10.0,4,40.0,False,False,False,http://www.srilankasource.com/news/279303292/north-korea-launches-ballistic-missiles-off-east-coast
2026-09-15,2026-09-15,False,USA,response,SOUTH KOREA,KOR,UNITED STATES,USA,193,19,4,-10.0,8,80.0,False,False,False,https://www.ddaily.co.kr:443/page/view/2026091514313816530
2026-09-15,2026-09-15,False,JPN,response,BUSAN,KOR,JAPAN,JPN,012,01,1,-0.4,2,0.8,False,False,False,https://www.busan.com/view/busan/view.php?code=2026091516130817121
2026-09-15,2026-09-15,False,JPN,response,SOUTH KOREA,KOR,JAPAN,JPN,057,05,1,8.0,3,-24.0,False,False,False,https://www.petroleum-economist.com/magazine/2026/augustseptember-2026/energy-realigned/a-new-all-energy-focus/
2026-09-15,2026-09-15,False,RUS,response,SOUTH KOREA,KOR,RUSSIAN,RUS,190,19,4,-10.0,8,80.0,False,False,False,https://24tv.ua/ru/sotrudnichestvo-rossii-i-kndr-kim-chen-yn-podderzhivaet-vojnu-protiv-ukrainy_n3142116
2026-09-15,2026-09-15,False,PRK,response,SOUTH KOREA,KOR,NORTH KOREA,PRK,010,01,1,0.0,2,-0.0,False,False,False,"https://wiadomosci.gazeta.pl/polityka/7,198013,33024054,kwitnace-relacje-rosji-i-korei-polnocnej-nowa-fala-zolnierzy.html"
2026-09-15,2026-09-15,False,PRK,response,SOUTH KOREA,KOR,NORTH KOREA,PRK,051,05,1,3.4,2,-6.8,False,False,False,"https://forsal.pl/swiat/bezpieczenstwo/artykuly/11302202,potezne-dostawy-broni-docieraja-do-rosji-chiny-patrza-na-to-z-niepokojem.html"
2026-09-15,2026-09-15,False,PRK,response,SOUTH KOREA,KOR,NORTH KOREA,PRK,190,19,4,-10.0,2,20.0,False,False,False,https://www.kyivpost.com/post/84516
2026-09-15,2026-09-15,False,PRK,response,SEOUL,KOR,NORTH KOREA,PRK,194,19,4,-10.0,2,20.0,False,False,False,http://www.bignewsnetwork.com/news/279303292/north-korea-fires-missiles-toward-sea-from-wonsan
2026-09-15,2026-09-15,False,PRK,response,SOUTH KOREA,KOR,NORTH KOREA,PRK,010,01,1,0.0,4,-0.0,False,False,False,"https://wiadomosci.gazeta.pl/polityka/7,198013,33024054,kwitnace-relacje-rosji-i-korei-polnocnej-nowa-fala-zolnierzy.html"
2026-09-15,2026-09-15,False,PRK,response,SOUTH KOREA,KOR,NORTH KOREA,PRK,0871,08,2,9.0,2,-18.0,False,False,False,https://fakti.bg/world/1080996-kim-chen-un-e-ubeden-v-pobedata-na-rusia-v-sveshtenata-voina-sreshtu-ukraina
2026-09-15,2026-09-15,False,PRK,response,SOUTH KOREA,KOR,NORTH KOREAN,PRK,051,05,1,3.4,2,-6.8,False,False,False,"https://forsal.pl/swiat/bezpieczenstwo/artykuly/11302202,potezne-dostawy-broni-docieraja-do-rosji-chiny-patrza-na-to-z-niepokojem.html"
2026-09-15,2026-09-15,False,PRK,response,SOUTH KOREA,KOR,NORTH KOREA,PRK,051,05,1,3.4,2,-6.8,False,False,False,"https://forsal.pl/swiat/bezpieczenstwo/artykuly/11302202,potezne-dostawy-broni-docieraja-do-rosji-chiny-patrza-na-to-z-niepokojem.html"
2026-09-15,2026-09-15,False,RUS,response,SOUTH KOREA,KOR,RUSSIA,RUS,030,03,1,4.0,4,-16.0,False,False,False,https://www.ledevoir.com/monde/asie/1009001/kim-jong-reitere-soutien-guerre-sacree-russie
2026-09-15,2026-09-15,False,RUS,response,SOUTH KOREA,KOR,RUSSIAN,RUS,190,19,4,-10.0,6,60.0,False,False,False,https://focus.ua/world/767740-pozhelal-putinu-pobedy-v-svyashchennoy-voyne-kim-chen-yn-poobeshchal-uglubit-sotrudnichestvo-s-rf
2026-09-15,2026-09-15,False,USA,response,SOUTH KOREA,KOR,THE US,USA,040,04,1,1.0,10,-10.0,False,False,False,https://biz.heraldcorp.com/article/10874179
2026-09-15,2026-09-15,False,USA,response,SOUTH KOREA,KOR,MICROSOFT,USA,043,04,1,2.8,4,-11.2,False,False,False,https://www.edaily.co.kr/News/Read?newsId=02892966645580448&mediaCodeNo=257
2026-09-15,2026-09-15,False,USA,response,SOUTH KOREA,KOR,MICROSOFT,USA,043,04,1,2.8,2,-5.6,False,False,False,https://www.edaily.co.kr/News/Read?newsId=02892966645580448&mediaCodeNo=257
2026-09-15,2026-09-15,False,RUS,response,SOUTH KOREA,KOR,RUSSIAN,RUS,051,05,1,3.4,4,-13.6,False,False,False,https://novosti.ua/politics/kim-chen-yn-obeshchaet-rasshirit-sotrudnichestvo-s-rossiey-i-verit-v-ee-pobedu
2026-09-15,2026-09-15,False,USA,response,SOUTH KOREA,KOR,REUTERS,USA,013,01,1,0.4,2,-0.8,False,False,False,https://www.thenews.com.pk/latest/1416276-south-korea-to-develop-strict-security-guidelines-for-autonomous-ai-agents-amid-rising-cyber-risks
2026-09-15,2026-09-15,False,USA,response,SOUTH KOREA,KOR,REUTERS,USA,013,01,1,0.4,2,-0.8,False,False,True,https://www.thenews.com.pk/latest/1416276-south-korea-to-develop-strict-security-guidelines-for-autonomous-ai-agents-amid-rising-cyber-risks
2026-09-15,2026-09-15,False,RUS,response,SOUTH KOREA,KOR,RUSSIA,RUS,010,01,1,0.0,2,-0.0,False,False,True,https://sputnik.af/20260915/25757691.html
2026-09-15,2026-09-15,False,USA,response,SOUTH KOREA,KOR,UNITED STATES,USA,190,19,4,-10.0,2,20.0,False,False,False,https://www.pokernews.com/news/2026/09/matthew-wantman-wins-first-triton-title-836k-jeju-52388.htm
2026-09-15,2026-09-15,False,RUS,response,SOUTH KOREA,KOR,RUSSIA,RUS,051,05,1,3.4,2,-6.8,False,False,False,https://www.albiladpress.com/news/2026/6546/arab-and-world/1019869.html
2026-09-15,2026-09-15,False,USA,response,SOUTH KOREA,KOR,THE US,USA,071,07,2,7.4,8,-59.2,False,True,False,https://biz.heraldcorp.com/article/10874155
2026-09-15,2026-09-15,False,USA,response,SEOUL,KOR,REUTERS,USA,013,01,1,0.4,7,-2.8,False,False,False,https://telecom.economictimes.indiatimes.com/news/devices/samsung-sk-hynix-reject-kepcos-19-billion-power-prepayment-proposal/134250159
2026-09-15,2026-09-15,False,USA,response,SEOUL,KOR,UNITED STATES,USA,111,11,3,-2.0,5,10.0,False,False,False,https://www.insight.co.kr/news/573640
2026-09-15,2026-09-15,False,RUS,response,SOUTH KOREA,KOR,RUSSIA,RUS,020,02,1,3.0,1,-3.0,False,False,True,https://english.hani.co.kr/arti/english_edition/english_editorials/1277950.html
2026-09-15,2026-09-15,False,USA,response,SOUTH KOREA,KOR,THE US,USA,020,02,1,3.0,1,-3.0,False,False,True,https://english.hani.co.kr/arti/english_edition/english_editorials/1277950.html
2026-09-15,2026-09-15,False,PRK,response,SOUTH KOREA,KOR,NORTH KOREA,PRK,194,19,4,-10.0,1,10.0,False,False,False,http://www.bignewsnetwork.com/news/279303292/north-korea-fires-missiles-toward-sea-from-wonsan
2026-09-15,2026-09-15,False,CHN,response,SOUTH KOREA,KOR,CHINA,CHN,042,04,1,1.9,4,-7.6,False,False,False,http://global.chinadaily.com.cn/a/202609/15/WS6aa9049ce4b06d4aa055e278.html
2026-09-15,2026-09-15,False,USA,response,SOUTH KOREA,KOR,NEW YORK,USA,128,12,3,-5.0,12,60.0,False,False,False,https://www.edaily.co.kr/News/Read?newsId=03657206645580448&mediaCodeNo=257
2026-09-15,2026-09-15,False,USA,response,SOUTH KOREA,KOR,UNITED STATES,USA,128,12,3,-5.0,6,30.0,False,False,False,https://www.wikitree.co.kr/articles/1159657
2026-09-15,2026-09-15,False,USA,response,SAMSUNG,KOR,NVIDIA,USA,071,07,2,7.4,18,-133.2,False,True,False,https://www.cnbcafrica.com/2026/samsung-backs-nvidia-ai-chip-rival-in-230-million-funding-round-as-gpu-alternatives-boom
2026-09-15,2026-09-15,False,RUS,response,SOUTH KOREA,KOR,RUSSIAN,RUS,043,04,1,2.8,4,-11.2,False,False,False,https://english.news.cn/20260915/fccfc97c23154a419e80261986ea55c6/c.html
2026-09-15,2026-09-15,False,RUS,response,SOUTH KOREA,KOR,RUSSIA,RUS,010,01,1,0.0,2,-0.0,False,False,True,https://sputnik.af/20260915/25757691.html
2026-09-15,2026-09-15,False,RUS,response,SOUTH KOREA,KOR,RUSSIA,RUS,010,01,1,0.0,4,-0.0,False,False,True,https://sputnik.af/20260915/25757691.html
2026-09-15,2026-09-15,False,RUS,response,SEOUL,KOR,RUSSIAN,RUS,051,05,1,3.4,10,-34.0,False,False,True,https://www.jpnn.com/news/kim-jong-un-tegaskan-dukungan-tak-tergoyahkan-kepada-putin-rakyat-rusia
2026-09-15,2026-09-15,False,RUS,response,BUSAN,KOR,RUSSIA,RUS,042,04,1,1.9,4,-7.6,False,False,False,https://www.koreatimes.co.kr/southkorea/20260915/5-injured-due-to-gas-leak-on-russian-fishing-boat-in-busan
2026-09-15,2026-09-15,False,RUS,response,BUSAN,KOR,RUSSIAN,RUS,182,18,4,-9.5,6,57.0,False,False,False,https://www.koreatimes.co.kr/southkorea/20260915/5-injured-due-to-gas-leak-on-russian-fishing-boat-in-busan
2026-09-15,2026-09-15,False,RUS,response,SOUTH KOREA,KOR,RUSSIA,RUS,190,19,4,-10.0,2,20.0,False,False,False,https://unn.ua/ru/news/kim-chen-in-poobeshchal-putinu-neizmennuyu-podderzhku-i-pobedu-rossii-v-svyashchennoi-voine
2026-09-15,2026-09-15,False,RUS,response,SOUTH KOREA,KOR,RUSSIA,RUS,051,05,1,3.4,2,-6.8,False,False,False,https://www.albiladpress.com/news/2026/6546/arab-and-world/1019869.html
2026-09-15,2026-09-15,False,RUS,response,SOUTH KOREA,KOR,RUSSIA,RUS,051,05,1,3.4,2,-6.8,False,False,False,"https://forsal.pl/swiat/bezpieczenstwo/artykuly/11302202,potezne-dostawy-broni-docieraja-do-rosji-chiny-patrza-na-to-z-niepokojem.html"
2026-09-15,2026-09-15,False,RUS,response,SOUTH KOREA,KOR,MOSCOW,RUS,051,05,1,3.4,2,-6.8,False,False,False,https://www.albiladpress.com/news/2026/6546/arab-and-world/1019869.html
2026-09-15,2026-09-15,False,RUS,response,SOUTH KOREA,KOR,RUSSIA,RUS,030,03,1,4.0,1,-4.0,False,False,False,https://www.bssnews.net/international/424625
2026-09-15,2026-09-15,False,RUS,response,SEOUL,KOR,RUSSIA,RUS,030,03,1,4.0,4,-16.0,False,False,False,https://www.bssnews.net/international/424625
2026-09-15,2026-09-15,False,RUS,response,SEOUL,KOR,RUSSIA,RUS,051,05,1,3.4,5,-17.0,False,False,False,https://www.bssnews.net/international/424625
2026-09-15,2026-09-15,False,RUS,response,SOUTH KOREA,KOR,RUSSIAN,RUS,062,06,2,7.4,10,-74.0,False,False,False,https://www.kyivpost.com/post/84516
2026-09-15,2026-09-15,False,RUS,response,SOUTH KOREA,KOR,RUSSIAN,RUS,010,01,1,0.0,10,-0.0,False,False,False,https://www.hespress.com/%D9%83%D9%8A%D9%85-%D9%8A%D8%AA%D8%B9%D9%87%D8%AF-%D8%A8%D9%80%D8%AF%D8%B9%D9%85-%D9%84%D8%A7-%D9%8A%D8%AA%D8%B2%D8%B9%D8%B2%D8%B9-%D9%84%D8%A8%D9%88%D8%AA%D9%8A%D9%86-1807594.html
2026-09-15,2026-09-15,False,RUS,response,SOUTH KOREA,KOR,RUSSIA,RUS,190,19,4,-10.0,6,60.0,False,False,False,https://unn.ua/ru/news/kim-chen-in-poobeshchal-putinu-neizmennuyu-podderzhku-i-pobedu-rossii-v-svyashchennoi-voine
2026-09-15,2026-09-15,False,RUS,response,SOUTH KOREA,KOR,RUSSIAN,RUS,072,07,2,8.3,6,-49.8,False,False,False,https://wiadomosci.wp.pl/kim-pisze-o-swietej-wojnie-zlozyl-putinowi-nowe-deklaracje-7329591025625248a
2026-09-15,2026-09-15,False,RUS,response,SOUTH KOREA,KOR,RUSSIA,RUS,030,03,1,4.0,4,-16.0,False,False,False,https://www.20minutes.fr/monde/ukraine/4245416-20260915-guerre-ukraine-poutine-assure-soutien-inebranlable-kim-jong-contre-kiev
2026-09-15,2026-09-15,False,RUS,response,SOUTH KOREA,KOR,RUSSIA,RUS,051,05,1,3.4,2,-6.8,False,False,False,"https://forsal.pl/swiat/bezpieczenstwo/artykuly/11302202,potezne-dostawy-broni-docieraja-do-rosji-chiny-patrza-na-to-z-niepokojem.html"
2026-09-15,2026-09-15,False,RUS,response,SOUTH KOREA,KOR,RUSSIA,RUS,051,05,1,3.4,2,-6.8,False,False,False,"https://forsal.pl/swiat/bezpieczenstwo/artykuly/11302202,potezne-dostawy-broni-docieraja-do-rosji-chiny-patrza-na-to-z-niepokojem.html"
2026-09-15,2026-09-15,False,USA,response,SOUTH KOREAN,KOR,UNITED STATES,USA,190,19,4,-10.0,8,80.0,False,False,False,https://wsau.com/2026/09/15/south-korean-workers-challenging-trump-administration-over-georgia-raid-cnn-reports/
2026-09-15,2026-09-15,False,USA,response,SOUTH KOREA,KOR,UNITED STATES,USA,190,19,4,-10.0,4,40.0,False,False,False,https://wsau.com/2026/09/15/south-korean-workers-challenging-trump-administration-over-georgia-raid-cnn-reports/
2026-09-15,2026-09-15,False,USA,response,HYUNDAI,KOR,REUTERS,USA,124,12,3,-4.0,16,64.0,False,False,False,https://wsau.com/2026/09/15/south-korean-workers-challenging-trump-administration-over-georgia-raid-cnn-reports/
2026-09-15,2026-09-15,False,USA,response,SOUTH KOREA,KOR,UNITED STATES,USA,190,19,4,-10.0,4,40.0,False,False,False,https://wsau.com/2026/09/15/south-korean-workers-challenging-trump-administration-over-georgia-raid-cnn-reports/
2026-09-15,2026-09-15,False,USA,response,HYUNDAI,KOR,REUTERS,USA,124,12,3,-4.0,4,16.0,False,False,False,https://wsau.com/2026/09/15/south-korean-workers-challenging-trump-administration-over-georgia-raid-cnn-reports/
2026-09-15,2026-09-15,False,USA,response,SOUTH KOREAN,KOR,UNITED STATES,USA,042,04,1,1.9,2,-3.8,False,False,False,https://www.prokerala.com/news/articles/a1812434.html
2026-09-15,2026-09-15,False,RUS,response,SOUTH KOREA,KOR,RUSSIA,RUS,190,19,4,-10.0,2,20.0,False,False,False,https://focus.ua/world/767740-pozhelal-putinu-pobedy-v-svyashchennoy-voyne-kim-chen-yn-poobeshchal-uglubit-sotrudnichestvo-s-rf
2026-09-15,2026-09-15,False,PRK,response,SOUTH KOREA,KOR,NORTH KOREA,PRK,190,19,4,-10.0,1,10.0,False,False,False,https://www.kyivpost.com/post/84516
2026-09-15,2026-09-15,False,PRK,response,SOUTH KOREA,KOR,NORTH KOREAN,PRK,190,19,4,-10.0,7,70.0,False,False,False,https://www.kyivpost.com/post/84516
2026-09-15,2026-09-15,False,USA,response,SOUTH KOREA,KOR,UNITED STATES,USA,190,19,4,-10.0,2,20.0,False,False,False,https://www.pokernews.com/news/2026/09/matthew-wantman-wins-first-triton-title-836k-jeju-52388.htm
2026-09-15,2026-09-15,False,USA,response,SOUTH KOREA,KOR,UNITED STATES,USA,042,04,1,1.9,2,-3.8,False,False,False,https://www.prokerala.com/news/articles/a1812434.html
2026-09-15,2026-09-15,False,USA,response,SOUTH KOREAN,KOR,UNITED STATES,USA,042,04,1,1.9,6,-11.4,False,False,False,https://www.prokerala.com/news/articles/a1812434.html
2026-09-15,2026-09-15,False,CHN,response,SAMSUNG,KOR,CHINA,CHN,110,11,3,-2.0,2,4.0,False,False,False,https://memeburn.com/vivo-x-fold-6-global-launch-specs-price/
2026-09-15,2026-09-15,False,USA,response,BUSAN,KOR,UNITED STATES,USA,111,11,3,-2.0,10,20.0,False,False,False,https://www.busan.com/view/busan/view.php?code=2026091518242882216
2026-09-15,2026-09-15,False,USA,response,SOUTH KOREA,KOR,WASHINGTON,USA,042,04,1,1.9,1,-1.9,False,False,False,https://capitalpress.com/2026/09/14/pacific-northwest-wheat-yields-soar-20-above-average/
2026-09-15,2026-09-15,False,USA,response,HYUNDAI,KOR,MICHIGAN,USA,051,05,1,3.4,10,-34.0,False,False,False,http://www.prnewswire.com/news-releases/hyundai-donates-25-000-to-expand-child-passenger-safety-in-metro-detroit-302879303.html
2026-09-15,2026-09-15,False,USA,response,SOUTH KOREA,KOR,US STATE DEPARTMENT,USA,036,03,1,4.0,2,-8.0,False,False,True,https://www.koreaherald.com/article/10874280
2026-09-15,2026-09-15,False,USA,response,SOUTH KOREA,KOR,US STATE DEPARTMENT,USA,036,03,1,4.0,2,-8.0,False,False,True,https://www.koreaherald.com/article/10874280
2026-09-15,2026-09-15,False,PRK,response,SEOUL,KOR,NORTH KOREA,PRK,194,19,4,-10.0,8,80.0,False,False,False,http://www.srilankasource.com/news/279303292/north-korea-launches-ballistic-missiles-off-east-coast
2026-09-15,2026-09-15,False,USA,response,SOUTH KOREA,KOR,WASHINGTON,USA,022,02,1,3.2,10,-32.0,False,False,False,https://www.stripes.com/branches/army/2026-09-15/south-korea-protest-possible-hormuz-deployment-22858267.html
2026-09-15,2026-09-15,False,USA,response,SOUTH KOREA,KOR,UNITED STATES,USA,042,04,1,1.9,1,-1.9,False,False,False,https://capitalpress.com/2026/09/14/pacific-northwest-wheat-yields-soar-20-above-average/
2026-09-15,2026-09-15,False,USA,response,SOUTH KOREA,KOR,UNITED STATES,USA,042,04,1,1.9,2,-3.8,False,False,False,https://capitalpress.com/2026/09/14/pacific-northwest-wheat-yields-soar-20-above-average/
2026-09-15,2026-09-15,False,USA,response,SOUTH KOREA,KOR,WASHINGTON,USA,042,04,1,1.9,6,-11.4,False,False,False,https://capitalpress.com/2026/09/14/pacific-northwest-wheat-yields-soar-20-above-average/
2026-09-15,2026-09-15,False,USA,response,SOUTH KOREA,KOR,UNITED STATES,USA,043,04,1,2.8,1,-2.8,False,False,False,https://www.cofo.edu/News/moduleId/765/articleId/797/controller/Article/action/View
2026-09-15,2026-09-15,False,USA,response,SOUTH KOREA,KOR,UNITED STATES,USA,043,04,1,2.8,1,-2.8,False,False,False,https://www.cofo.edu/News/moduleId/765/articleId/797/controller/Article/action/View
2026-09-15,2026-09-15,False,USA,response,HYUNDAI,KOR,UNITED STATES,USA,070,07,2,7.0,2,-14.0,False,False,False,http://www.prnewswire.com/news-releases/hyundai-donates-25-000-to-expand-child-passenger-safety-in-metro-detroit-302879303.html
2026-09-15,2026-09-15,False,USA,response,HYUNDAI,KOR,MICHIGAN,USA,070,07,2,7.0,8,-56.0,False,False,False,http://www.prnewswire.com/news-releases/hyundai-donates-25-000-to-expand-child-passenger-safety-in-metro-detroit-302879303.html
2026-09-15,2026-09-15,False,USA,response,SOUTH KOREA,KOR,UNITED STATES,USA,128,12,3,-5.0,2,10.0,False,False,False,https://www.wikitree.co.kr/articles/1159657
2026-09-15,2026-09-15,False,USA,response,SAMSUNG,KOR,TEXAS,USA,051,05,1,3.4,5,-17.0,False,False,False,https://www.industryweek.com/leadership/strategic-planning-execution/article/55404964/memory-chips-are-in-short-supply-why-isnt-the-us-ramping-up-production
2026-09-15,2026-09-15,False,USA,response,SAMSUNG,KOR,TEXAS,USA,071,07,2,7.4,5,-37.0,False,True,False,https://www.industryweek.com/leadership/strategic-planning-execution/article/55404964/memory-chips-are-in-short-supply-why-isnt-the-us-ramping-up-production
2026-09-15,2026-09-15,False,PRK,threat,DPRK,PRK,SOUTH KOREA,KOR,020,02,1,3.0,2,-6.0,False,False,False,https://news.mail.ru/politics/72372787/
2026-09-15,2026-09-15,False,PRK,threat,DPRK,PRK,SOUTH KOREA,KOR,020,02,1,3.0,2,-6.0,False,False,False,https://news.mail.ru/politics/72372787/
2026-09-15,2026-09-15,False,PRK,threat,DPRK,PRK,SOUTH KOREA,KOR,020,02,1,3.0,2,-6.0,False,False,False,https://news.mail.ru/politics/72372787/
2026-09-15,2026-09-15,False,PRK,threat,DPRK,PRK,SOUTH KOREA,KOR,020,02,1,3.0,2,-6.0,False,False,False,https://news.mail.ru/politics/72372787/
2026-09-15,2026-09-15,False,PRK,threat,NORTH KOREA,PRK,SOUTH KOREA,KOR,111,11,3,-2.0,2,4.0,False,False,False,https://www.breitbart.com/asia/2026/09/15/north-korea-tests-new-combat-systems-including-advanced-drones-in-strike-drill/
2026-09-15,2026-09-15,False,PRK,threat,NORTH KOREAN,PRK,SOUTH KOREA,KOR,111,11,3,-2.0,5,10.0,False,False,False,https://www.breitbart.com/asia/2026/09/15/north-korea-tests-new-combat-systems-including-advanced-drones-in-strike-drill/
2026-09-15,2026-09-15,False,PRK,threat,NORTH KOREA,PRK,SEOUL,KOR,090,09,2,-2.0,3,6.0,False,False,False,https://asianews.network/beyond-north-korea-seouls-spy-law-targets-tech-theft/
2026-09-15,2026-09-15,False,PRK,threat,NORTH KOREA,PRK,SOUTH KOREA,KOR,194,19,4,-10.0,3,30.0,False,False,False,http://www.bignewsnetwork.com/news/279303292/north-korea-fires-missiles-toward-sea-from-wonsan
2026-09-15,2026-09-15,False,PRK,threat,NORTH KOREA,PRK,SEOUL,KOR,100,10,3,-5.0,2,10.0,False,False,True,https://www.yahoo.com/news/world/articles/why-fresh-wave-north-korean-232553405.html
2026-09-15,2026-09-15,False,PRK,threat,NORTH KOREA,PRK,SOUTH KOREA,KOR,051,05,1,3.4,2,-6.8,False,False,False,https://novosti.ua/politics/kim-chen-yn-obeshchaet-rasshirit-sotrudnichestvo-s-rossiey-i-verit-v-ee-pobedu
2026-09-15,2026-09-15,False,PRK,threat,NORTH KOREA,PRK,SOUTH KOREA,KOR,051,05,1,3.4,2,-6.8,False,False,False,https://novosti.ua/politics/kim-chen-yn-obeshchaet-rasshirit-sotrudnichestvo-s-rossiey-i-verit-v-ee-pobedu
2026-09-15,2026-09-15,False,PRK,threat,NORTH KOREA,PRK,SOUTH KOREA,KOR,150,15,4,-7.2,9,64.8,False,False,False,https://asianews.network/seoul-prepares-medical-equipment-for-north-korean-hospital-despite-tensions/
2026-09-15,2026-09-15,False,PRK,threat,PYONGYANG,PRK,SOUTH KOREA,KOR,150,15,4,-7.2,40,288.0,False,False,False,http://www.srilankasource.com/news/279303292/north-korea-launches-ballistic-missiles-off-east-coast
2026-09-15,2026-09-15,False,PRK,threat,NORTH KOREA,PRK,SOUTH KOREA,KOR,194,19,4,-10.0,1,10.0,False,False,False,http://www.bignewsnetwork.com/news/279303292/north-korea-fires-missiles-toward-sea-from-wonsan
2026-09-15,2026-09-15,False,PRK,threat,NORTH KOREA,PRK,SOUTH KOREA,KOR,150,15,4,-7.2,1,7.2,False,False,False,https://asianews.network/seoul-prepares-medical-equipment-for-north-korean-hospital-despite-tensions/
2026-09-15,2026-09-15,False,PRK,threat,NORTH KOREA,PRK,SOUTH KOREA,KOR,194,19,4,-10.0,2,20.0,False,False,False,http://www.bignewsnetwork.com/news/279303292/north-korea-fires-missiles-toward-sea-from-wonsan
2026-09-15,2026-09-15,False,RUS,threat,RUSSIA,RUS,SOUTH KOREA,KOR,030,03,1,4.0,2,-8.0,False,False,False,https://www.trud.ru/article/15-09-2026/1836871_tverdo_uveren_v_pobede_kim_chen_yn_poobeschal_neizmenno_podderzhivat_rossiju.html
2026-09-15,2026-09-15,False,RUS,threat,RUSSIA,RUS,SOUTH KOREA,KOR,030,03,1,4.0,4,-16.0,False,False,False,https://www.trud.ru/article/15-09-2026/1836871_tverdo_uveren_v_pobede_kim_chen_yn_poobeschal_neizmenno_podderzhivat_rossiju.html
2026-09-15,2026-09-15,False,RUS,threat,RUSSIA,RUS,SOUTH KOREA,KOR,051,05,1,3.4,2,-6.8,False,False,False,https://www.politika.rs/scc/clanak/785576/kim-dzong-un-uz-putina-cvrsto-sam-uveren-u-pobedu-rusije
2026-09-15,2026-09-15,False,RUS,threat,RUSSIA,RUS,SOUTH KOREA,KOR,020,02,1,3.0,8,-24.0,False,False,False,https://www.focus.de/politik/ausland/ukrainische-drohnenangriffe-setzen-russlands-raffinerien-ziemlich-unter-druck-im-august-musste-moskau-so-viel-treibstoff-importieren-wie-nie-zuvor_951ce1a9-a77f-4493-992e-bbe437a9c6d7.html
2026-09-15,2026-09-15,False,RUS,threat,RUSSIA,RUS,SOUTH KOREA,KOR,070,07,2,7.0,4,-28.0,False,False,False,https://sputnikportal.rs/20260915/kim-dzong-un-uveren-sam-u-pobedu-rusije-1203416110.html
2026-09-15,2026-09-15,False,RUS,threat,MOSCOW,RUS,SOUTH KOREAN,KOR,070,07,2,7.0,3,-21.0,False,False,False,https://www.independent.co.uk/asia/east-asia/russia-north-korea-putin-ukraine-war-b3050437.html
2026-09-15,2026-09-15,False,RUS,threat,RUSSIA,RUS,SOUTH KOREA,KOR,020,02,1,3.0,2,-6.0,False,False,False,https://www.focus.de/politik/ausland/ukrainische-drohnenangriffe-setzen-russlands-raffinerien-ziemlich-unter-druck-im-august-musste-moskau-so-viel-treibstoff-importieren-wie-nie-zuvor_951ce1a9-a77f-4493-992e-bbe437a9c6d7.html
2026-09-15,2026-09-15,False,RUS,threat,RUSSIAN,RUS,SOUTH KOREA,KOR,042,04,1,1.9,4,-7.6,False,False,False,https://english.news.cn/20260915/fccfc97c23154a419e80261986ea55c6/c.html
2026-09-15,2026-09-15,False,RUS,threat,RUSSIA,RUS,SOUTH KOREA,KOR,182,18,4,-9.5,2,19.0,False,False,False,https://www.koreatimes.co.kr/southkorea/20260915/2-in-cardiac-arrest-2-injured-after-gas-leak-on-russian-fishing-boat-in-busan
2026-09-15,2026-09-15,False,RUS,threat,RUSSIA,RUS,SOUTH KOREA,KOR,040,04,1,1.0,10,-10.0,False,False,False,https://ria.ru/20260915/koreja-2117703441.html
2026-09-15,2026-09-15,False,RUS,threat,RUSSIAN,RUS,SEOUL,KOR,182,18,4,-9.5,4,38.0,False,False,False,https://english.news.cn/20260915/fccfc97c23154a419e80261986ea55c6/c.html
2026-09-15,2026-09-15,False,RUS,threat,RUSSIA,RUS,BUSAN,KOR,043,04,1,2.8,4,-11.2,False,False,False,https://www.koreatimes.co.kr/southkorea/20260915/5-injured-due-to-gas-leak-on-russian-fishing-boat-in-busan
2026-09-15,2026-09-15,False,RUS,threat,RUSSIA,RUS,SOUTH KOREA,KOR,051,05,1,3.4,2,-6.8,False,False,False,https://www.politika.rs/scc/clanak/785576/kim-dzong-un-uz-putina-cvrsto-sam-uveren-u-pobedu-rusije
2026-09-15,2026-09-15,False,RUS,threat,RUSSIA,RUS,SOUTH KOREA,KOR,020,02,1,3.0,10,-30.0,False,False,False,https://www.focus.de/politik/ausland/ukrainische-drohnenangriffe-setzen-russlands-raffinerien-ziemlich-unter-druck-im-august-musste-moskau-so-viel-treibstoff-importieren-wie-nie-zuvor_951ce1a9-a77f-4493-992e-bbe437a9c6d7.html
2026-09-15,2026-09-15,False,RUS,threat,RUSSIA,RUS,SOUTH KOREA,KOR,070,07,2,7.0,2,-14.0,False,False,False,https://sputnikportal.rs/20260915/kim-dzong-un-uveren-sam-u-pobedu-rusije-1203416110.html
2026-09-15,2026-09-15,False,USA,threat,WASHINGTON,USA,SOUTH KOREA,KOR,051,05,1,3.4,1,-3.4,False,False,False,https://www.straitstimes.com/asia/east-asia/north-korea-says-us-driven-nuclear-submarine-push-justifies-its-own-weapons-buildup
2026-09-15,2026-09-15,False,USA,threat,MIAMI,USA,SOUTH KOREA,KOR,036,03,1,4.0,2,-8.0,False,False,False,https://oilprice.com/Energy/Energy-General/BRICS-Summit-Takes-Aim-at-US-Influence-Over-the-Global-Economy.html
2026-09-15,2026-09-15,False,USA,threat,MIAMI,USA,SOUTH KOREA,KOR,046,04,1,7.0,2,-14.0,False,False,False,https://oilprice.com/Energy/Energy-General/BRICS-Summit-Takes-Aim-at-US-Influence-Over-the-Global-Economy.html
2026-09-15,2026-09-15,False,USA,threat,THE US,USA,SOUTH KOREA,KOR,040,04,1,1.0,1,-1.0,False,False,True,https://oilprice.com/Energy/Energy-General/BRICS-Summit-Takes-Aim-at-US-Influence-Over-the-Global-Economy.html
2026-09-15,2026-09-15,False,USA,threat,THE US,USA,SOUTH KOREA,KOR,040,04,1,1.0,1,-1.0,False,False,True,https://oilprice.com/Energy/Energy-General/BRICS-Summit-Takes-Aim-at-US-Influence-Over-the-Global-Economy.html
2026-09-15,2026-09-15,False,USA,threat,MIAMI,USA,SOUTH KOREA,KOR,036,03,1,4.0,2,-8.0,False,False,False,https://oilprice.com/Energy/Energy-General/BRICS-Summit-Takes-Aim-at-US-Influence-Over-the-Global-Economy.html
2026-09-15,2026-09-15,False,USA,threat,MIAMI,USA,SOUTH KOREA,KOR,046,04,1,7.0,2,-14.0,False,False,False,https://oilprice.com/Energy/Energy-General/BRICS-Summit-Takes-Aim-at-US-Influence-Over-the-Global-Economy.html
2026-09-15,2026-09-15,False,USA,threat,FIRST STATE,USA,SOUTH KOREA,KOR,042,04,1,1.9,8,-15.2,False,False,False,https://www.newscentralasia.net/2026/09/15/south-korea-and-turkmenistan-agree-to-expand-economic-partnership-sign-investment-protection-agreement-and-13-documents/
2026-09-15,2026-09-15,False,USA,threat,FIRST STATE,USA,SOUTH KOREA,KOR,042,04,1,1.9,2,-3.8,False,False,False,https://www.newscentralasia.net/2026/09/15/south-korea-and-turkmenistan-agree-to-expand-economic-partnership-sign-investment-protection-agreement-and-13-documents/
2026-09-15,2026-09-15,False,USA,threat,GOOGLE,USA,SAMSUNG,KOR,084,08,2,7.0,5,-35.0,False,False,False,https://www.androidpolice.com/google-7-year-pixel-update-promise-problem/
2026-09-15,2026-09-15,False,USA,threat,GOOGLE,USA,SAMSUNG,KOR,051,05,1,3.4,5,-17.0,False,False,False,https://www.expertreviews.co.uk/technology/phones/motorola-razr-fold-review
2026-09-15,2026-09-15,False,USA,threat,THE US,USA,SOUTH KOREA,KOR,020,02,1,3.0,8,-24.0,False,False,False,https://www.dw.com/en/us-allies-in-asia-alarmed-as-think-tank-calls-for-pullback/a-79275554
2026-09-15,2026-09-15,False,USA,threat,UNITED STATES,USA,SOUTH KOREA,KOR,020,02,1,3.0,10,-30.0,False,False,False,https://www.rnz.co.nz/news/pacific/1387911/us-think-tank-proposes-military-shift-to-guam-cnmi-and-pacific-islands
2026-09-15,2026-09-15,False,USA,threat,UNITED STATES,USA,SOUTH KOREA,KOR,043,04,1,2.8,2,-5.6,False,False,False,https://capitalpress.com/2026/09/14/pacific-northwest-wheat-yields-soar-20-above-average/
2026-09-15,2026-09-15,False,USA,threat,WASHINGTON,USA,SOUTH KOREA,KOR,043,04,1,2.8,6,-16.8,False,False,False,https://capitalpress.com/2026/09/14/pacific-northwest-wheat-yields-soar-20-above-average/
2026-09-15,2026-09-15,False,USA,threat,THE US,USA,SOUTH KOREA,KOR,040,04,1,1.0,10,-10.0,False,False,False,https://biz.heraldcorp.com/article/10874179
2026-09-15,2026-09-15,False,USA,threat,GOOGLE,USA,SOUTH KOREA,KOR,193,19,4,-10.0,16,160.0,False,False,False,https://www.heraldk.com/article/2026091417130399974
2026-09-15,2026-09-15,False,USA,threat,MICROSOFT,USA,SOUTH KOREA,KOR,042,04,1,1.9,8,-15.2,False,False,False,https://zdnet.co.kr/view/?no=20260915151525
2026-09-15,2026-09-15,False,USA,threat,GOOGLE,USA,SAMSUNG,KOR,020,02,1,3.0,10,-30.0,False,False,False,https://mashable.com/tech/samsung-considering-trifold-2-to-compete-with-iphone-duo
2026-09-15,2026-09-15,False,USA,threat,UNITED STATES,USA,SOUTH KOREA,KOR,190,19,4,-10.0,4,40.0,False,False,False,https://www.pokernews.com/news/2026/09/matthew-wantman-wins-first-triton-title-836k-jeju-52388.htm
2026-09-15,2026-09-15,False,USA,threat,LOS ANGELES,USA,SEOUL,KOR,090,09,2,-2.0,10,20.0,False,False,False,https://www.prnewswire.com/news-releases/inculab-plus-kidstopia-earns-kidsafe-safe-certified-global-child-online-safety-seal-302877101.html
2026-09-15,2026-09-15,False,USA,threat,UNITED STATES,USA,SOUTH KOREA,KOR,020,02,1,3.0,2,-6.0,False,False,False,https://www.dw.com/en/us-allies-in-asia-alarmed-as-think-tank-calls-for-pullback/a-79275554
2026-09-15,2026-09-15,False,USA,threat,US STATE DEPARTMENT,USA,SOUTH KOREA,KOR,036,03,1,4.0,2,-8.0,False,False,True,https://www.koreaherald.com/article/10874280
2026-09-15,2026-09-15,False,USA,threat,US STATE DEPARTMENT,USA,SOUTH KOREA,KOR,036,03,1,4.0,2,-8.0,False,False,True,https://www.koreaherald.com/article/10874280
2026-09-15,2026-09-15,False,USA,threat,WASHINGTON,USA,SOUTH KOREA,KOR,100,10,3,-5.0,6,30.0,False,False,False,https://www.stripes.com/branches/army/2026-09-15/south-korea-protest-possible-hormuz-deployment-22858267.html
2026-09-15,2026-09-15,False,USA,threat,WASHINGTON,USA,SOUTH KOREA,KOR,154,15,4,-7.2,10,72.0,False,False,False,https://www.stripes.com/branches/army/2026-09-15/south-korea-protest-possible-hormuz-deployment-22858267.html
2026-09-15,2026-09-15,False,USA,threat,UNITED STATES,USA,SOUTH KOREA,KOR,100,10,3,-5.0,4,20.0,False,False,False,https://www.stripes.com/branches/army/2026-09-15/south-korea-protest-possible-hormuz-deployment-22858267.html
2026-09-15,2026-09-15,False,USA,threat,UNITED STATES,USA,SOUTH KOREA,KOR,173,17,4,-5.0,6,30.0,False,False,False,https://cnnespanol.cnn.com/2026/09/15/eeuu/trabajadores-surcoreanos-desafian-trump-georgia-hyundai-trax
2026-09-15,2026-09-15,False,USA,threat,UNITED STATES,USA,SOUTH KOREA,KOR,190,19,4,-10.0,3,30.0,False,False,False,https://www.cnn.com/2026/09/15/us/hyundai-plant-ice-raid-workers-file-claim-hnk-dst
2026-09-15,2026-09-15,False,USA,threat,UNITED STATES,USA,SOUTH KOREA,KOR,190,19,4,-10.0,1,10.0,False,False,False,https://www.cnn.com/2026/09/15/us/hyundai-plant-ice-raid-workers-file-claim-hnk-dst
2026-09-15,2026-09-15,False,USA,threat,UNITED STATES,USA,SOUTH KOREA,KOR,043,04,1,2.8,2,-5.6,False,False,False,https://www.prokerala.com/news/articles/a1812434.html
2026-09-15,2026-09-15,False,USA,threat,UNITED STATES,USA,SOUTH KOREAN,KOR,043,04,1,2.8,6,-16.8,False,False,False,https://www.prokerala.com/news/articles/a1812434.html
2026-09-15,2026-09-15,False,USA,threat,NEW YORK,USA,SOUTH KOREA,KOR,128,12,3,-5.0,6,30.0,False,False,False,https://www.hankookilbo.com/news/article/A2026091513510000613
2026-09-15,2026-09-15,False,USA,threat,UNITED STATES,USA,SOUTH KOREA,KOR,042,04,1,1.9,1,-1.9,False,False,False,https://www.cofo.edu/News/moduleId/765/articleId/797/controller/Article/action/View
2026-09-15,2026-09-15,False,USA,threat,UNITED STATES,USA,SOUTH KOREAN,KOR,043,04,1,2.8,2,-5.6,False,False,False,https://www.prokerala.com/news/articles/a1812434.html
2026-09-15,2026-09-15,False,USA,threat,BLACKROCK,USA,SOUTH KOREA,KOR,051,05,1,3.4,2,-6.8,False,False,False,https://investinglive.com/stock-market-update/korea-and-taiwan-back-in-favour-as-blackrock-lifts-emerging-markets-to-overweight/
2026-09-15,2026-09-15,False,USA,threat,MICROSOFT,USA,SOUTH KOREA,KOR,042,04,1,1.9,6,-11.4,False,False,False,https://www.edaily.co.kr/News/Read?newsId=02892966645580448&mediaCodeNo=257
2026-09-15,2026-09-15,False,USA,threat,MICROSOFT,USA,SOUTH KOREA,KOR,193,19,4,-10.0,6,60.0,False,False,False,http://inews24.com/view/2005613
2026-09-15,2026-09-15,False,USA,threat,UNITED STATES,USA,SOUTH KOREA,KOR,043,04,1,2.8,1,-2.8,False,False,False,https://capitalpress.com/2026/09/14/pacific-northwest-wheat-yields-soar-20-above-average/
2026-09-15,2026-09-15,False,USA,threat,WASHINGTON,USA,SOUTH KOREA,KOR,043,04,1,2.8,1,-2.8,False,False,False,https://capitalpress.com/2026/09/14/pacific-northwest-wheat-yields-soar-20-above-average/
2026-09-15,2026-09-15,False,USA,threat,SAN FRANCISCO,USA,HYUNDAI,KOR,016,01,1,-2.0,10,20.0,False,False,False,https://www.harrismartin.com/publications/27/MDL/articles/101742/9th-cir-reverses-dismissal-of-south-korean-defendants-from-hyundaikia-theft-mdl/
2026-09-15,2026-09-15,False,USA,threat,UNITED STATES,USA,SOUTH KOREA,KOR,020,02,1,3.0,2,-6.0,False,False,False,https://www.scoop.co.nz/stories/WO2609/S00112/us-think-tank-proposes-military-shift-to-guam-cnmi-and-pacific-islands.htm
2026-09-15,2026-09-15,False,USA,threat,UNITED STATES,USA,SOUTH KOREA,KOR,100,10,3,-5.0,2,10.0,False,False,False,https://www.cnn.com/2026/09/15/us/hyundai-plant-ice-raid-workers-file-claim-hnk-dst
2026-09-15,2026-09-15,False,USA,threat,WASHINGTON,USA,SEOUL,KOR,100,10,3,-5.0,2,10.0,False,False,False,https://www.cnn.com/2026/09/15/us/hyundai-plant-ice-raid-workers-file-claim-hnk-dst
2026-09-15,2026-09-15,False,USA,threat,UNITED STATES,USA,SOUTH KOREAN,KOR,190,19,4,-10.0,2,20.0,False,False,False,https://www.cnn.com/2026/09/15/us/hyundai-plant-ice-raid-workers-file-claim-hnk-dst
2026-09-15,2026-09-15,False,USA,threat,UNITED STATES,USA,SOUTH KOREA,KOR,042,04,1,1.9,1,-1.9,False,False,False,https://www.cofo.edu/News/moduleId/765/articleId/797/controller/Article/action/View
2026-09-15,2026-09-15,False,USA,threat,UNITED STATES,USA,SOUTH KOREA,KOR,128,12,3,-5.0,2,10.0,False,False,False,https://www.hankookilbo.com/news/article/A2026091513510000613
2026-09-16,2026-09-16,False,CHN,threat,CHINA,CHN,SEOUL,KOR,010,01,1,0.0,8,-0.0,False,False,False,http://en.people.cn/n3/2026/0916/c90000-20500238.html
2026-09-16,2026-09-16,False,CHN,threat,CHINA,CHN,SOUTH KOREA,KOR,010,01,1,0.0,1,-0.0,False,False,True,http://en.people.cn/n3/2026/0916/c90000-20500166.html
2026-09-16,2026-09-16,False,CHN,threat,BEIJING,CHN,SOUTH KOREA,KOR,010,01,1,0.0,2,-0.0,False,False,False,http://en.ce.cn/main/latest/202609/t20260916_3216904.shtml
2026-09-16,2026-09-16,False,CHN,threat,CHINA,CHN,SOUTH KOREA,KOR,010,01,1,0.0,1,-0.0,False,False,True,http://en.people.cn/n3/2026/0916/c90000-20500166.html
2026-09-16,2026-09-16,False,CHN,threat,CHINA,CHN,SOUTH KOREA,KOR,043,04,1,2.8,2,-5.6,True,False,True,https://www.aljazeera.com/news/2026/9/16/chinas-defence-chief-warns-against-coercion-avoids-us-japan-mention
2026-09-16,2026-09-16,False,CHN,threat,CHINA,CHN,SOUTH KOREA,KOR,030,03,1,4.0,8,-32.0,False,False,False,https://www.koreaherald.com/article/10874995
2026-09-16,2026-09-16,False,CHN,threat,CHINA,CHN,SOUTH KOREA,KOR,030,03,1,4.0,2,-8.0,False,False,False,https://www.koreaherald.com/article/10874995
2026-09-16,2026-09-16,False,CHN,threat,CHINESE,CHN,SOUTH KOREA,KOR,013,01,1,0.4,2,-0.8,False,False,False,https://www.globaltimes.cn/page/202609/1370667.shtml
2026-09-16,2026-09-16,False,CHN,threat,CHINESE,CHN,SOUTH KOREA,KOR,042,04,1,1.9,2,-3.8,False,False,False,https://www.globaltimes.cn/page/202609/1370667.shtml
2026-09-16,2026-09-16,False,CHN,threat,CHINESE,CHN,INCHEON,KOR,042,04,1,1.9,6,-11.4,False,False,False,https://www.globaltimes.cn/page/202609/1370667.shtml
2026-09-16,2026-09-16,False,CHN,threat,XI JINPING,CHN,BUSAN,KOR,040,04,1,1.0,10,-10.0,False,False,True,https://bworldonline.com/world/2026/09/16/777722/poll-shows-rising-trust-in-global-institutions-less-comfort-with-us-as-global-leader/
2026-09-16,2026-09-16,False,CHN,threat,CHINA,CHN,SOUTH KOREA,KOR,051,05,1,3.4,6,-20.4,False,False,False,https://wiadomosci.onet.pl/swiat/korea-polnocna-wychodzi-z-miedzynarodowej-izolacji-dzieki-putinowi-xi-i-trumpowi/8dtrjn7
2026-09-16,2026-09-16,False,CHN,threat,CHINA,CHN,SEOUL,KOR,010,01,1,0.0,8,-0.0,False,False,False,http://en.people.cn/n3/2026/0916/c90000-20500238.html
2026-09-16,2026-09-16,False,CHN,threat,CHINESE,CHN,INCHEON,KOR,042,04,1,1.9,6,-11.4,False,False,False,https://www.globaltimes.cn/page/202609/1370667.shtml
2026-09-16,2026-09-16,False,CHN,threat,CHINESE,CHN,SOUTH KOREA,KOR,042,04,1,1.9,2,-3.8,False,False,False,https://www.globaltimes.cn/page/202609/1370667.shtml
2026-09-16,2026-09-16,False,CHN,threat,XI JINPING,CHN,BUSAN,KOR,046,04,1,7.0,10,-70.0,False,False,True,https://bworldonline.com/world/2026/09/16/777722/poll-shows-rising-trust-in-global-institutions-less-comfort-with-us-as-global-leader/
2026-09-16,2026-09-16,False,CHN,threat,JIANGXI,CHN,BUSAN,KOR,020,02,1,3.0,6,-18.0,False,False,False,https://biz.heraldcorp.com/article/10876007
2026-09-16,2026-09-16,False,JPN,threat,JAPAN,JPN,SOUTH KOREA,KOR,057,05,1,8.0,1,-8.0,False,False,False,https://www.petroleum-economist.com/magazine/2026/augustseptember-2026/energy-realigned-with-king-spalding/a-new-all-energy-focus/
2026-09-16,2026-09-16,False,JPN,threat,JAPAN,JPN,SOUTH KOREA,KOR,020,02,1,3.0,8,-24.0,False,False,False,https://www.atlanticcouncil.org/dispatches/dispatch-from-seoul-how-asian-allies-can-help-the-us-with-iran/
2026-09-16,2026-09-16,False,JPN,threat,JAPAN,JPN,SOUTH KOREA,KOR,020,02,1,3.0,2,-6.0,False,False,False,https://www.atlanticcouncil.org/dispatches/dispatch-from-seoul-how-asian-allies-can-help-the-us-with-iran/
2026-09-16,2026-09-16,False,JPN,threat,JAPAN,JPN,SOUTH KOREA,KOR,057,05,1,8.0,1,-8.0,False,False,False,https://www.petroleum-economist.com/magazine/2026/augustseptember-2026/energy-realigned-with-king-spalding/a-new-all-energy-focus/
2026-09-16,2026-09-16,False,JPN,threat,JAPAN,JPN,SOUTH KOREA,KOR,051,05,1,3.4,2,-6.8,False,False,False,https://www.chinatechnews.com/2026/09/16/129218-north-korea-condemns-u-s-nuclear-submarine-alliance
2026-09-16,2026-09-16,False,JPN,threat,JAPAN,JPN,SOUTH KOREA,KOR,051,05,1,3.4,1,-3.4,False,False,False,https://www.chinatechnews.com/2026/09/16/129218-north-korea-condemns-u-s-nuclear-submarine-alliance
2026-09-16,2026-09-16,False,JPN,threat,JAPAN,JPN,SOUTH KOREA,KOR,057,05,1,8.0,3,-24.0,False,False,False,https://www.petroleum-economist.com/magazine/2026/augustseptember-2026/energy-realigned-with-king-spalding/a-new-all-energy-focus/
2026-09-16,2026-09-16,False,JPN,threat,JAPAN,JPN,SOUTH KOREA,KOR,057,05,1,8.0,2,-16.0,False,False,False,https://jp.ibtimes.com/japan-south-korea-housing-finance-agencies-sign-cooperation-pact-104421
2026-09-16,2026-09-16,False,JPN,threat,JAPAN,JPN,SOUTH KOREA,KOR,120,12,3,-4.0,1,4.0,False,False,False,http://www.bjreview.com.cn/Opinion/Voice/202609/t20260914_800446644.html
2026-09-16,2026-09-16,False,JPN,threat,JAPAN,JPN,SOUTH KOREA,KOR,120,12,3,-4.0,1,4.0,False,False,False,http://www.bjreview.com.cn/Opinion/Voice/202609/t20260914_800446644.html
2026-09-16,2026-09-16,False,JPN,threat,JAPANESE,JPN,SEOUL,KOR,043,04,1,2.8,1,-2.8,False,False,False,http://www.bjreview.com.cn/Opinion/Voice/202609/t20260914_800446644.html
2026-09-16,2026-09-16,False,JPN,threat,JAPANESE,JPN,SOUTH KOREA,KOR,090,09,2,-2.0,6,12.0,False,False,False,https://www.soompi.com/article/1870987wpp/got7s-park-jinyoung-grows-suspicious-of-kim-you-jung-in-new-drama-100-days-of-deception
2026-09-16,2026-09-16,False,JPN,threat,JAPANESE,JPN,BUSAN,KOR,042,04,1,1.9,2,-3.8,False,False,False,https://koreabridge.net/post/busan-tourists-name-trash-bins-and-toilets-top-complaint
2026-09-16,2026-09-16,False,JPN,response,BUSAN,KOR,JAPANESE,JPN,043,04,1,2.8,1,-2.8,False,False,False,https://koreabridge.net/post/busan-tourists-name-trash-bins-and-toilets-top-complaint
2026-09-16,2026-09-16,False,CHN,response,BUSAN,KOR,XI JINPING,CHN,046,04,1,7.0,10,-70.0,False,False,True,https://bworldonline.com/world/2026/09/16/777722/poll-shows-rising-trust-in-global-institutions-less-comfort-with-us-as-global-leader/
2026-09-16,2026-09-16,False,CHN,response,SOUTH KOREA,KOR,CHINA,CHN,044,04,1,2.5,2,-5.0,True,False,True,https://www.asiaone.com:443/asia/north-korea-says-us-driven-nuclear-submarine-push-justifies-its-own-weapons-buildup
2026-09-16,2026-09-16,False,JPN,response,SOUTH KOREA,KOR,JAPAN,JPN,057,05,1,8.0,1,-8.0,False,False,False,https://www.petroleum-economist.com/magazine/2026/augustseptember-2026/energy-realigned-with-king-spalding/a-new-all-energy-focus/
2026-09-16,2026-09-16,False,CHN,response,SOUTH KOREA,KOR,CHINA,CHN,061,06,2,6.4,6,-38.4,False,True,False,https://dailypioneer.com/news/semicon-2026-indias-semiconductor-moment
2026-09-16,2026-09-16,False,CHN,response,SOUTH KOREA,KOR,CHINA,CHN,050,05,1,3.5,8,-28.0,False,False,False,https://www.theatlantic.com/ideas/2026/09/trump-iran-superpower-decline/688639/
2026-09-16,2026-09-16,False,CHN,response,SOUTH KOREA,KOR,CHINA,CHN,084,08,2,7.0,8,-56.0,False,False,False,https://www.etnews.com/20260916000263
2026-09-16,2026-09-16,False,CHN,response,SOUTH KOREA,KOR,CHINA,CHN,084,08,2,7.0,2,-14.0,False,False,False,https://www.etnews.com/20260916000263
2026-09-16,2026-09-16,False,CHN,response,SOUTH KOREA,KOR,CHINA,CHN,114,11,3,-2.0,8,16.0,False,False,False,https://www.etnews.com/20260916000308
2026-09-16,2026-09-16,False,CHN,response,SOUTH KOREA,KOR,CHINA,CHN,138,13,3,-7.0,10,70.0,False,False,False,https://www.etnews.com/20260916000263
2026-09-16,2026-09-16,False,USA,response,SOUTH KOREA,KOR,UNITED STATES,USA,061,06,2,6.4,2,-12.8,False,True,False,https://dailypioneer.com/news/semicon-2026-indias-semiconductor-moment
2026-09-16,2026-09-16,False,USA,response,SOUTH KOREA,KOR,UNITED STATES,USA,061,06,2,6.4,2,-12.8,False,True,False,https://dailypioneer.com/news/semicon-2026-indias-semiconductor-moment
2026-09-16,2026-09-16,False,CHN,response,SOUTH KOREA,KOR,CHINA,CHN,114,11,3,-2.0,2,4.0,False,False,False,https://www.etnews.com/20260916000308
2026-09-16,2026-09-16,False,CHN,response,SOUTH KOREA,KOR,CHINA,CHN,030,03,1,4.0,5,-20.0,False,False,False,https://www.koreaherald.com/article/10874995
2026-09-16,2026-09-16,False,CHN,response,S. KOREA,KOR,CHINA,CHN,0833,08,2,5.0,5,-25.0,False,False,False,https://www.koreaherald.com/article/10874995
2026-09-16,2026-09-16,False,CHN,response,SOUTH KOREA,KOR,CHINA,CHN,030,03,1,4.0,4,-16.0,False,False,False,https://www.koreaherald.com/article/10874995
2026-09-16,2026-09-16,False,CHN,response,SOUTH KOREA,KOR,BEIJING,CHN,051,05,1,3.4,8,-27.2,False,False,False,http://russian.news.cn/20260916/d178ba5d6d064305b5f216571e8c536b/c.html
2026-09-16,2026-09-16,False,CHN,response,SEOUL,KOR,BEIJING,CHN,054,05,1,6.0,3,-18.0,False,False,False,https://www.hani.co.kr/arti/english_edition/english_editorials/1278130.html
2026-09-16,2026-09-16,False,CHN,response,INCHEON,KOR,CHINESE,CHN,043,04,1,2.8,12,-33.6,False,False,False,https://www.globaltimes.cn/page/202609/1370667.shtml
2026-09-16,2026-09-16,False,CHN,response,SOUTH KOREA,KOR,CHINESE,CHN,043,04,1,2.8,4,-11.2,False,False,False,https://www.globaltimes.cn/page/202609/1370667.shtml
2026-09-16,2026-09-16,False,CHN,response,SOUTH KOREA,KOR,CHINA,CHN,054,05,1,6.0,3,-18.0,False,False,False,https://www.hani.co.kr/arti/english_edition/english_editorials/1278130.html
2026-09-16,2026-09-16,False,CHN,response,SEOUL,KOR,BEIJING,CHN,054,05,1,6.0,1,-6.0,False,False,False,https://www.hani.co.kr/arti/english_edition/english_editorials/1278130.html
2026-09-16,2026-09-16,False,CHN,response,SOUTH KOREA,KOR,BEIJING,CHN,051,05,1,3.4,4,-13.6,False,False,False,http://russian.news.cn/20260916/d178ba5d6d064305b5f216571e8c536b/c.html
2026-09-16,2026-09-16,False,CHN,response,SOUTH KOREA,KOR,CHINA,CHN,051,05,1,3.4,4,-13.6,False,False,False,http://russian.news.cn/20260916/d178ba5d6d064305b5f216571e8c536b/c.html
2026-09-16,2026-09-16,False,CHN,response,SOUTH KOREA,KOR,CHINA,CHN,044,04,1,2.5,2,-5.0,False,False,True,https://bworldonline.com/world/2026/09/16/777667/north-korea-says-us-driven-nuclear-submarine-push-justifies-its-own-weapons-buildup/
2026-09-16,2026-09-16,False,CHN,response,SOUTH KOREA,KOR,CHINA,CHN,042,04,1,1.9,2,-3.8,True,False,True,https://www.aljazeera.com/news/2026/9/16/chinas-defence-chief-warns-against-coercion-avoids-us-japan-mention
2026-09-16,2026-09-16,False,PRK,response,SOUTH KOREA,KOR,NORTH KOREA,PRK,051,05,1,3.4,1,-3.4,False,False,False,https://www.vetogate.com/5733124
2026-09-16,2026-09-16,False,JPN,response,SOUTH KOREA,KOR,JAPAN,JPN,020,02,1,3.0,2,-6.0,False,False,False,https://www.moneycontrol.com/technology/india-needs-resilient-chip-ecosystem-beyond-fabs-stronger-g2g-ties-to-attract-global-players-semi-ceo-article-14030772.html
2026-09-16,2026-09-16,False,JPN,response,SOUTH KOREA,KOR,JAPAN,JPN,057,05,1,8.0,1,-8.0,False,False,False,https://www.petroleum-economist.com/magazine/2026/augustseptember-2026/energy-realigned-with-king-spalding/a-new-all-energy-focus/
2026-09-16,2026-09-16,False,USA,response,SOUTH KOREA,KOR,UNITED STATES,USA,070,07,2,7.0,2,-14.0,False,False,False,https://www.edaily.co.kr/News/Read?newsId=05067606645580776&mediaCodeNo=257
2026-09-16,2026-09-16,False,JPN,response,BUSAN,KOR,JAPANESE,JPN,043,04,1,2.8,1,-2.8,False,False,False,https://koreabridge.net/post/busan-tourists-name-trash-bins-and-toilets-top-complaint
2026-09-16,2026-09-16,False,JPN,response,SOUTH KOREA,KOR,JAPAN,JPN,193,19,4,-10.0,5,50.0,False,False,False,https://www.wikitree.co.kr/articles/1160039
2026-09-16,2026-09-16,False,JPN,response,SOUTH KOREA,KOR,JAPAN,JPN,030,03,1,4.0,8,-32.0,False,False,False,https://www.etnews.com/20260916000268
2026-09-16,2026-09-16,False,USA,response,SOUTH KOREA,KOR,UNITED STATES,USA,010,01,1,0.0,10,-0.0,False,False,False,https://www.etoday.co.kr/news/view/2626362
2026-09-16,2026-09-16,False,JPN,response,SOUTH KOREA,KOR,JAPAN,JPN,020,02,1,3.0,6,-18.0,False,False,False,https://www.moneycontrol.com/technology/india-needs-resilient-chip-ecosystem-beyond-fabs-stronger-g2g-ties-to-attract-global-players-semi-ceo-article-14030772.html
2026-09-16,2026-09-16,False,USA,response,SOUTH KOREA,KOR,UNITED STATES,USA,0311,03,1,5.2,2,-10.4,False,False,False,https://theasian.asia/archives/205181
2026-09-16,2026-09-16,False,JPN,response,SOUTH KOREA,KOR,JAPAN,JPN,057,05,1,8.0,3,-24.0,False,False,False,https://www.petroleum-economist.com/magazine/2026/augustseptember-2026/energy-realigned-with-king-spalding/a-new-all-energy-focus/
2026-09-16,2026-09-16,False,JPN,response,SOUTH KOREA,KOR,JAPAN,JPN,020,02,1,3.0,2,-6.0,False,False,False,https://www.moneycontrol.com/technology/india-needs-resilient-chip-ecosystem-beyond-fabs-stronger-g2g-ties-to-attract-global-players-semi-ceo-article-14030772.html
2026-09-16,2026-09-16,False,JPN,response,SOUTH KOREA,KOR,JAPAN,JPN,111,11,3,-2.0,10,20.0,False,False,False,https://www.ddaily.co.kr:443/page/view/2026091610260706798
2026-09-16,2026-09-16,False,JPN,response,SEOUL,KOR,JAPANESE,JPN,042,04,1,1.9,1,-1.9,False,False,False,http://www.bjreview.com.cn/Opinion/Voice/202609/t20260914_800446644.html
2026-09-16,2026-09-16,False,JPN,response,SEOUL,KOR,JAPANESE,JPN,120,12,3,-4.0,1,4.0,False,False,False,http://www.bjreview.com.cn/Opinion/Voice/202609/t20260914_800446644.html
2026-09-16,2026-09-16,False,JPN,response,SOUTH KOREA,KOR,JAPAN,JPN,040,04,1,1.0,2,-2.0,False,False,False,https://vijesti.hrt.hr/svijet/sjeverna-koreja-optuzila-sad-za-sirenje-saveza-za-nuklearne-podmornice-12909990
2026-09-16,2026-09-16,False,JPN,response,SOUTH KOREA,KOR,JAPAN,JPN,057,05,1,8.0,2,-16.0,False,False,False,https://jp.ibtimes.com/japan-south-korea-housing-finance-agencies-sign-cooperation-pact-104421
2026-09-16,2026-09-16,False,JPN,response,SOUTH KOREA,KOR,TOKYO,JPN,040,04,1,1.0,6,-6.0,False,False,False,https://vijesti.hrt.hr/svijet/sjeverna-koreja-optuzila-sad-za-sirenje-saveza-za-nuklearne-podmornice-12909990
2026-09-16,2026-09-16,False,JPN,response,SEOUL,KOR,TOKYO,JPN,040,04,1,1.0,2,-2.0,False,False,False,https://vijesti.hrt.hr/svijet/sjeverna-koreja-optuzila-sad-za-sirenje-saveza-za-nuklearne-podmornice-12909990
2026-09-16,2026-09-16,False,JPN,response,SOUTH KOREA,KOR,JAPAN,JPN,040,04,1,1.0,10,-10.0,False,False,False,https://yle.fi/a/7-10103851
2026-09-16,2026-09-16,False,PRK,response,SEOUL,KOR,NORTH KOREAN,PRK,090,09,2,-2.0,8,16.0,False,False,False,https://oglobo.globo.com/mundo/noticia/2026/09/16/coreia-do-norte-e-condenada-a-pagar-us-325-milhoes-a-seul-por-explodir-escritorio.ghtml
2026-09-16,2026-09-16,False,USA,response,SEOUL,KOR,UNITED STATES,USA,112,11,3,-2.0,10,20.0,False,False,False,https://www.prokerala.com/news/articles/a1812779.html
2026-09-16,2026-09-16,False,USA,response,SOUTH KOREA,KOR,WASHINGTON,USA,036,03,1,4.0,3,-12.0,False,False,True,https://www.koreatimes.co.kr/foreignaffairs/20260916/korean-us-fms-to-meet-this-week-amid-investment-deals-hormuz-discussions
2026-09-16,2026-09-16,False,PRK,response,SOUTH KOREA,KOR,NORTH KOREA,PRK,020,02,1,3.0,20,-60.0,False,False,True,https://www.kristeligt-dagblad.dk/udland/nordkorea-doemt-til-betale-sydkorea-spraengt-faelleskontor
2026-09-16,2026-09-16,False,PRK,response,SOUTH KOREAN,KOR,NORTH KOREA,PRK,100,10,3,-5.0,4,20.0,False,False,False,https://www.koreaherald.com:443/article/3146315
2026-09-16,2026-09-16,False,PRK,response,SOUTH KOREAN,KOR,NORTH KOREAN,PRK,114,11,3,-2.0,2,4.0,False,False,False,https://www.koreaherald.com:443/article/3146315
2026-09-16,2026-09-16,False,PRK,response,SOUTH KOREAN,KOR,NORTH KOREA,PRK,115,11,3,-2.0,2,4.0,False,False,False,https://www.koreaherald.com:443/article/3146315
2026-09-16,2026-09-16,False,PRK,response,SOUTH KOREAN,KOR,NORTH KOREAN,PRK,114,11,3,-2.0,2,4.0,False,False,True,https://www.koreaherald.com:443/article/3146315
2026-09-16,2026-09-16,False,PRK,response,SOUTH KOREAN,KOR,NORTH KOREA,PRK,100,10,3,-5.0,6,30.0,False,False,True,https://www.koreaherald.com:443/article/3146315
2026-09-16,2026-09-16,False,PRK,response,SOUTH KOREA,KOR,NORTH KOREA,PRK,114,11,3,-2.0,2,4.0,False,False,True,https://www.koreaherald.com:443/article/3146315
2026-09-16,2026-09-16,False,PRK,response,SOUTH KOREA,KOR,NORTH KOREA,PRK,173,17,4,-5.0,8,40.0,False,False,False,https://www.deutschlandfunk.de/gericht-verurteilt-nordkorea-zu-schadenersatz-urteil-hat-vor-allem-symbolische-bedeutung-100.html
2026-09-16,2026-09-16,False,PRK,response,SOUTH KOREA,KOR,DPRK,PRK,111,11,3,-2.0,10,20.0,False,False,False,https://news.bg/int-politics/yuzhna-koreya-osadi-kndr-da-i-plati-32-5-mln-dolara-za-vzriveniya-savmesten-ofis-za-vrazka.html
2026-09-16,2026-09-16,False,PRK,response,SOUTH KOREAN,KOR,NORTH KOREA,PRK,057,05,1,8.0,2,-16.0,False,False,False,https://asianews.network/seoul-court-orders-north-korea-to-pay-usd32-63-mil-for-blowing-up-inter-korean-liaison-office/
2026-09-16,2026-09-16,False,PRK,response,SEOUL,KOR,NORTH KOREA,PRK,1712,17,4,-9.2,10,92.0,False,False,False,https://www.prokerala.com/news/articles/a1812791.html
2026-09-16,2026-09-16,False,PRK,response,SOUTH KOREAN,KOR,NORTH KOREA,PRK,105,10,3,-5.0,3,15.0,False,False,False,https://www.internazionale.it/ultime-notizie-reuters/2026/09/16/south-korean-court-orders-north-korea-to-pay-damages-over-2020-liaison-office-demolition-yonhap-reports
2026-09-16,2026-09-16,False,PRK,response,SOUTH KOREAN,KOR,PYONGYANG,PRK,162,16,4,-5.6,8,44.8,False,False,False,https://www.thenews.com.pk/latest/1416409-south-korean-court-orders-north-korea-to-pay-325-millionheres-why
2026-09-16,2026-09-16,False,PRK,response,SOUTH KOREA,KOR,NORTH KOREAN,PRK,042,04,1,1.9,1,-1.9,False,False,False,https://jowhar.com/south-korean-court-orders-north-korea-to-pay-damages-for-demolition/
2026-09-16,2026-09-16,False,PRK,response,SOUTH KOREAN,KOR,PYONGYANG,PRK,042,04,1,1.9,2,-3.8,False,False,False,https://www.aljazeera.com/news/2026/9/16/seoul-court-orders-north-korea-to-pay-32-5m-for-blowing-up-office
2026-09-16,2026-09-16,False,PRK,response,SOUTH KOREAN,KOR,NORTH KOREAN,PRK,050,05,1,3.5,2,-7.0,False,False,False,https://www.aljazeera.com/news/2026/9/16/seoul-court-orders-north-korea-to-pay-32-5m-for-blowing-up-office
2026-09-16,2026-09-16,False,PRK,response,SOUTH KOREAN,KOR,PYONGYANG,PRK,042,04,1,1.9,6,-11.4,False,False,True,https://www.aljazeera.com/news/2026/9/16/seoul-court-orders-north-korea-to-pay-32-5m-for-blowing-up-office
2026-09-16,2026-09-16,False,PRK,response,SOUTH KOREAN,KOR,NORTH KOREAN,PRK,050,05,1,3.5,6,-21.0,False,False,True,https://www.aljazeera.com/news/2026/9/16/seoul-court-orders-north-korea-to-pay-32-5m-for-blowing-up-office
2026-09-16,2026-09-16,False,PRK,response,SOUTH KOREA,KOR,NORTH KOREA,PRK,042,04,1,1.9,2,-3.8,False,False,True,https://www.aljazeera.com/news/2026/9/16/seoul-court-orders-north-korea-to-pay-32-5m-for-blowing-up-office
2026-09-16,2026-09-16,False,PRK,response,SOUTH KOREAN,KOR,PYONGYANG,PRK,046,04,1,7.0,8,-56.0,False,False,True,https://www.aljazeera.com/news/2026/9/16/seoul-court-orders-north-korea-to-pay-32-5m-for-blowing-up-office
2026-09-16,2026-09-16,False,PRK,response,SOUTH KOREA,KOR,PYONGYANG,PRK,042,04,1,1.9,10,-19.0,False,False,False,https://world.kbs.co.kr/service/news_view.htm?lang=f&Seq_Code=96385
2026-09-16,2026-09-16,False,PRK,response,SEOUL,KOR,PYONGYANG,PRK,057,05,1,8.0,8,-64.0,False,False,False,https://aa.com.tr/en/asia-pacific/s-korean-court-orders-north-korea-to-pay-32m-for-demolishing-inter-korean-office/4058440
2026-09-16,2026-09-16,False,PRK,response,SOUTH KOREAN,KOR,NORTH KOREA,PRK,1712,17,4,-9.2,2,18.4,False,False,False,https://www.internazionale.it/ultime-notizie-reuters/2026/09/16/south-korean-court-orders-north-korea-to-pay-damages-over-2020-liaison-office-demolition-yonhap-reports
2026-09-16,2026-09-16,False,PRK,response,SEOUL,KOR,NORTH KOREA,PRK,182,18,4,-9.5,10,95.0,False,False,False,https://www.channelnewsasia.com/east-asia/court-orders-north-korea-pay-south-korea-blowing-up-office-6387841
2026-09-16,2026-09-16,False,PRK,response,SEOUL,KOR,PYONGYANG,PRK,162,16,4,-5.6,2,11.2,False,False,False,https://www.koreaherald.com/article/10875388
2026-09-16,2026-09-16,False,PRK,response,SEOUL,KOR,NORTH KOREA,PRK,141,14,3,-6.5,2,13.0,False,False,False,https://www.koreaherald.com/article/10875388
2026-09-16,2026-09-16,False,PRK,response,SOUTH KOREA,KOR,NORTH KOREAN,PRK,042,04,1,1.9,1,-1.9,False,False,False,https://jowhar.com/south-korean-court-orders-north-korea-to-pay-damages-for-demolition/
2026-09-16,2026-09-16,False,PRK,response,SOUTH KOREA,KOR,PYONGYANG,PRK,042,04,1,1.9,8,-15.2,False,False,False,https://www.lrt.lt/naujienos/pasaulyje/6/3054063/seulo-teismas-ipareigojo-pchenjana-sumoketi-32-5-mln-doleriu-uz-sunaikinta-rysiu-biura
2026-09-16,2026-09-16,False,PRK,response,SOUTH KOREA,KOR,NORTH KOREA,PRK,111,11,3,-2.0,8,16.0,False,False,False,https://lb.ua/world/2026/09/16/766552_kndr_prigrozila_ssha_yadernoyu.html
2026-09-16,2026-09-16,False,PRK,response,SOUTH KOREA,KOR,NORTH KOREA,PRK,042,04,1,1.9,2,-3.8,False,False,True,https://www.elwatannews.com/news/details/8359677
2026-09-16,2026-09-16,False,CHN,response,SOUTH KOREA,KOR,CHINA,CHN,050,05,1,3.5,2,-7.0,False,False,False,https://www.theatlantic.com/ideas/2026/09/trump-iran-superpower-decline/688639/
2026-09-16,2026-09-16,False,PRK,response,SOUTH KOREA,KOR,NORTH KOREA,PRK,051,05,1,3.4,1,-3.4,False,False,False,https://www.vetogate.com/5733124
2026-09-16,2026-09-16,False,PRK,response,SOUTH KOREA,KOR,NORTH KOREA,PRK,173,17,4,-5.0,2,10.0,False,False,False,https://www.deutschlandfunk.de/gericht-verurteilt-nordkorea-zu-schadenersatz-urteil-hat-vor-allem-symbolische-bedeutung-100.html
2026-09-16,2026-09-16,False,PRK,response,SOUTH KOREA,KOR,NORTH KOREA,PRK,010,01,1,0.0,2,-0.0,False,False,False,https://www.gorkhapatraonline.com/news/222987
2026-09-16,2026-09-16,False,RUS,response,SOUTH KOREA,KOR,RUSSIA,RUS,072,07,2,8.3,2,-16.6,False,False,False,https://www.obozrevatel.com/politics-news/zelenskij-raskryil-masshtab-poter-rf-v-vojne-i-nazval-minimalnuyu-tsel-putina.htm
2026-09-16,2026-09-16,False,CHN,response,SOUTH KOREA,KOR,CHINA,CHN,061,06,2,6.4,2,-12.8,False,True,False,https://dailypioneer.com/news/semicon-2026-indias-semiconductor-moment
2026-09-16,2026-09-16,False,CHN,response,SOUTH KOREA,KOR,CHINA,CHN,061,06,2,6.4,2,-12.8,False,True,False,https://dailypioneer.com/news/semicon-2026-indias-semiconductor-moment
2026-09-16,2026-09-16,False,CHN,response,SOUTH KOREA,KOR,CHINA,CHN,030,03,1,4.0,1,-4.0,False,False,False,https://www.koreaherald.com/article/10874995
2026-09-16,2026-09-16,False,PRK,response,SOUTH KOREAN,KOR,NORTH KOREA,PRK,1712,17,4,-9.2,4,36.8,False,False,False,https://www.thestar.com.my/aseanplus/aseanplus-news/2026/09/16/south-korean-court-orders-north-korea-to-pay-us325million-over-liaison-office-demolition
2026-09-16,2026-09-16,False,PRK,response,SEOUL,KOR,NORTH KOREA,PRK,182,18,4,-9.5,3,28.5,False,False,False,https://www.scmp.com/news/asia/east-asia/article/3367655/south-korean-court-orders-pyongyang-pay-us325m-destroying-border-office
2026-09-16,2026-09-16,False,USA,response,BUSAN,KOR,THE US,USA,111,11,3,-2.0,10,20.0,False,False,False,https://www.huffingtonpost.kr:443/article/260549
2026-09-16,2026-09-16,False,JPN,response,BUSAN,KOR,JAPAN,JPN,193,19,4,-10.0,5,50.0,False,False,False,https://www.wikitree.co.kr/articles/1160039
2026-09-16,2026-09-16,False,PRK,response,SOUTH KOREAN,KOR,NORTH KOREA,PRK,057,05,1,8.0,2,-16.0,False,False,False,https://www.koreaherald.com/article/10875480
2026-09-16,2026-09-16,False,USA,response,SAMSUNG,KOR,THE US,USA,020,02,1,3.0,5,-15.0,False,False,False,https://www.koreaherald.com/article/10875728
2026-09-16,2026-09-16,False,PRK,response,SOUTH KOREA,KOR,NORTH KOREA,PRK,057,05,1,8.0,2,-16.0,False,False,False,https://aa.com.tr/en/asia-pacific/s-korean-court-orders-north-korea-to-pay-32m-for-demolishing-inter-korean-office/4058440
2026-09-16,2026-09-16,False,USA,response,SOUTH KOREA,KOR,THE US,USA,040,04,1,1.0,3,-3.0,False,False,False,https://www.koreaherald.com/article/10875775
2026-09-16,2026-09-16,False,CHN,response,SEOUL,KOR,CHINESE,CHN,193,19,4,-10.0,10,100.0,False,False,False,https://www.segye.com:443/newsView/20260915516189
2026-09-16,2026-09-16,False,PRK,response,SOUTH KOREA,KOR,NORTH KOREA,PRK,1712,17,4,-9.2,1,9.2,False,False,False,https://www.internazionale.it/ultime-notizie-reuters/2026/09/16/south-korean-court-orders-north-korea-to-pay-damages-over-2020-liaison-office-demolition-yonhap-reports
2026-09-16,2026-09-16,False,USA,response,SEOUL,KOR,UNITED STATES,USA,112,11,3,-2.0,2,4.0,False,False,False,https://bworldonline.com/world/2026/09/16/777667/north-korea-says-us-driven-nuclear-submarine-push-justifies-its-own-weapons-buildup/
2026-09-16,2026-09-16,False,USA,response,SOUTH KOREA,KOR,UNITED STATES,USA,110,11,3,-2.0,4,8.0,False,False,False,https://www.ddaily.co.kr:443/page/view/2026091611524674206
2026-09-16,2026-09-16,False,CHN,response,SOUTH KOREA,KOR,CHINA,CHN,054,05,1,6.0,1,-6.0,False,False,False,https://www.hani.co.kr/arti/english_edition/english_editorials/1278130.html
2026-09-16,2026-09-16,False,USA,response,SOUTH KOREA,KOR,UNITED STATES,USA,020,02,1,3.0,2,-6.0,False,False,False,https://www.bankier.pl/wiadomosc/Amerykansko-koreanskie-malzenstwo-z-rozsadku-Waszyngton-blogoslawi-Seul-ma-obiekcje-9197860.html
2026-09-16,2026-09-16,False,PRK,response,SOUTH KOREA,KOR,PYONGYANG,PRK,114,11,3,-2.0,8,16.0,False,False,False,https://sana.sy/es/world/2333572/
2026-09-16,2026-09-16,False,USA,response,SOUTH KOREA,KOR,UNITED STATES,USA,020,02,1,3.0,2,-6.0,False,False,False,https://www.bankier.pl/wiadomosc/Amerykansko-koreanskie-malzenstwo-z-rozsadku-Waszyngton-blogoslawi-Seul-ma-obiekcje-9197860.html
2026-09-16,2026-09-16,False,USA,response,SOUTH KOREA,KOR,THE US,USA,013,01,1,0.4,1,-0.4,False,False,False,https://www.koreaherald.com:443/article/10574715
2026-09-16,2026-09-16,False,USA,response,SOUTH KOREA,KOR,THE US,USA,043,04,1,2.8,6,-16.8,False,False,False,https://www.koreaherald.com:443/article/10574715
2026-09-16,2026-09-16,False,USA,response,SOUTH KOREAN,KOR,UNITED STATES,USA,190,19,4,-10.0,4,40.0,False,False,False,https://www.koreaherald.com/article/10874871
2026-09-16,2026-09-16,False,USA,response,SOUTH KOREA,KOR,UNITED STATES,USA,190,19,4,-10.0,4,40.0,False,False,False,https://www.koreaherald.com/article/10874871
2026-09-16,2026-09-16,False,USA,response,SOUTH KOREA,KOR,UNITED STATES,USA,070,07,2,7.0,2,-14.0,False,False,False,https://www.edaily.co.kr/News/Read?newsId=05067606645580776&mediaCodeNo=257
2026-09-16,2026-09-16,False,RUS,response,SOUTH KOREA,KOR,RUSSIA,RUS,172,17,4,-5.0,2,10.0,False,False,False,https://lenta.ru/news/2026/09/16/yuzhnokoreyskuyu-perevodchitsu-knig-dostoevskogo-vnesli-v-bazu-mirotvortsa/
2026-09-16,2026-09-16,False,RUS,response,SOUTH KOREA,KOR,RUSSIA,RUS,072,07,2,8.3,4,-33.2,False,False,False,https://www.obozrevatel.com/politics-news/zelenskij-raskryil-masshtab-poter-rf-v-vojne-i-nazval-minimalnuyu-tsel-putina.htm
2026-09-16,2026-09-16,False,RUS,response,SOUTH KOREA,KOR,RUSSIA,RUS,072,07,2,8.3,2,-16.6,False,False,False,https://www.obozrevatel.com/politics-news/zelenskij-raskryil-masshtab-poter-rf-v-vojne-i-nazval-minimalnuyu-tsel-putina.htm
2026-09-16,2026-09-16,False,CHN,response,SOUTH KOREA,KOR,BEIJING,CHN,054,05,1,6.0,2,-12.0,False,False,False,https://www.hani.co.kr/arti/english_edition/english_editorials/1278130.html
2026-09-16,2026-09-16,False,USA,response,SOUTH KOREA,KOR,UNITED STATES,USA,013,01,1,0.4,1,-0.4,False,False,False,https://www.asiaone.com/asia/north-korea-says-us-driven-nuclear-submarine-push-justifies-its-own-weapons-buildup
2026-09-16,2026-09-16,False,USA,response,SOUTH KOREA,KOR,UNITED STATES,USA,112,11,3,-2.0,1,2.0,False,False,False,https://www.asiaone.com/asia/north-korea-says-us-driven-nuclear-submarine-push-justifies-its-own-weapons-buildup
2026-09-16,2026-09-16,False,RUS,response,SOUTH KOREA,KOR,RUSSIA,RUS,172,17,4,-5.0,8,40.0,False,False,False,https://lenta.ru/news/2026/09/16/yuzhnokoreyskuyu-perevodchitsu-knig-dostoevskogo-vnesli-v-bazu-mirotvortsa/
2026-09-16,2026-09-16,False,USA,response,SOUTH KOREA,KOR,UNITED STATES,USA,071,07,2,7.4,8,-59.2,False,True,False,https://www.kmib.co.kr/article/view.asp?arcid=9000012672&code=61221111&sid1=chr
2026-09-16,2026-09-16,False,USA,response,SOUTH KOREA,KOR,UNITED STATES,USA,0311,03,1,5.2,6,-31.2,False,False,False,https://theasian.asia/archives/205181
2026-09-16,2026-09-16,False,USA,response,SOUTH KOREA,KOR,UNITED STATES,USA,061,06,2,6.4,6,-38.4,False,True,False,https://dailypioneer.com/news/semicon-2026-indias-semiconductor-moment
2026-09-16,2026-09-16,False,USA,response,SOUTH KOREA,KOR,UNITED STATES,USA,040,04,1,1.0,6,-6.0,False,False,False,https://www.etoday.co.kr/news/view/2625972
2026-09-16,2026-09-16,False,USA,response,SOUTH KOREA,KOR,UNITED STATES,USA,040,04,1,1.0,2,-2.0,False,False,False,https://www.etoday.co.kr/news/view/2625972
2026-09-16,2026-09-16,False,USA,response,SAMSUNG,KOR,UNITED STATES,USA,042,04,1,1.9,6,-11.4,False,False,False,https://www.koreaherald.com/article/10875594
2026-09-16,2026-09-16,False,USA,response,SOUTH KOREA,KOR,UNITED STATES,USA,070,07,2,7.0,6,-42.0,False,False,False,https://www.edaily.co.kr/News/Read?newsId=05067606645580776&mediaCodeNo=257
2026-09-16,2026-09-16,False,USA,response,BUSAN,KOR,UNITED STATES,USA,043,04,1,2.8,6,-16.8,True,False,False,https://www.koreatimes.co.kr/foreignaffairs/northkorea/20260916/n-korea-slams-us-over-s-korea-japans-nuclear-submarine-push
2026-09-16,2026-09-16,False,USA,response,SEOUL,KOR,WASHINGTON,USA,043,04,1,2.8,10,-28.0,False,False,False,https://www.sbctv.gr/2026/09/%CE%BD%CE%BF%CF%84%CE%B9%CE%B1-%CE%BA%CE%BF%CF%81%CE%B5%CE%B1-%CF%85%CF%80%CE%B5%CE%BE/
2026-09-16,2026-09-16,False,USA,response,SOUTH KOREA,KOR,WASHINGTON,USA,013,01,1,0.4,1,-0.4,False,False,False,https://bworldonline.com/world/2026/09/16/777667/north-korea-says-us-driven-nuclear-submarine-push-justifies-its-own-weapons-buildup/
2026-09-16,2026-09-16,False,USA,response,SOUTH KOREA,KOR,WASHINGTON,USA,112,11,3,-2.0,1,2.0,False,False,False,https://bworldonline.com/world/2026/09/16/777667/north-korea-says-us-driven-nuclear-submarine-push-justifies-its-own-weapons-buildup/
2026-09-16,2026-09-16,False,USA,response,SOUTH KOREA,KOR,UNITED STATES,USA,036,03,1,4.0,1,-4.0,False,False,False,http://www.econotimes.com/South-Koreas-Cho-Hyun-to-Meet-Rubio-in-Washington-1752174
2026-09-16,2026-09-16,False,USA,response,SOUTH KOREA,KOR,UNITED STATES,USA,036,03,1,4.0,4,-16.0,False,False,True,http://www.econotimes.com/South-Koreas-Cho-Hyun-to-Meet-Rubio-in-Washington-1752174
2026-09-16,2026-09-16,False,PRK,response,SOUTH KOREA,KOR,NORTH KOREA,PRK,111,11,3,-2.0,2,4.0,False,False,False,https://lb.ua/world/2026/09/16/766552_kndr_prigrozila_ssha_yadernoyu.html
2026-09-16,2026-09-16,False,USA,response,HYUNDAI,KOR,UNITED STATES,USA,190,19,4,-10.0,6,60.0,False,False,False,https://www.koreatimes.co.kr/business/companies/20260916/lg-hyundai-distance-themselves-from-workers-legal-actions-over-georgia-raid
2026-09-16,2026-09-16,False,USA,response,SOUTH KOREA,KOR,UNITED STATES,USA,036,03,1,4.0,1,-4.0,False,False,False,http://www.econotimes.com/South-Koreas-Cho-Hyun-to-Meet-Rubio-in-Washington-1752174
2026-09-16,2026-09-16,False,USA,response,SOUTH KOREA,KOR,UNITED STATES,USA,036,03,1,4.0,1,-4.0,False,False,True,http://www.econotimes.com/South-Koreas-Cho-Hyun-to-Meet-Rubio-in-Washington-1752174
2026-09-16,2026-09-16,False,USA,response,SOUTH KOREA,KOR,THE US,USA,013,01,1,0.4,1,-0.4,False,False,False,https://www.koreaherald.com:443/article/10574715
2026-09-16,2026-09-16,False,USA,response,SOUTH KOREA,KOR,UNITED STATES,USA,190,19,4,-10.0,6,60.0,False,False,False,https://www.diariolibre.com/mundo/asia/2026/09/15/surcoreanos-demandan-por-redada-migratoria-en-georgia/3660359
2026-09-16,2026-09-16,False,USA,response,SOUTH KOREA,KOR,UNITED STATES,USA,190,19,4,-10.0,2,20.0,False,False,False,https://www.haberler.com/guncel/abd-de-300-den-fazla-guney-koreli-isci-gozalti-20243211-haberi/
2026-09-16,2026-09-16,False,USA,response,SOUTH KOREAN,KOR,UNITED STATES,USA,192,19,4,-9.5,5,47.5,False,False,False,https://www.theoaklandpress.com/2026/09/15/south-korean-automotive-components-company-to-expand-in-chesterfield-twp/
2026-09-16,2026-09-16,False,USA,response,SOUTH KOREAN,KOR,REUTERS,USA,010,01,1,0.0,10,-0.0,False,False,False,https://finance.yahoo.com/technology/articles/sk-hynix-says-exploring-options-113622083.html
2026-09-16,2026-09-16,False,USA,response,SOUTH KOREA,KOR,UNITED STATES,USA,0311,03,1,5.2,2,-10.4,False,False,False,https://theasian.asia/archives/205181
2026-09-16,2026-09-16,False,PRK,response,SEOUL,KOR,NORTH KOREA,PRK,182,18,4,-9.5,2,19.0,False,False,False,https://www.aljazeera.com/news/2026/9/16/seoul-court-orders-north-korea-to-pay-32-5m-for-blowing-up-office
2026-09-16,2026-09-16,False,PRK,response,SOUTH KOREA,KOR,NORTH KOREA,PRK,020,02,1,3.0,10,-30.0,False,False,False,https://www.lrt.lt/naujienos/pasaulyje/6/3054063/seulo-teismas-ipareigojo-pchenjana-sumoketi-32-5-mln-doleriu-uz-sunaikinta-rysiu-biura
2026-09-16,2026-09-16,False,PRK,response,SEOUL,KOR,NORTH KOREA,PRK,182,18,4,-9.5,2,19.0,False,False,False,https://www.aljazeera.com/news/2026/9/16/seoul-court-orders-north-korea-to-pay-32-5m-for-blowing-up-office
2026-09-16,2026-09-16,False,PRK,response,SEOUL,KOR,NORTH KOREA,PRK,182,18,4,-9.5,6,57.0,False,False,False,https://www.aljazeera.com/news/2026/9/16/seoul-court-orders-north-korea-to-pay-32-5m-for-blowing-up-office
2026-09-16,2026-09-16,False,PRK,response,SOUTH KOREA,KOR,NORTH KOREA,PRK,1712,17,4,-9.2,2,18.4,False,False,False,"https://www.gdnonline.com:443/Details/1406693/South-Korean-court-orders-North-Korea-to-pay-damages-over-2020-liaison-office-demolition,-media-reports"
2026-09-16,2026-09-16,False,USA,response,HYUNDAI,KOR,THE US,USA,036,03,1,4.0,10,-40.0,False,False,False,https://carbuzz.com/hyundai-suv-modular-top-patent-september-2026/
2026-09-16,2026-09-16,False,CHN,response,SOUTH KOREA,KOR,CHINA,CHN,190,19,4,-10.0,2,20.0,False,False,False,http://www.prnewswire.com/news-releases/diagnostic-imaging-market-to-reach-us-33-2-bn-by-2031--growing-at-4-6-cagr-new-report-by-wissen-research-302881089.html
2026-09-16,2026-09-16,False,CHN,response,SOUTH KOREA,KOR,CHINA,CHN,190,19,4,-10.0,2,20.0,False,False,False,http://www.prnewswire.com/news-releases/diagnostic-imaging-market-to-reach-us-33-2-bn-by-2031--growing-at-4-6-cagr-new-report-by-wissen-research-302881089.html
2026-09-16,2026-09-16,False,CHN,response,SOUTH KOREA,KOR,CHINA,CHN,190,19,4,-10.0,6,60.0,False,False,False,http://www.prnewswire.com/news-releases/diagnostic-imaging-market-to-reach-us-33-2-bn-by-2031--growing-at-4-6-cagr-new-report-by-wissen-research-302881089.html
2026-09-16,2026-09-16,False,CHN,response,SOUTH KOREA,KOR,CHINA,CHN,050,05,1,3.5,2,-7.0,False,False,False,https://news.mail.ru/politics/72386116/
2026-09-16,2026-09-16,False,CHN,response,SOUTH KOREA,KOR,CHINA,CHN,050,05,1,3.5,6,-21.0,False,False,False,https://news.mail.ru/politics/72386116/
2026-09-16,2026-09-16,False,USA,response,SEOUL,KOR,UNITED STATES,USA,040,04,1,1.0,4,-4.0,False,False,False,https://operamundi.uol.com.br/asia/coreia-do-norte-adverte-eua-e-seul-sobre-uso-de-armas-nucleares/
2026-09-16,2026-09-16,False,USA,response,SEOUL,KOR,WASHINGTON,USA,040,04,1,1.0,8,-8.0,False,False,False,https://operamundi.uol.com.br/asia/coreia-do-norte-adverte-eua-e-seul-sobre-uso-de-armas-nucleares/
2026-09-16,2026-09-16,False,USA,response,SOUTH KOREA,KOR,UNITED STATES,USA,040,04,1,1.0,2,-2.0,False,False,False,https://operamundi.uol.com.br/asia/coreia-do-norte-adverte-eua-e-seul-sobre-uso-de-armas-nucleares/
2026-09-16,2026-09-16,False,CHN,response,SOUTH KOREA,KOR,CHINA,CHN,050,05,1,3.5,2,-7.0,False,False,False,https://news.mail.ru/politics/72386116/
2026-09-16,2026-09-16,False,PRK,response,SOUTH KOREA,KOR,GYEONGSANG,PRK,130,13,3,-4.4,8,35.2,False,False,False,https://www.kmib.co.kr/article/view.asp?arcid=9000012803&code=11131421&sid1=soc
2026-09-16,2026-09-16,False,PRK,response,SEOUL,KOR,NORTH KOREAN,PRK,040,04,1,1.0,10,-10.0,False,False,False,"https://www.rondoniadinamica.com/noticias/2026/09/coreia-do-norte-condena-acordo-de-cooperacao-de-defesa-entre-eua-e-coreia-do-sul,254278.shtml"
2026-09-16,2026-09-16,False,RUS,response,SEOUL,KOR,RUSSIA,RUS,010,01,1,0.0,2,-0.0,False,False,False,https://iz.ru/2168051/kirill-fenin/rf-obsuzhdaet-perezapusk-pryamyh-rejsov-s-tokio-i-seulom
2026-09-16,2026-09-16,False,RUS,response,SEOUL,KOR,RUSSIA,RUS,010,01,1,0.0,4,-0.0,False,False,False,https://iz.ru/2168051/kirill-fenin/rf-obsuzhdaet-perezapusk-pryamyh-rejsov-s-tokio-i-seulom
2026-09-16,2026-09-16,False,RUS,response,SOUTH KOREA,KOR,RUSSIA,RUS,010,01,1,0.0,4,-0.0,False,False,False,https://iz.ru/2168051/kirill-fenin/rf-obsuzhdaet-perezapusk-pryamyh-rejsov-s-tokio-i-seulom
2026-09-16,2026-09-16,False,RUS,response,SEOUL,KOR,RUSSIAN,RUS,1312,13,3,-5.8,1,5.8,False,False,False,https://iz.ru/2168051/kirill-fenin/rf-obsuzhdaet-perezapusk-pryamyh-rejsov-s-tokio-i-seulom
2026-09-16,2026-09-16,False,RUS,response,SEOUL,KOR,RUSSIAN,RUS,1312,13,3,-5.8,6,34.8,False,False,False,https://iz.ru/2168051/kirill-fenin/rf-obsuzhdaet-perezapusk-pryamyh-rejsov-s-tokio-i-seulom
2026-09-16,2026-09-16,False,RUS,response,SEOUL,KOR,RUSSIAN,RUS,1312,13,3,-5.8,1,5.8,False,False,False,https://iz.ru/2168051/kirill-fenin/rf-obsuzhdaet-perezapusk-pryamyh-rejsov-s-tokio-i-seulom
2026-09-16,2026-09-16,False,CHN,response,SOUTH KOREA,KOR,CHINA,CHN,051,05,1,3.4,8,-27.2,False,False,False,https://www.hani.co.kr/arti/culture/book/655126.html
2026-09-16,2026-09-16,False,USA,response,HYUNDAI,KOR,NVIDIA,USA,0841,08,2,7.0,10,-70.0,False,False,False,https://www.carscoops.com/2026/09/hyundai-autonomous-technology/
2026-09-16,2026-09-16,False,USA,response,SOUTH KOREA,KOR,THE US,USA,050,05,1,3.5,2,-7.0,False,False,False,https://www.interest.co.nz/bonds/140284/us-government-financing-challenges-grow-watch-coercive-us-attempts-transfer-costs-and
2026-09-16,2026-09-16,False,USA,response,SOUTH KOREA,KOR,THE US,USA,050,05,1,3.5,8,-28.0,False,False,False,https://www.interest.co.nz/bonds/140284/us-government-financing-challenges-grow-watch-coercive-us-attempts-transfer-costs-and
2026-09-16,2026-09-16,False,PRK,threat,NORTH KOREA,PRK,SOUTH KOREA,KOR,071,07,2,7.4,8,-59.2,False,True,False,https://www.deshbandhu.co.in/world/the-era-of-free-upi-is-over-opposition-attacks-but-payment-apps-are-happy-321024
2026-09-16,2026-09-16,False,PRK,threat,NORTH KOREA,PRK,SOUTH KOREA,KOR,173,17,4,-5.0,8,40.0,False,False,False,https://www.kristeligt-dagblad.dk/udland/nordkorea-doemt-til-betale-sydkorea-spraengt-faelleskontor
2026-09-16,2026-09-16,False,PRK,threat,NORTH KOREA,PRK,SOUTH KOREA,KOR,173,17,4,-5.0,12,60.0,False,False,False,https://www.kristeligt-dagblad.dk/udland/nordkorea-doemt-til-betale-sydkorea-spraengt-faelleskontor
2026-09-16,2026-09-16,False,PRK,threat,PYONGYANG,PRK,SEOUL,KOR,114,11,3,-2.0,8,16.0,False,False,False,https://world.kbs.co.kr/service/news_view.htm?lang=f&Seq_Code=96385
2026-09-16,2026-09-16,False,PRK,threat,NORTH KOREAN,PRK,SOUTH KOREAN,KOR,071,07,2,7.4,5,-37.0,False,True,True,https://asianews.network/seoul-court-orders-north-korea-to-pay-usd32-63-mil-for-blowing-up-inter-korean-liaison-office/
2026-09-16,2026-09-16,False,PRK,threat,NORTH KOREA,PRK,SOUTH KOREA,KOR,160,16,4,-4.0,2,8.0,False,False,False,https://abcnews.com/International/wireStory/south-korean-court-orders-north-korea-pay-325-136482853
2026-09-16,2026-09-16,False,PRK,threat,NORTH KOREA,PRK,SOUTH KOREA,KOR,1712,17,4,-9.2,2,18.4,False,False,False,https://world.kbs.co.kr/service/news_view.htm?lang=s&Seq_Code=99402
2026-09-16,2026-09-16,False,PRK,threat,NORTH KOREAN,PRK,SOUTH KOREA,KOR,043,04,1,2.8,1,-2.8,False,False,False,https://jowhar.com/south-korean-court-orders-north-korea-to-pay-damages-for-demolition/
2026-09-16,2026-09-16,False,PRK,threat,NORTH KOREAN,PRK,SEOUL,KOR,160,16,4,-4.0,6,24.0,False,False,False,https://pragativadi.com/south-korea-court-orders-north-korea-to-pay-32-5-million-for-kaesong-liaison-office-blast/
2026-09-16,2026-09-16,False,PRK,threat,NORTH KOREA,PRK,SOUTH KOREA,KOR,160,16,4,-4.0,2,8.0,False,False,False,https://pragativadi.com/south-korea-court-orders-north-korea-to-pay-32-5-million-for-kaesong-liaison-office-blast/
2026-09-16,2026-09-16,False,PRK,threat,NORTH KOREA,PRK,SOUTH KOREA,KOR,114,11,3,-2.0,10,20.0,False,False,False,https://www.aftenposten.no/verden/i/e7grx4/nord-korea-doemt-til-aa-betale-millionerstatning-til-soer-korea
2026-09-16,2026-09-16,False,PRK,threat,NORTH KOREA,PRK,SOUTH KOREA,KOR,173,17,4,-5.0,8,40.0,False,False,False,https://tidende.dk/ind-og-udland/udland/nordkorea-doemt-til-at-betale-sydkorea-for-spraengt-faelleskontor/405653
2026-09-16,2026-09-16,False,PRK,threat,NORTH KOREA,PRK,SOUTH KOREA,KOR,0842,08,2,7.0,10,-70.0,False,False,False,https://www.aftenposten.no/verden/i/e7grx4/nord-korea-doemt-til-aa-betale-millionerstatning-til-soer-korea
2026-09-16,2026-09-16,False,PRK,threat,NORTH KOREA,PRK,SOUTH KOREA,KOR,043,04,1,2.8,2,-5.6,False,False,True,https://www.elwatannews.com/news/details/8359677
2026-09-16,2026-09-16,False,PRK,threat,PYONGYANG,PRK,SOUTH KOREA,KOR,112,11,3,-2.0,20,40.0,False,False,False,https://www.obozrevatel.com/novosti-mir/kriticheskij-vyizov-nashej-bezopasnosti-kndr-prigrozila-ssha-i-yuzhnoj-koree-yadernyim-oruzhiem.htm
2026-09-16,2026-09-16,False,PRK,threat,NORTH KOREA,PRK,SOUTH KOREA,KOR,173,17,4,-5.0,2,10.0,False,False,False,https://tidende.dk/ind-og-udland/udland/nordkorea-doemt-til-at-betale-sydkorea-for-spraengt-faelleskontor/405653
2026-09-16,2026-09-16,False,PRK,threat,PYONGYANG,PRK,SOUTH KOREA,KOR,1712,17,4,-9.2,4,36.8,False,False,False,https://aa.com.tr/en/asia-pacific/s-korean-court-orders-north-korea-to-pay-32m-for-demolishing-inter-korean-office/4058440
2026-09-16,2026-09-16,False,PRK,threat,NORTH KOREA,PRK,SOUTH KOREA,KOR,1712,17,4,-9.2,2,18.4,False,False,False,https://aa.com.tr/en/asia-pacific/s-korean-court-orders-north-korea-to-pay-32m-for-demolishing-inter-korean-office/4058440
2026-09-16,2026-09-16,False,PRK,threat,PYONGYANG,PRK,SOUTH KOREAN,KOR,043,04,1,2.8,2,-5.6,False,False,False,https://www.aljazeera.com/news/2026/9/16/seoul-court-orders-north-korea-to-pay-32-5m-for-blowing-up-office
2026-09-16,2026-09-16,False,PRK,threat,PYONGYANG,PRK,SOUTH KOREAN,KOR,043,04,1,2.8,6,-16.8,False,False,True,https://www.aljazeera.com/news/2026/9/16/seoul-court-orders-north-korea-to-pay-32-5m-for-blowing-up-office
2026-09-16,2026-09-16,False,PRK,threat,NORTH KOREA,PRK,SOUTH KOREA,KOR,043,04,1,2.8,2,-5.6,False,False,True,https://www.aljazeera.com/news/2026/9/16/seoul-court-orders-north-korea-to-pay-32-5m-for-blowing-up-office
2026-09-16,2026-09-16,False,PRK,threat,PYONGYANG,PRK,SOUTH KOREAN,KOR,046,04,1,7.0,8,-56.0,False,False,True,https://www.aljazeera.com/news/2026/9/16/seoul-court-orders-north-korea-to-pay-32-5m-for-blowing-up-office
2026-09-16,2026-09-16,False,PRK,threat,NORTH KOREA,PRK,SOUTH KOREA,KOR,114,11,3,-2.0,2,4.0,False,False,False,https://world.kbs.co.kr/service/news_view.htm?lang=f&Seq_Code=96385
2026-09-16,2026-09-16,False,PRK,threat,PYONGYANG,PRK,SEOUL,KOR,114,11,3,-2.0,6,12.0,False,False,False,https://world.kbs.co.kr/service/news_view.htm?lang=f&Seq_Code=96385
2026-09-16,2026-09-16,False,PRK,threat,PYONGYANG,PRK,SOUTH KOREA,KOR,043,04,1,2.8,10,-28.0,False,False,False,https://world.kbs.co.kr/service/news_view.htm?lang=f&Seq_Code=96385
2026-09-16,2026-09-16,False,PRK,threat,NORTH KOREA,PRK,SOUTH KOREAN,KOR,057,05,1,8.0,2,-16.0,False,False,False,https://www.koreaherald.com/article/10875480
2026-09-16,2026-09-16,False,PRK,threat,PYONGYANG,PRK,SEOUL,KOR,057,05,1,8.0,8,-64.0,False,False,False,https://aa.com.tr/en/asia-pacific/s-korean-court-orders-north-korea-to-pay-32m-for-demolishing-inter-korean-office/4058440
2026-09-16,2026-09-16,False,PRK,threat,NORTH KOREA,PRK,SOUTH KOREA,KOR,160,16,4,-4.0,2,8.0,False,False,False,https://nypost.com/2026/09/16/world-news/south-korean-court-orders-north-korea-to-pay-32-5-million-for-blowing-up-joint-liaison-office/
2026-09-16,2026-09-16,False,PRK,threat,PYONGYANG,PRK,SEOUL,KOR,1712,17,4,-9.2,6,55.2,False,False,False,https://world.kbs.co.kr/service/news_view.htm?lang=s&Seq_Code=99402
2026-09-16,2026-09-16,False,PRK,threat,NORTH KOREA,PRK,SOUTH KOREA,KOR,071,07,2,7.4,2,-14.8,False,True,False,https://www.deshbandhu.co.in/world/the-era-of-free-upi-is-over-opposition-attacks-but-payment-apps-are-happy-321024
2026-09-16,2026-09-16,False,PRK,threat,NORTH KOREAN,PRK,SOUTH KOREA,KOR,043,04,1,2.8,1,-2.8,False,False,False,https://jowhar.com/south-korean-court-orders-north-korea-to-pay-damages-for-demolition/
2026-09-16,2026-09-16,False,PRK,threat,PYONGYANG,PRK,SOUTH KOREA,KOR,043,04,1,2.8,8,-22.4,False,False,False,https://www.lrt.lt/naujienos/pasaulyje/6/3054063/seulo-teismas-ipareigojo-pchenjana-sumoketi-32-5-mln-doleriu-uz-sunaikinta-rysiu-biura
2026-09-16,2026-09-16,False,PRK,threat,NORTH KOREAN,PRK,SOUTH KOREAN,KOR,071,07,2,7.4,5,-37.0,False,True,True,https://www.koreaherald.com/article/10875480
2026-09-16,2026-09-16,False,PRK,threat,NORTH KOREA,PRK,SOUTH KOREA,KOR,110,11,3,-2.0,4,8.0,False,False,False,https://www.voakorea.com/a/korean-peninsula-09-16-26/8200526.html
2026-09-16,2026-09-16,False,PRK,threat,NORTH KOREA,PRK,SOUTH KOREA,KOR,057,05,1,8.0,2,-16.0,False,False,False,https://aa.com.tr/en/asia-pacific/s-korean-court-orders-north-korea-to-pay-32m-for-demolishing-inter-korean-office/4058440
2026-09-16,2026-09-16,False,PRK,threat,NORTH KOREA,PRK,SOUTH KOREA,KOR,160,16,4,-4.0,2,8.0,False,False,False,https://abcnews.com/International/wireStory/south-korean-court-orders-north-korea-pay-325-136482853
2026-09-16,2026-09-16,False,PRK,threat,DPRK,PRK,SOUTH KOREA,KOR,112,11,3,-2.0,10,20.0,False,False,False,https://vz.ru/news/2026/9/16/1452035.html
2026-09-16,2026-09-16,False,PRK,threat,N. KOREA,PRK,S. KOREA,KOR,1712,17,4,-9.2,10,92.0,False,False,False,https://www.koreaherald.com/article/10875388
2026-09-16,2026-09-16,False,PRK,threat,NORTH KOREA,PRK,SOUTH KOREA,KOR,040,04,1,1.0,4,-4.0,False,False,False,https://www.segye.com:443/newsView/20260916506755
2026-09-16,2026-09-16,False,PRK,threat,PYONGYANG,PRK,SOUTH KOREA,KOR,141,14,3,-6.5,10,65.0,False,False,False,https://www.europapress.es/internacional/noticia-tribunal-surcoreano-ordena-pyongyang-pagar-seul-283-millones-euros-volar-oficina-enlace-20260916090934.html
2026-09-16,2026-09-16,False,PRK,threat,NORTH KOREA,PRK,SOUTH KOREA,KOR,130,13,3,-4.4,2,8.8,False,False,False,https://isp.netscape.com:443/news/world/story/0001/20260916/ff79e764e758e166995838cdc5759a2a
2026-09-16,2026-09-16,False,PRK,threat,PYONGYANG,PRK,SEOUL,KOR,114,11,3,-2.0,8,16.0,False,False,False,https://world.kbs.co.kr/service/news_view.htm?lang=s&Seq_Code=99402
2026-09-16,2026-09-16,False,PRK,threat,NORTH KOREAN,PRK,SOUTH KOREA,KOR,110,11,3,-2.0,1,2.0,False,False,False,https://www.newsweek.com/how-social-posts-made-in-china-sparked-anti-us-protests-in-america-12444410
2026-09-16,2026-09-16,False,PRK,threat,NORTH KOREA,PRK,SEOUL,KOR,120,12,3,-4.0,2,8.0,False,False,False,https://www.americanthinker.com/articles/2026/09/north-korea-s-bridge-of-death/
2026-09-16,2026-09-16,False,PRK,threat,NORTH KOREAN,PRK,SOUTH KOREA,KOR,111,11,3,-2.0,5,10.0,False,False,False,https://www.breitbart.com/national-security/2026/09/15/north-korea-tests-new-combat-systems-including-advanced-drones-in-strike-drill/
2026-09-16,2026-09-16,False,PRK,threat,NORTH KOREA,PRK,SOUTH KOREA,KOR,111,11,3,-2.0,2,4.0,False,False,False,https://www.breitbart.com/national-security/2026/09/15/north-korea-tests-new-combat-systems-including-advanced-drones-in-strike-drill/
2026-09-16,2026-09-16,False,PRK,threat,NORTH KOREAN,PRK,SOUTH KOREA,KOR,110,11,3,-2.0,1,2.0,False,False,False,https://www.newsweek.com/how-social-posts-made-in-china-sparked-anti-us-protests-in-america-12444410
2026-09-16,2026-09-16,False,PRK,threat,NORTH KOREAN,PRK,SEOUL,KOR,040,04,1,1.0,10,-10.0,False,False,False,"https://www.rondoniadinamica.com/noticias/2026/09/coreia-do-norte-condena-acordo-de-cooperacao-de-defesa-entre-eua-e-coreia-do-sul,254278.shtml"
2026-09-16,2026-09-16,False,RUS,threat,RUSSIA,RUS,SOUTH KOREA,KOR,129,12,3,-5.0,6,30.0,False,False,False,https://wiadomosci.onet.pl/swiat/korea-polnocna-wychodzi-z-miedzynarodowej-izolacji-dzieki-putinowi-xi-i-trumpowi/8dtrjn7
2026-09-16,2026-09-16,False,RUS,threat,RUSSIA,RUS,SOUTH KOREA,KOR,080,08,2,5.0,2,-10.0,False,False,False,https://wiadomosci.onet.pl/swiat/korea-polnocna-wychodzi-z-miedzynarodowej-izolacji-dzieki-putinowi-xi-i-trumpowi/8dtrjn7
2026-09-16,2026-09-16,False,RUS,threat,RUSSIA,RUS,SOUTH KOREA,KOR,090,09,2,-2.0,6,12.0,False,False,False,https://wiadomosci.onet.pl/swiat/korea-polnocna-wychodzi-z-miedzynarodowej-izolacji-dzieki-putinowi-xi-i-trumpowi/8dtrjn7
2026-09-16,2026-09-16,False,RUS,threat,RUSSIA,RUS,SOUTH KOREA,KOR,072,07,2,8.3,6,-49.8,True,False,False,https://wiadomosci.onet.pl/swiat/korea-polnocna-wychodzi-z-miedzynarodowej-izolacji-dzieki-putinowi-xi-i-trumpowi/8dtrjn7
2026-09-16,2026-09-16,False,RUS,threat,RUSSIA,RUS,SOUTH KOREA,KOR,080,08,2,5.0,2,-10.0,False,False,False,https://wiadomosci.onet.pl/swiat/korea-polnocna-wychodzi-z-miedzynarodowej-izolacji-dzieki-putinowi-xi-i-trumpowi/8dtrjn7
2026-09-16,2026-09-16,False,USA,threat,UNITED STATES,USA,HYUNDAI,KOR,172,17,4,-5.0,4,20.0,False,False,False,https://www.napaneeguide.com:443/kingston-region-news/khsc-gets-100000-from-car-companys-campaign
2026-09-16,2026-09-16,False,USA,threat,THE US,USA,SOUTH KOREA,KOR,020,02,1,3.0,8,-24.0,False,False,False,https://www.dw.com/en/us-asia-western-pacific-allies-withdrawal-china-defense-graphics/a-79275554
2026-09-16,2026-09-16,False,USA,threat,UNITED STATES,USA,BUSAN,KOR,042,04,1,1.9,6,-11.4,True,False,False,https://www.koreatimes.co.kr/foreignaffairs/northkorea/20260916/n-korea-slams-us-over-s-korea-japans-nuclear-submarine-push
2026-09-16,2026-09-16,False,USA,threat,UNITED STATES,USA,SOUTH KOREA,KOR,010,01,1,0.0,10,-0.0,False,False,False,https://www.kmib.co.kr/article/view.asp?arcid=9000012486&code=61131511&sid1=int
2026-09-16,2026-09-16,False,USA,threat,UNITED STATES,USA,SOUTH KOREA,KOR,173,17,4,-5.0,10,50.0,False,False,False,https://world.kbs.co.kr/service/news_view.htm?lang=f&Seq_Code=96383
2026-09-16,2026-09-16,False,USA,threat,ISHARES,USA,SOUTH KOREA,KOR,071,07,2,7.4,10,-74.0,False,True,False,https://247wallst.com/companies/ewy/
2026-09-16,2026-09-16,False,USA,threat,UNITED STATES,USA,SOUTH KOREA,KOR,010,01,1,0.0,10,-0.0,False,False,False,https://www.munhwa.com:443/article/11617289
2026-09-16,2026-09-16,False,USA,threat,THE US,USA,SOUTH KOREA,KOR,030,03,1,4.0,10,-40.0,False,False,False,https://www.etnews.com/20260916000308
2026-09-16,2026-09-16,False,USA,threat,UNITED STATES,USA,SOUTH KOREA,KOR,040,04,1,1.0,6,-6.0,False,False,False,https://www.etoday.co.kr/news/view/2625972
2026-09-16,2026-09-16,False,USA,threat,UNITED STATES,USA,SOUTH KOREA,KOR,040,04,1,1.0,2,-2.0,False,False,False,https://www.etoday.co.kr/news/view/2625972
2026-09-16,2026-09-16,False,USA,threat,A US,USA,SEOUL,KOR,010,01,1,0.0,10,-0.0,True,False,False,https://www.prokerala.com/news/articles/a1812779.html
2026-09-16,2026-09-16,False,USA,threat,UNITED STATES,USA,SOUTH KOREA,KOR,036,03,1,4.0,1,-4.0,False,False,False,https://www.koreatimes.co.kr/foreignaffairs/20260916/korean-us-fms-to-meet-this-week-amid-investment-deals-hormuz-discussions
2026-09-16,2026-09-16,False,USA,threat,WASHINGTON,USA,SEOUL,KOR,100,10,3,-5.0,2,10.0,False,False,False,https://santamariatimes.com/ap/international/tribunal-surcoreano-ordena-a-corea-del-norte-pagar-32-5-millones-por-volar-una-oficina/article_0381b0f7-a841-585d-ba6c-40ae473bd4b8.html
2026-09-16,2026-09-16,False,USA,threat,UNITED STATES,USA,SOUTH KOREA,KOR,040,04,1,1.0,10,-10.0,False,False,False,https://news.az/news/sk-hynix-weighs-first-us-memory-chip-plant-in-int-el-deal
2026-09-16,2026-09-16,False,USA,threat,UNITED STATES,USA,SOUTH KOREA,KOR,190,19,4,-10.0,4,40.0,False,False,False,https://jp.ibtimes.com/south-korean-workers-georgia-ice-raid-104431
2026-09-16,2026-09-16,False,USA,threat,UNITED STATES,USA,SOUTH KOREA,KOR,173,17,4,-5.0,2,10.0,False,False,False,https://jp.ibtimes.com/south-korean-workers-georgia-ice-raid-104431
2026-09-16,2026-09-16,False,USA,threat,UNITED STATES,USA,SOUTH KOREA,KOR,010,01,1,0.0,4,-0.0,False,False,False,https://koreabridge.net/post/busan-tourists-name-trash-bins-and-toilets-top-complaint
2026-09-16,2026-09-16,False,USA,threat,UNITED STATES,USA,SOUTH KOREA,KOR,020,02,1,3.0,2,-6.0,False,False,False,https://www.dw.com/en/us-asia-western-pacific-allies-withdrawal-china-defense-graphics/a-79275554
2026-09-16,2026-09-16,False,USA,threat,WASHINGTON,USA,SEOUL,KOR,042,04,1,1.9,10,-19.0,False,False,False,https://www.sbctv.gr/2026/09/%CE%BD%CE%BF%CF%84%CE%B9%CE%B1-%CE%BA%CE%BF%CF%81%CE%B5%CE%B1-%CF%85%CF%80%CE%B5%CE%BE/
2026-09-16,2026-09-16,False,USA,threat,UNITED STATES,USA,SEOUL,KOR,036,03,1,4.0,2,-8.0,False,False,False,https://www.koreatimes.co.kr/foreignaffairs/20260916/korean-us-fms-to-meet-this-week-amid-investment-deals-hormuz-discussions
2026-09-16,2026-09-16,False,USA,threat,WASHINGTON,USA,SOUTH KOREA,KOR,051,05,1,3.4,1,-3.4,False,False,False,https://bworldonline.com/world/2026/09/16/777667/north-korea-says-us-driven-nuclear-submarine-push-justifies-its-own-weapons-buildup/
2026-09-16,2026-09-16,False,USA,threat,UNITED STATES,USA,SOUTH KOREA,KOR,100,10,3,-5.0,6,30.0,False,False,False,https://santamariatimes.com/ap/international/tribunal-surcoreano-ordena-a-corea-del-norte-pagar-32-5-millones-por-volar-una-oficina/article_0381b0f7-a841-585d-ba6c-40ae473bd4b8.html
2026-09-16,2026-09-16,False,USA,threat,UNITED STATES,USA,SOUTH KOREA,KOR,036,03,1,4.0,1,-4.0,False,False,True,http://www.econotimes.com/South-Koreas-Cho-Hyun-to-Meet-Rubio-in-Washington-1752174
2026-09-16,2026-09-16,False,USA,threat,UNITED STATES,USA,SOUTH KOREA,KOR,190,19,4,-10.0,4,40.0,False,False,False,https://jp.ibtimes.com/south-korean-workers-georgia-ice-raid-104431
2026-09-16,2026-09-16,False,USA,threat,UNITED STATES,USA,SOUTH KOREA,KOR,051,05,1,3.4,1,-3.4,False,False,False,https://www.asiaone.com/asia/north-korea-says-us-driven-nuclear-submarine-push-justifies-its-own-weapons-buildup
2026-09-16,2026-09-16,False,USA,threat,THE US,USA,SOUTH KOREA,KOR,042,04,1,1.9,6,-11.4,False,False,False,https://www.koreaherald.com:443/article/10574715
2026-09-16,2026-09-16,False,USA,threat,THE US,USA,INCHEON,KOR,051,05,1,3.4,10,-34.0,False,False,False,https://www.koreaherald.com:443/article/10574715
2026-09-16,2026-09-16,False,USA,threat,THE US,USA,SOUTH KOREAN,KOR,173,17,4,-5.0,10,50.0,False,False,False,https://www.koreaherald.com:443/article/10574715
2026-09-16,2026-09-16,False,USA,threat,UNITED STATES,USA,SAMSUNG,KOR,043,04,1,2.8,2,-5.6,False,False,False,https://www.koreaherald.com/article/10875594
2026-09-16,2026-09-16,False,USA,threat,THE US,USA,SOUTH KOREA,KOR,040,04,1,1.0,3,-3.0,False,False,False,https://www.koreaherald.com/article/10875775
2026-09-16,2026-09-16,False,USA,threat,UNITED STATES,USA,HYUNDAI,KOR,010,01,1,0.0,4,-0.0,False,False,False,https://www.thewhig.com/news/khsc-gets-100000-from-car-companys-campaign/
2026-09-16,2026-09-16,False,USA,threat,UNITED STATES,USA,SAMSUNG,KOR,043,04,1,2.8,4,-11.2,False,False,False,https://www.koreaherald.com/article/10875594
2026-09-16,2026-09-16,False,USA,threat,UNITED STATES,USA,SOUTH KOREA,KOR,036,03,1,4.0,1,-4.0,False,False,False,http://www.econotimes.com/South-Koreas-Cho-Hyun-to-Meet-Rubio-in-Washington-1752174
2026-09-16,2026-09-16,False,USA,threat,UNITED STATES,USA,SOUTH KOREA,KOR,036,03,1,4.0,4,-16.0,False,False,True,http://www.econotimes.com/South-Koreas-Cho-Hyun-to-Meet-Rubio-in-Washington-1752174
2026-09-16,2026-09-16,False,USA,threat,UNITED STATES,USA,SOUTH KOREA,KOR,036,03,1,4.0,1,-4.0,False,False,False,http://www.econotimes.com/South-Koreas-Cho-Hyun-to-Meet-Rubio-in-Washington-1752174
2026-09-16,2026-09-16,False,USA,threat,UNITED STATES,USA,SOUTH KOREA,KOR,173,17,4,-5.0,2,10.0,False,False,False,https://world.kbs.co.kr/service/news_view.htm?lang=f&Seq_Code=96383
2026-09-16,2026-09-16,False,USA,threat,THE US,USA,SOUTH KOREAN,KOR,040,04,1,1.0,10,-10.0,False,False,False,https://timesofindia.indiatimes.com/technology/tech-news/intel-is-reportedly-helping-sk-hynix-to-build-its-first-ever-memory-chip-factory-in-us-the-whole-deal-may-face-south-korean-blockage/articleshow/134293862.cms
2026-09-16,2026-09-16,False,USA,threat,BOSTON,USA,SAMSUNG,KOR,111,11,3,-2.0,3,6.0,False,False,False,https://www.finanznachrichten.de/nachrichten-2026-09/69599737-wissen-research-llc-diagnostic-imaging-market-to-reach-us-dollar-33-2-bn-by-2031-growing-at-4-6-cagr-new-report-by-wissen-research-008.htm
2026-09-16,2026-09-16,False,USA,threat,BOSTON,USA,SAMSUNG,KOR,111,11,3,-2.0,7,14.0,False,False,False,http://www.prnewswire.com/news-releases/diagnostic-imaging-market-to-reach-us-33-2-bn-by-2031--growing-at-4-6-cagr-new-report-by-wissen-research-302881089.html
2026-09-16,2026-09-16,False,USA,threat,UNITED STATES,USA,SOUTH KOREA,KOR,020,02,1,3.0,8,-24.0,False,False,False,http://www.koreatimes.com/article/20260916/1629951
2026-09-16,2026-09-16,False,USA,threat,UNITED STATES,USA,SOUTH KOREA,KOR,020,02,1,3.0,2,-6.0,False,False,False,http://www.koreatimes.com/article/20260916/1629951
2026-09-16,2026-09-16,False,USA,threat,LOS ANGELES,USA,SEOUL,KOR,060,06,2,6.0,3,-18.0,False,False,False,"http://www.editorandpublisher.com/stories/the-new-york-times-express-desk-adds-a-hawaii-reporter,263566"
2026-09-16,2026-09-16,False,USA,threat,LOS ANGELES,USA,SEOUL,KOR,060,06,2,6.0,4,-24.0,False,False,False,"http://www.editorandpublisher.com/stories/the-new-york-times-express-desk-adds-a-hawaii-reporter,263566"
2026-09-16,2026-09-16,False,USA,threat,UNITED STATES,USA,SEOUL,KOR,040,04,1,1.0,4,-4.0,False,False,False,https://operamundi.uol.com.br/asia/coreia-do-norte-adverte-eua-e-seul-sobre-uso-de-armas-nucleares/
2026-09-16,2026-09-16,False,USA,threat,WASHINGTON,USA,SEOUL,KOR,040,04,1,1.0,6,-6.0,False,False,False,https://operamundi.uol.com.br/asia/coreia-do-norte-adverte-eua-e-seul-sobre-uso-de-armas-nucleares/
2026-09-16,2026-09-16,False,USA,threat,WASHINGTON,USA,SEOUL,KOR,040,04,1,1.0,4,-4.0,False,False,False,https://operamundi.uol.com.br/asia/coreia-do-norte-adverte-eua-e-seul-sobre-uso-de-armas-nucleares/
2026-09-16,2026-09-16,False,USA,threat,THE US,USA,SOUTH KOREA,KOR,020,02,1,3.0,2,-6.0,False,False,False,https://www.interest.co.nz/bonds/140284/us-government-financing-challenges-grow-watch-coercive-us-attempts-transfer-costs-and
2026-09-16,2026-09-16,False,USA,threat,THE US,USA,SOUTH KOREA,KOR,050,05,1,3.5,2,-7.0,False,False,False,https://www.interest.co.nz/bonds/140284/us-government-financing-challenges-grow-watch-coercive-us-attempts-transfer-costs-and
2026-09-16,2026-09-16,False,USA,threat,THE US,USA,SOUTH KOREA,KOR,020,02,1,3.0,8,-24.0,False,False,False,https://www.interest.co.nz/bonds/140284/us-government-financing-challenges-grow-watch-coercive-us-attempts-transfer-costs-and
2026-09-16,2026-09-16,False,USA,threat,THE US,USA,SOUTH KOREA,KOR,050,05,1,3.5,8,-28.0,False,False,False,https://www.interest.co.nz/bonds/140284/us-government-financing-challenges-grow-watch-coercive-us-attempts-transfer-costs-and
